{
  "hatexplain": {
    "LLM": {
      "auc_mean": 0.8852902731183084,
      "auc_std": 0.003975948064280594,
      "f1_mean": 0.7914979288638013,
      "f1_std": 0.005165865331723981,
      "cfr_mean": 0.10328282828282828,
      "cfr_std": 0.0026605186244577656,
      "ctfg_mean": 0.1017808069785436,
      "ctfg_std": 0.0006834787781782085
    },
    "Baseline": {
      "auc_mean": 0.868026291358826,
      "auc_std": 0.02904927217229697,
      "f1_mean": 0.7811123582571194,
      "f1_std": 0.033559517299323494,
      "cfr_mean": 0.15570492435193217,
      "cfr_std": 0.023598810472491554,
      "ctfg_mean": 0.14264043420553207,
      "ctfg_std": 0.021115763524017242
    },
    "Swap+CLP": {
      "auc_mean": 0.8876934768424998,
      "auc_std": 0.001040279218824412,
      "f1_mean": 0.7994815813964157,
      "f1_std": 0.004137370015607354,
      "cfr_mean": 0.12436868686868686,
      "cfr_std": 0.003978775569845644,
      "ctfg_mean": 0.10770036776860555,
      "ctfg_std": 0.003379361724765448
    },
    "CCDF": {
      "auc_mean": 0.8789747948216065,
      "auc_std": 0.003029513322795754,
      "f1_mean": 0.7975613162830552,
      "f1_std": 0.003419202437375191,
      "cfr_mean": 0.16035353535353536,
      "cfr_std": 0.008421821285682978,
      "ctfg_mean": 0.15170440077781677,
      "ctfg_std": 0.0017947634418175585
    },
    "EAR": {
      "auc_mean": 0.8839174404247345,
      "auc_std": 0.003188612892114128,
      "f1_mean": 0.7950267316782692,
      "f1_std": 0.004198807751378637,
      "cfr_mean": 0.15858585858585858,
      "cfr_std": 0.006064550484102436,
      "ctfg_mean": 0.14376239478588104,
      "ctfg_std": 0.011796540528751136
    },
    "GetFair": {
      "auc_mean": 0.8825309839156861,
      "auc_std": 0.0016783637139101187,
      "f1_mean": 0.7985053421799652,
      "f1_std": 0.00864909785852145,
      "cfr_mean": 0.15618686868686868,
      "cfr_std": 0.009966752965588844,
      "ctfg_mean": 0.14304991563161215,
      "ctfg_std": 0.01591485787972391
    },
    "Ours": {
      "auc_mean": 0.868053907011674,
      "auc_std": 0.003605322434666914,
      "f1_mean": 0.7810079513178262,
      "f1_std": 0.0003949809576909618,
      "cfr_mean": 0.052272727272727276,
      "cfr_std": 0.0038442771079894777,
      "ctfg_mean": 0.041621021926403046,
      "ctfg_std": 0.0010226484528430676
    },
    "Swap": {
      "auc_mean": 0.8862254640682131,
      "auc_std": 0.001915361881310642,
      "f1_mean": 0.8038549436873381,
      "f1_std": 0.004960282833741859,
      "cfr_mean": 0.1534090909090909,
      "cfr_std": 0.015530303030303033,
      "ctfg_mean": 0.13841491440931955,
      "ctfg_std": 0.010314400515422248
    }
  },
  "toxigen": {
    "LLM": {
      "auc_mean": 0.9276613245232428,
      "auc_std": 0.0022173431292411548,
      "f1_mean": 0.8485549663656318,
      "f1_std": 0.0026336525742447344,
      "cfr_mean": 0.028846153846153844,
      "cfr_std": 0.007704169392017071,
      "ctfg_mean": 0.033422175173958145,
      "ctfg_std": 0.004196737233080353
    },
    "Baseline": {
      "auc_mean": 0.9317628389285617,
      "auc_std": 0.0030625149710752763,
      "f1_mean": 0.8494638546320513,
      "f1_std": 0.004331606689307235,
      "cfr_mean": 0.04237891737891738,
      "cfr_std": 0.008701418606033202,
      "ctfg_mean": 0.042872978995243706,
      "ctfg_std": 0.005815079215979584
    },
    "Swap+CLP": {
      "auc_mean": 0.9375521560097403,
      "auc_std": 0.0005929112888695218,
      "f1_mean": 0.8595284904152465,
      "f1_std": 0.0062468599067059755,
      "cfr_mean": 0.02564102564102564,
      "cfr_std": 0.005341880341880342,
      "ctfg_mean": 0.024756002550323803,
      "ctfg_std": 0.0006950074333917481
    },
    "CCDF": {
      "auc_mean": 0.9330103080795644,
      "auc_std": 0.0025724076386417485,
      "f1_mean": 0.850146035941299,
      "f1_std": 0.010166269059818777,
      "cfr_mean": 0.027421652421652423,
      "cfr_std": 0.004448004272363532,
      "ctfg_mean": 0.034513216465711594,
      "ctfg_std": 0.0041309984987078305
    },
    "EAR": {
      "auc_mean": 0.9291926591698815,
      "auc_std": 0.0022196267595286172,
      "f1_mean": 0.8505098864754009,
      "f1_std": 0.0034533285503813064,
      "cfr_mean": 0.03952991452991453,
      "cfr_std": 0.004273504273504272,
      "ctfg_mean": 0.036942572643359504,
      "ctfg_std": 0.0032958746146956644
    },
    "GetFair": {
      "auc_mean": 0.9306461873101863,
      "auc_std": 0.0021433088966583014,
      "f1_mean": 0.8565213606925715,
      "f1_std": 0.006659966035372058,
      "cfr_mean": 0.03133903133903134,
      "cfr_std": 0.005048948318645949,
      "ctfg_mean": 0.037961156417926155,
      "ctfg_std": 0.0017376242177480688
    },
    "Ours": {
      "auc_mean": 0.9272295411639169,
      "auc_std": 0.0020737550045791878,
      "f1_mean": 0.8508184463907102,
      "f1_std": 0.0036694020566001924,
      "cfr_mean": 0.01673789173789174,
      "cfr_std": 0.0016319714013375503,
      "ctfg_mean": 0.016332098593314488,
      "ctfg_std": 0.0006247406320487551
    },
    "Swap": {
      "auc_mean": 0.9215368409532408,
      "auc_std": 0.004144218839203121,
      "f1_mean": 0.8381310053441268,
      "f1_std": 0.005686212411619324,
      "cfr_mean": 0.0316951566951567,
      "cfr_std": 0.006527885605350199,
      "ctfg_mean": 0.03162474992374579,
      "ctfg_std": 0.0013737990944332136
    }
  }
}