{
  "task": {
    "accuracy": 0.8035343035343036,
    "macro_f1": 0.7959045763138043,
    "binary_f1": 0.8353658536585364,
    "auc_roc": 0.8777126323003122,
    "precision": 0.8310225303292894,
    "recall": 0.839754816112084
  },
  "causal": {
    "cfr": 0.1553030303030303,
    "ctfg": 0.15371690690517426,
    "n_pairs": 2640,
    "mean_prob_orig": 0.6150386333465576,
    "mean_prob_cf": 0.5225633978843689,
    "per_group": {
      "men": {
        "cfr": 0.12572759022118743,
        "ctfg": 0.11811721324920654,
        "count": 859
      },
      "disabled": {
        "cfr": 0.4444444444444444,
        "ctfg": 0.4384367763996124,
        "count": 90
      },
      "women": {
        "cfr": 0.10052910052910052,
        "ctfg": 0.11265073716640472,
        "count": 378
      },
      "muslim": {
        "cfr": 0.15901060070671377,
        "ctfg": 0.16413427889347076,
        "count": 283
      },
      "black": {
        "cfr": 0.27635327635327633,
        "ctfg": 0.27588513493537903,
        "count": 351
      },
      "white": {
        "cfr": 0.10115606936416185,
        "ctfg": 0.09628074616193771,
        "count": 346
      },
      "jewish": {
        "cfr": 0.15126050420168066,
        "ctfg": 0.11057277768850327,
        "count": 119
      },
      "gay": {
        "cfr": 0.17777777777777778,
        "ctfg": 0.19388854503631592,
        "count": 135
      },
      "asian": {
        "cfr": 0.06666666666666667,
        "ctfg": 0.06719508767127991,
        "count": 45
      },
      "christian": {
        "cfr": 0.058823529411764705,
        "ctfg": 0.0986151397228241,
        "count": 34
      }
    }
  },
  "group_fairness": {
    "fped": 0.8413211638757001,
    "fned": 0.4145309946153084,
    "per_group": {
      "disability": {
        "fpr": 0.6666666666666666,
        "fnr": 0.0,
        "fpr_gap": 0.4173060528559249,
        "fnr_gap": 0.16024518388791595,
        "count": 9
      },
      "gender": {
        "fpr": 0.2627118644067797,
        "fnr": 0.17073170731707318,
        "fpr_gap": 0.013351250596038006,
        "fnr_gap": 0.010486523429157235,
        "count": 405
      },
      "none": {
        "fpr": 0.19325842696629214,
        "fnr": 0.2966101694915254,
        "fpr_gap": 0.056102186844449536,
        "fnr_gap": 0.13636498560360946,
        "count": 563
      },
      "race": {
        "fpr": 0.3709677419354839,
        "fnr": 0.13537117903930132,
        "fpr_gap": 0.1216071281247422,
        "fnr_gap": 0.024874004848614628,
        "count": 582
      },
      "religion": {
        "fpr": 0.4375,
        "fnr": 0.11224489795918367,
        "fpr_gap": 0.18813938618925832,
        "fnr_gap": 0.048000285928732275,
        "count": 244
      },
      "sexual_orientation": {
        "fpr": 0.20454545454545456,
        "fnr": 0.19480519480519481,
        "fpr_gap": 0.04481515926528712,
        "fnr_gap": 0.034560010917278866,
        "count": 121
      }
    }
  },
  "per_group_f1": {
    "disability": 0.6785714285714286,
    "gender": 0.7705772389962047,
    "none": 0.7170889519213599,
    "race": 0.7354545454545455,
    "religion": 0.7233633031877027,
    "sexual_orientation": 0.7912593444508338
  }
}