{
  "task": {
    "accuracy": 0.8014553014553014,
    "macro_f1": 0.7952860827470183,
    "binary_f1": 0.8308237378210805,
    "auc_roc": 0.8767804273921554,
    "precision": 0.8405017921146953,
    "recall": 0.8213660245183888
  },
  "causal": {
    "cfr": 0.15568181818181817,
    "ctfg": 0.15112656354904175,
    "n_pairs": 2640,
    "mean_prob_orig": 0.6023827791213989,
    "mean_prob_cf": 0.5128923058509827,
    "per_group": {
      "men": {
        "cfr": 0.13271245634458673,
        "ctfg": 0.12476317584514618,
        "count": 859
      },
      "disabled": {
        "cfr": 0.4666666666666667,
        "ctfg": 0.4559140205383301,
        "count": 90
      },
      "women": {
        "cfr": 0.12962962962962962,
        "ctfg": 0.11706221848726273,
        "count": 378
      },
      "muslim": {
        "cfr": 0.12014134275618374,
        "ctfg": 0.13313904404640198,
        "count": 283
      },
      "black": {
        "cfr": 0.2706552706552707,
        "ctfg": 0.26932767033576965,
        "count": 351
      },
      "white": {
        "cfr": 0.0953757225433526,
        "ctfg": 0.08726407587528229,
        "count": 346
      },
      "jewish": {
        "cfr": 0.07563025210084033,
        "ctfg": 0.07884982973337173,
        "count": 119
      },
      "gay": {
        "cfr": 0.1925925925925926,
        "ctfg": 0.19214531779289246,
        "count": 135
      },
      "asian": {
        "cfr": 0.08888888888888889,
        "ctfg": 0.08984706550836563,
        "count": 45
      },
      "christian": {
        "cfr": 0.14705882352941177,
        "ctfg": 0.13968126475811005,
        "count": 34
      }
    }
  },
  "group_fairness": {
    "fped": 0.9858289959431078,
    "fned": 0.3096809580197616,
    "per_group": {
      "disability": {
        "fpr": 0.6666666666666666,
        "fnr": 0.16666666666666666,
        "fpr_gap": 0.4390451832907075,
        "fnr_gap": 0.011967308814944538,
        "count": 9
      },
      "gender": {
        "fpr": 0.23728813559322035,
        "fnr": 0.1951219512195122,
        "fpr_gap": 0.009666652217261262,
        "fnr_gap": 0.016487975737901006,
        "count": 405
      },
      "none": {
        "fpr": 0.14382022471910114,
        "fnr": 0.3220338983050847,
        "fpr_gap": 0.08380125865685795,
        "fnr_gap": 0.14339992282347352,
        "count": 563
      },
      "race": {
        "fpr": 0.4032258064516129,
        "fnr": 0.14192139737991266,
        "fpr_gap": 0.1756043230756538,
        "fnr_gap": 0.036712578101698534,
        "count": 582
      },
      "religion": {
        "fpr": 0.4375,
        "fnr": 0.1326530612244898,
        "fpr_gap": 0.20987851662404092,
        "fnr_gap": 0.04598091425712139,
        "count": 244
      },
      "sexual_orientation": {
        "fpr": 0.29545454545454547,
        "fnr": 0.23376623376623376,
        "fpr_gap": 0.06783306207858639,
        "fnr_gap": 0.055132258284622565,
        "count": 121
      }
    }
  },
  "per_group_f1": {
    "disability": 0.5846153846153845,
    "gender": 0.763986013986014,
    "none": 0.7463157336726038,
    "race": 0.717550841270578,
    "religion": 0.7066032184613811,
    "sexual_orientation": 0.7293064876957495
  }
}