{
  "task": {
    "accuracy": 0.8526785714285714,
    "macro_f1": 0.8473105841526893,
    "binary_f1": 0.8186813186813187,
    "auc_roc": 0.9319210169908889,
    "precision": 0.8370786516853933,
    "recall": 0.8010752688172043
  },
  "causal": {
    "cfr": 0.028846153846153848,
    "ctfg": 0.03370355814695358,
    "n_pairs": 936,
    "mean_prob_orig": 0.4550713002681732,
    "mean_prob_cf": 0.45877906680107117,
    "per_group": {
      "asian": {
        "cfr": 0.029411764705882353,
        "ctfg": 0.03772349655628204,
        "count": 68
      },
      "muslim": {
        "cfr": 0.0,
        "ctfg": 0.021046681329607964,
        "count": 94
      },
      "disabled": {
        "cfr": 0.023255813953488372,
        "ctfg": 0.03525716811418533,
        "count": 43
      },
      "white": {
        "cfr": 0.06557377049180328,
        "ctfg": 0.08226317912340164,
        "count": 61
      },
      "men": {
        "cfr": 0.026246719160104987,
        "ctfg": 0.030988087877631187,
        "count": 381
      },
      "women": {
        "cfr": 0.03867403314917127,
        "ctfg": 0.032634999603033066,
        "count": 181
      },
      "jewish": {
        "cfr": 0.06976744186046512,
        "ctfg": 0.027195652946829796,
        "count": 43
      },
      "black": {
        "cfr": 0.0,
        "ctfg": 0.01296251080930233,
        "count": 33
      },
      "gay": {
        "cfr": 0.0,
        "ctfg": 0.033546168357133865,
        "count": 21
      },
      "christian": {
        "cfr": 0.0,
        "ctfg": 0.04125386103987694,
        "count": 11
      }
    }
  },
  "group_fairness": {
    "fped": 0.5929461527287657,
    "fned": 0.9544350999801501,
    "per_group": {
      "asian": {
        "fpr": 0.1282051282051282,
        "fnr": 0.3548387096774194,
        "fpr_gap": 0.01751810530436483,
        "fnr_gap": 0.15591397849462368,
        "count": 70
      },
      "black": {
        "fpr": 0.15384615384615385,
        "fnr": 0.125,
        "fpr_gap": 0.04315913094539049,
        "fnr_gap": 0.07392473118279569,
        "count": 71
      },
      "chinese": {
        "fpr": 0.06666666666666667,
        "fnr": 0.16,
        "fpr_gap": 0.0440203562340967,
        "fnr_gap": 0.038924731182795685,
        "count": 70
      },
      "jewish": {
        "fpr": 0.11904761904761904,
        "fnr": 0.1111111111111111,
        "fpr_gap": 0.008360596146855678,
        "fnr_gap": 0.08781362007168458,
        "count": 69
      },
      "latino": {
        "fpr": 0.21739130434782608,
        "fnr": 0.21212121212121213,
        "fpr_gap": 0.10670428144706272,
        "fnr_gap": 0.013196480938416438,
        "count": 56
      },
      "lgbtq": {
        "fpr": 0.09523809523809523,
        "fnr": 0.23333333333333334,
        "fpr_gap": 0.01544892766266813,
        "fnr_gap": 0.03440860215053765,
        "count": 72
      },
      "mental_dis": {
        "fpr": 0.09523809523809523,
        "fnr": 0.13793103448275862,
        "fpr_gap": 0.01544892766266813,
        "fnr_gap": 0.06099369670003707,
        "count": 71
      },
      "mexican": {
        "fpr": 0.045454545454545456,
        "fnr": 0.36,
        "fpr_gap": 0.0652324774462179,
        "fnr_gap": 0.1610752688172043,
        "count": 69
      },
      "middle_east": {
        "fpr": 0.05128205128205128,
        "fnr": 0.16666666666666666,
        "fpr_gap": 0.05940497161871208,
        "fnr_gap": 0.03225806451612903,
        "count": 69
      },
      "muslim": {
        "fpr": 0.1282051282051282,
        "fnr": 0.13333333333333333,
        "fpr_gap": 0.01751810530436483,
        "fnr_gap": 0.06559139784946236,
        "count": 69
      },
      "native_american": {
        "fpr": 0.07142857142857142,
        "fnr": 0.25,
        "fpr_gap": 0.03925845147219194,
        "fnr_gap": 0.05107526881720431,
        "count": 70
      },
      "physical_dis": {
        "fpr": 0.07317073170731707,
        "fnr": 0.25925925925925924,
        "fpr_gap": 0.037516291193446294,
        "fnr_gap": 0.060334528076463556,
        "count": 68
      },
      "women": {
        "fpr": 0.23404255319148937,
        "fnr": 0.08,
        "fpr_gap": 0.123355530290726,
        "fnr_gap": 0.11892473118279569,
        "count": 72
      }
    }
  },
  "per_group_f1": {
    "asian": 0.7619047619047619,
    "black": 0.8584529505582137,
    "chinese": 0.8901098901098902,
    "jewish": 0.8797909407665505,
    "latino": 0.78125,
    "lgbtq": 0.8402903811252269,
    "mental_dis": 0.8834154351395731,
    "mexican": 0.8141982864137087,
    "middle_east": 0.8953866146848602,
    "muslim": 0.8677879497551628,
    "native_american": 0.8470279720279721,
    "physical_dis": 0.8418604651162791,
    "women": 0.813359920239282
  }
}