{
  "task": {
    "accuracy": 0.8076923076923077,
    "macro_f1": 0.8014932897883429,
    "binary_f1": 0.8365724381625442,
    "auc_roc": 0.8824313247723516,
    "precision": 0.8440285204991087,
    "recall": 0.829246935201401
  },
  "causal": {
    "cfr": 0.17007575757575757,
    "ctfg": 0.15026973187923431,
    "n_pairs": 2640,
    "mean_prob_orig": 0.5925559401512146,
    "mean_prob_cf": 0.49787476658821106,
    "per_group": {
      "men": {
        "cfr": 0.1350407450523865,
        "ctfg": 0.11504099518060684,
        "count": 859
      },
      "disabled": {
        "cfr": 0.5333333333333333,
        "ctfg": 0.42886754870414734,
        "count": 90
      },
      "women": {
        "cfr": 0.1164021164021164,
        "ctfg": 0.09530153125524521,
        "count": 378
      },
      "muslim": {
        "cfr": 0.13780918727915195,
        "ctfg": 0.14142028987407684,
        "count": 283
      },
      "black": {
        "cfr": 0.33048433048433046,
        "ctfg": 0.29927340149879456,
        "count": 351
      },
      "white": {
        "cfr": 0.10115606936416185,
        "ctfg": 0.09387023001909256,
        "count": 346
      },
      "jewish": {
        "cfr": 0.14285714285714285,
        "ctfg": 0.11773507297039032,
        "count": 119
      },
      "gay": {
        "cfr": 0.2,
        "ctfg": 0.18130171298980713,
        "count": 135
      },
      "asian": {
        "cfr": 0.08888888888888889,
        "ctfg": 0.08504278212785721,
        "count": 45
      },
      "christian": {
        "cfr": 0.08823529411764706,
        "ctfg": 0.10031543672084808,
        "count": 34
      }
    }
  },
  "group_fairness": {
    "fped": 1.2836140432364729,
    "fned": 0.4439823338024623,
    "per_group": {
      "disability": {
        "fpr": 1.0,
        "fnr": 0.0,
        "fpr_gap": 0.7762148337595908,
        "fnr_gap": 0.17075306479859895,
        "count": 9
      },
      "gender": {
        "fpr": 0.211864406779661,
        "fnr": 0.1986062717770035,
        "fpr_gap": 0.011920759460748193,
        "fnr_gap": 0.027853206978404543,
        "count": 405
      },
      "none": {
        "fpr": 0.15280898876404495,
        "fnr": 0.2542372881355932,
        "fpr_gap": 0.07097617747636426,
        "fnr_gap": 0.08348422333699426,
        "count": 563
      },
      "race": {
        "fpr": 0.3629032258064516,
        "fnr": 0.14847161572052403,
        "fpr_gap": 0.13911805956604242,
        "fnr_gap": 0.022281449078074916,
        "count": 582
      },
      "religion": {
        "fpr": 0.4375,
        "fnr": 0.10714285714285714,
        "fpr_gap": 0.2137148337595908,
        "fnr_gap": 0.06361020765574181,
        "count": 244
      },
      "sexual_orientation": {
        "fpr": 0.29545454545454547,
        "fnr": 0.24675324675324675,
        "fpr_gap": 0.07166937921413627,
        "fnr_gap": 0.0760001819546478,
        "count": 121
      }
    }
  },
  "per_group_f1": {
    "disability": 0.4,
    "gender": 0.7713691689155697,
    "none": 0.7636561461224769,
    "race": 0.7282430383094425,
    "religion": 0.7276785714285714,
    "sexual_orientation": 0.721679125934445
  }
}