{
  "task": {
    "accuracy": 0.918991899189919,
    "macro_f1": 0.9019659748694057,
    "binary_f1": 0.9428208386277002,
    "auc_roc": 0.969010742791617,
    "precision": 0.9160493827160494,
    "recall": 0.9712041884816754
  },
  "causal": {
    "cfr": 0.04013015184381779,
    "ctfg": 0.04755127802491188,
    "n_pairs": 922,
    "mean_prob_orig": 0.7504804730415344,
    "mean_prob_cf": 0.7507563829421997,
    "per_group": {
      "black": {
        "cfr": 0.05128205128205128,
        "ctfg": 0.06520848721265793,
        "count": 117
      },
      "asian": {
        "cfr": 0.030303030303030304,
        "ctfg": 0.022416768595576286,
        "count": 33
      },
      "jewish": {
        "cfr": 0.0,
        "ctfg": 0.010679308325052261,
        "count": 39
      },
      "men": {
        "cfr": 0.027950310559006212,
        "ctfg": 0.038737326860427856,
        "count": 322
      },
      "women": {
        "cfr": 0.0625,
        "ctfg": 0.05588911101222038,
        "count": 144
      },
      "gay": {
        "cfr": 0.0641025641025641,
        "ctfg": 0.09697127342224121,
        "count": 78
      },
      "christian": {
        "cfr": 0.1,
        "ctfg": 0.04693247005343437,
        "count": 20
      },
      "muslim": {
        "cfr": 0.028985507246376812,
        "ctfg": 0.027486320585012436,
        "count": 138
      },
      "disabled": {
        "cfr": 0.0,
        "ctfg": 0.041711509227752686,
        "count": 24
      },
      "white": {
        "cfr": 0.14285714285714285,
        "ctfg": 0.1769409477710724,
        "count": 7
      }
    }
  }
}