{
  "task": {
    "accuracy": 0.8660714285714286,
    "macro_f1": 0.8614290133003402,
    "binary_f1": 0.8360655737704918,
    "auc_roc": 0.9359481449560864,
    "precision": 0.85,
    "recall": 0.8225806451612904
  },
  "causal": {
    "cfr": 0.030982905982905984,
    "ctfg": 0.038989100605249405,
    "n_pairs": 936,
    "mean_prob_orig": 0.47836610674858093,
    "mean_prob_cf": 0.47589433193206787,
    "per_group": {
      "asian": {
        "cfr": 0.058823529411764705,
        "ctfg": 0.05301641300320625,
        "count": 68
      },
      "muslim": {
        "cfr": 0.0,
        "ctfg": 0.03317040577530861,
        "count": 94
      },
      "disabled": {
        "cfr": 0.13953488372093023,
        "ctfg": 0.13761006295681,
        "count": 43
      },
      "white": {
        "cfr": 0.01639344262295082,
        "ctfg": 0.05593179166316986,
        "count": 61
      },
      "men": {
        "cfr": 0.02099737532808399,
        "ctfg": 0.02742973528802395,
        "count": 381
      },
      "women": {
        "cfr": 0.03867403314917127,
        "ctfg": 0.029309477657079697,
        "count": 181
      },
      "jewish": {
        "cfr": 0.0,
        "ctfg": 0.028528083115816116,
        "count": 43
      },
      "black": {
        "cfr": 0.030303030303030304,
        "ctfg": 0.05149928107857704,
        "count": 33
      },
      "gay": {
        "cfr": 0.047619047619047616,
        "ctfg": 0.054075803607702255,
        "count": 21
      },
      "christian": {
        "cfr": 0.09090909090909091,
        "ctfg": 0.056733809411525726,
        "count": 11
      }
    }
  },
  "group_fairness": {
    "fped": 0.5429385040356336,
    "fned": 0.9917470423018253,
    "per_group": {
      "asian": {
        "fpr": 0.10256410256410256,
        "fnr": 0.2903225806451613,
        "fpr_gap": 0.0004893325504012613,
        "fnr_gap": 0.11290322580645162,
        "count": 70
      },
      "black": {
        "fpr": 0.1794871794871795,
        "fnr": 0.15625,
        "fpr_gap": 0.07643374437267567,
        "fnr_gap": 0.021169354838709686,
        "count": 71
      },
      "chinese": {
        "fpr": 0.08888888888888889,
        "fnr": 0.16,
        "fpr_gap": 0.01416454622561493,
        "fnr_gap": 0.017419354838709683,
        "count": 70
      },
      "jewish": {
        "fpr": 0.19047619047619047,
        "fnr": 0.037037037037037035,
        "fpr_gap": 0.08742275536168664,
        "fnr_gap": 0.14038231780167265,
        "count": 69
      },
      "latino": {
        "fpr": 0.13043478260869565,
        "fnr": 0.24242424242424243,
        "fpr_gap": 0.027381347494191827,
        "fnr_gap": 0.06500488758553274,
        "count": 56
      },
      "lgbtq": {
        "fpr": 0.07142857142857142,
        "fnr": 0.2,
        "fpr_gap": 0.0316248636859324,
        "fnr_gap": 0.022580645161290325,
        "count": 72
      },
      "mental_dis": {
        "fpr": 0.14285714285714285,
        "fnr": 0.06896551724137931,
        "fpr_gap": 0.03980370774263903,
        "fnr_gap": 0.10845383759733038,
        "count": 71
      },
      "mexican": {
        "fpr": 0.022727272727272728,
        "fnr": 0.28,
        "fpr_gap": 0.08032616238723109,
        "fnr_gap": 0.10258064516129034,
        "count": 69
      },
      "middle_east": {
        "fpr": 0.05128205128205128,
        "fnr": 0.16666666666666666,
        "fpr_gap": 0.05177138383245254,
        "fnr_gap": 0.010752688172043029,
        "count": 69
      },
      "muslim": {
        "fpr": 0.07692307692307693,
        "fnr": 0.13333333333333333,
        "fpr_gap": 0.026130358191426895,
        "fnr_gap": 0.044086021505376355,
        "count": 69
      },
      "native_american": {
        "fpr": 0.07142857142857142,
        "fnr": 0.35714285714285715,
        "fpr_gap": 0.0316248636859324,
        "fnr_gap": 0.17972350230414746,
        "count": 70
      },
      "physical_dis": {
        "fpr": 0.07317073170731707,
        "fnr": 0.14814814814814814,
        "fpr_gap": 0.029882703407186753,
        "fnr_gap": 0.029271206690561546,
        "count": 68
      },
      "women": {
        "fpr": 0.14893617021276595,
        "fnr": 0.04,
        "fpr_gap": 0.04588273509826213,
        "fnr_gap": 0.13741935483870968,
        "count": 72
      }
    }
  },
  "per_group_f1": {
    "asian": 0.8076516592686536,
    "black": 0.8301435406698565,
    "chinese": 0.8755555555555554,
    "jewish": 0.8677879497551628,
    "latino": 0.8019929283188685,
    "lgbtq": 0.8693284936479129,
    "mental_dis": 0.885483870967742,
    "mexican": 0.8665377176015474,
    "middle_east": 0.8953866146848602,
    "muslim": 0.8963741686333405,
    "native_american": 0.7959183673469388,
    "physical_dis": 0.8917935894521483,
    "women": 0.8831168831168832
  }
}