{
  "task": {
    "accuracy": 0.9450945094509451,
    "macro_f1": 0.935734368851021,
    "binary_f1": 0.9602605863192182,
    "auc_roc": 0.9698500233866952,
    "precision": 0.9559014267185474,
    "recall": 0.9646596858638743
  },
  "causal": {
    "cfr": 0.0509761388286334,
    "ctfg": 0.06151047348976135,
    "n_pairs": 922,
    "mean_prob_orig": 0.7213966250419617,
    "mean_prob_cf": 0.7075070738792419,
    "per_group": {
      "black": {
        "cfr": 0.1623931623931624,
        "ctfg": 0.15022793412208557,
        "count": 117
      },
      "asian": {
        "cfr": 0.0,
        "ctfg": 0.03761373087763786,
        "count": 33
      },
      "jewish": {
        "cfr": 0.02564102564102564,
        "ctfg": 0.02075084112584591,
        "count": 39
      },
      "men": {
        "cfr": 0.034161490683229816,
        "ctfg": 0.03705209121108055,
        "count": 322
      },
      "women": {
        "cfr": 0.04861111111111111,
        "ctfg": 0.08445346355438232,
        "count": 144
      },
      "gay": {
        "cfr": 0.038461538461538464,
        "ctfg": 0.08724313229322433,
        "count": 78
      },
      "christian": {
        "cfr": 0.05,
        "ctfg": 0.028872352093458176,
        "count": 20
      },
      "muslim": {
        "cfr": 0.028985507246376812,
        "ctfg": 0.025235187262296677,
        "count": 138
      },
      "disabled": {
        "cfr": 0.041666666666666664,
        "ctfg": 0.07912395149469376,
        "count": 24
      },
      "white": {
        "cfr": 0.0,
        "ctfg": 0.03279123455286026,
        "count": 7
      }
    }
  }
}