{
  "task": {
    "accuracy": 0.84375,
    "macro_f1": 0.8416985103708676,
    "binary_f1": 0.8236775818639798,
    "auc_roc": 0.931161762291718,
    "precision": 0.7748815165876777,
    "recall": 0.8790322580645161
  },
  "causal": {
    "cfr": 0.022435897435897436,
    "ctfg": 0.030846990644931793,
    "n_pairs": 936,
    "mean_prob_orig": 0.5401553511619568,
    "mean_prob_cf": 0.5504890084266663,
    "per_group": {
      "asian": {
        "cfr": 0.058823529411764705,
        "ctfg": 0.03120502270758152,
        "count": 68
      },
      "muslim": {
        "cfr": 0.02127659574468085,
        "ctfg": 0.039450716227293015,
        "count": 94
      },
      "disabled": {
        "cfr": 0.023255813953488372,
        "ctfg": 0.03716513514518738,
        "count": 43
      },
      "white": {
        "cfr": 0.01639344262295082,
        "ctfg": 0.045780081301927567,
        "count": 61
      },
      "men": {
        "cfr": 0.01837270341207349,
        "ctfg": 0.026668045669794083,
        "count": 381
      },
      "women": {
        "cfr": 0.022099447513812154,
        "ctfg": 0.02771216630935669,
        "count": 181
      },
      "jewish": {
        "cfr": 0.0,
        "ctfg": 0.0313333123922348,
        "count": 43
      },
      "black": {
        "cfr": 0.030303030303030304,
        "ctfg": 0.029269030317664146,
        "count": 33
      },
      "gay": {
        "cfr": 0.047619047619047616,
        "ctfg": 0.03318110480904579,
        "count": 21
      },
      "christian": {
        "cfr": 0.0,
        "ctfg": 0.04230434074997902,
        "count": 11
      }
    }
  },
  "group_fairness": {
    "fped": 0.822653445488958,
    "fned": 0.8622288125708594,
    "per_group": {
      "asian": {
        "fpr": 0.1282051282051282,
        "fnr": 0.2903225806451613,
        "fpr_gap": 0.053092581718535925,
        "fnr_gap": 0.16935483870967744,
        "count": 70
      },
      "black": {
        "fpr": 0.23076923076923078,
        "fnr": 0.0625,
        "fpr_gap": 0.04947152084556666,
        "fnr_gap": 0.058467741935483875,
        "count": 71
      },
      "chinese": {
        "fpr": 0.2222222222222222,
        "fnr": 0.16,
        "fpr_gap": 0.04092451229855809,
        "fnr_gap": 0.03903225806451613,
        "count": 70
      },
      "jewish": {
        "fpr": 0.16666666666666666,
        "fnr": 0.037037037037037035,
        "fpr_gap": 0.014631043256997461,
        "fnr_gap": 0.08393070489844684,
        "count": 69
      },
      "latino": {
        "fpr": 0.391304347826087,
        "fnr": 0.21212121212121213,
        "fpr_gap": 0.21000663790242285,
        "fnr_gap": 0.09115347018572825,
        "count": 56
      },
      "lgbtq": {
        "fpr": 0.19047619047619047,
        "fnr": 0.1,
        "fpr_gap": 0.009178480552526347,
        "fnr_gap": 0.02096774193548387,
        "count": 72
      },
      "mental_dis": {
        "fpr": 0.16666666666666666,
        "fnr": 0.13793103448275862,
        "fpr_gap": 0.014631043256997461,
        "fnr_gap": 0.016963292547274744,
        "count": 71
      },
      "mexican": {
        "fpr": 0.045454545454545456,
        "fnr": 0.16,
        "fpr_gap": 0.13584316446911865,
        "fnr_gap": 0.03903225806451613,
        "count": 69
      },
      "middle_east": {
        "fpr": 0.10256410256410256,
        "fnr": 0.06666666666666667,
        "fpr_gap": 0.07873360735956156,
        "fnr_gap": 0.05430107526881721,
        "count": 69
      },
      "muslim": {
        "fpr": 0.1282051282051282,
        "fnr": 0.06666666666666667,
        "fpr_gap": 0.053092581718535925,
        "fnr_gap": 0.05430107526881721,
        "count": 69
      },
      "native_american": {
        "fpr": 0.16666666666666666,
        "fnr": 0.07142857142857142,
        "fpr_gap": 0.014631043256997461,
        "fnr_gap": 0.04953917050691245,
        "count": 70
      },
      "physical_dis": {
        "fpr": 0.17073170731707318,
        "fnr": 0.18518518518518517,
        "fpr_gap": 0.010566002606590935,
        "fnr_gap": 0.0642174432497013,
        "count": 68
      },
      "women": {
        "fpr": 0.3191489361702128,
        "fnr": 0.0,
        "fpr_gap": 0.13785122624654866,
        "fnr_gap": 0.12096774193548387,
        "count": 72
      }
    }
  },
  "per_group_f1": {
    "asian": 0.7939444911690495,
    "black": 0.8450704225352113,
    "chinese": 0.7916666666666666,
    "jewish": 0.882051282051282,
    "latino": 0.7005347593582889,
    "lgbtq": 0.8457643622200584,
    "mental_dis": 0.8419348310058692,
    "mexican": 0.9041666666666666,
    "middle_east": 0.9121392190152802,
    "muslim": 0.8977777777777778,
    "native_american": 0.8692674828802656,
    "physical_dis": 0.8178571428571428,
    "women": 0.7896786757546251
  }
}