{
  "task": {
    "accuracy": 0.9171917191719172,
    "macro_f1": 0.9067987015355436,
    "binary_f1": 0.9379217273954117,
    "auc_roc": 0.9826806433604418,
    "precision": 0.967966573816156,
    "recall": 0.9096858638743456
  },
  "causal": {
    "cfr": 0.06399132321041215,
    "ctfg": 0.07398958504199982,
    "n_pairs": 922,
    "mean_prob_orig": 0.6330900192260742,
    "mean_prob_cf": 0.5997642874717712,
    "per_group": {
      "black": {
        "cfr": 0.1111111111111111,
        "ctfg": 0.14645208418369293,
        "count": 117
      },
      "asian": {
        "cfr": 0.0,
        "ctfg": 0.034909192472696304,
        "count": 33
      },
      "jewish": {
        "cfr": 0.02564102564102564,
        "ctfg": 0.02697981335222721,
        "count": 39
      },
      "men": {
        "cfr": 0.034161490683229816,
        "ctfg": 0.045883845537900925,
        "count": 322
      },
      "women": {
        "cfr": 0.0763888888888889,
        "ctfg": 0.11301282793283463,
        "count": 144
      },
      "gay": {
        "cfr": 0.16666666666666666,
        "ctfg": 0.1209120973944664,
        "count": 78
      },
      "christian": {
        "cfr": 0.15,
        "ctfg": 0.0810510441660881,
        "count": 20
      },
      "muslim": {
        "cfr": 0.043478260869565216,
        "ctfg": 0.037768907845020294,
        "count": 138
      },
      "disabled": {
        "cfr": 0.041666666666666664,
        "ctfg": 0.03970928490161896,
        "count": 24
      },
      "white": {
        "cfr": 0.0,
        "ctfg": 0.08764968067407608,
        "count": 7
      }
    }
  }
}