{
  "task": {
    "accuracy": 0.9396939693969397,
    "macro_f1": 0.9274765317108102,
    "binary_f1": 0.9572431397574983,
    "auc_roc": 0.9833162333841302,
    "precision": 0.933997509339975,
    "recall": 0.981675392670157
  },
  "causal": {
    "cfr": 0.015184381778741865,
    "ctfg": 0.017385141924023628,
    "n_pairs": 922,
    "mean_prob_orig": 0.7447366714477539,
    "mean_prob_cf": 0.7445461750030518,
    "per_group": {
      "black": {
        "cfr": 0.008547008547008548,
        "ctfg": 0.013671127147972584,
        "count": 117
      },
      "asian": {
        "cfr": 0.0,
        "ctfg": 0.004520488437265158,
        "count": 33
      },
      "jewish": {
        "cfr": 0.02564102564102564,
        "ctfg": 0.015153288841247559,
        "count": 39
      },
      "men": {
        "cfr": 0.015527950310559006,
        "ctfg": 0.01921519637107849,
        "count": 322
      },
      "women": {
        "cfr": 0.027777777777777776,
        "ctfg": 0.023736178874969482,
        "count": 144
      },
      "gay": {
        "cfr": 0.01282051282051282,
        "ctfg": 0.015614830888807774,
        "count": 78
      },
      "christian": {
        "cfr": 0.0,
        "ctfg": 0.02171342447400093,
        "count": 20
      },
      "muslim": {
        "cfr": 0.014492753623188406,
        "ctfg": 0.013501127250492573,
        "count": 138
      },
      "disabled": {
        "cfr": 0.0,
        "ctfg": 0.01570095680654049,
        "count": 24
      },
      "white": {
        "cfr": 0.0,
        "ctfg": 0.027416711673140526,
        "count": 7
      }
    }
  }
}