{
  "task": {
    "accuracy": 0.9441944194419442,
    "macro_f1": 0.9346282039601554,
    "binary_f1": 0.9596354166666666,
    "auc_roc": 0.980655053789399,
    "precision": 0.9546632124352331,
    "recall": 0.9646596858638743
  },
  "causal": {
    "cfr": 0.024945770065075923,
    "ctfg": 0.021853819489479065,
    "n_pairs": 922,
    "mean_prob_orig": 0.7323198914527893,
    "mean_prob_cf": 0.7391549348831177,
    "per_group": {
      "black": {
        "cfr": 0.03418803418803419,
        "ctfg": 0.025649551302194595,
        "count": 117
      },
      "asian": {
        "cfr": 0.0,
        "ctfg": 0.0068877809680998325,
        "count": 33
      },
      "jewish": {
        "cfr": 0.0,
        "ctfg": 0.004713681526482105,
        "count": 39
      },
      "men": {
        "cfr": 0.040372670807453416,
        "ctfg": 0.028492258861660957,
        "count": 322
      },
      "women": {
        "cfr": 0.013888888888888888,
        "ctfg": 0.020632950589060783,
        "count": 144
      },
      "gay": {
        "cfr": 0.02564102564102564,
        "ctfg": 0.01959269307553768,
        "count": 78
      },
      "christian": {
        "cfr": 0.0,
        "ctfg": 0.017700791358947754,
        "count": 20
      },
      "muslim": {
        "cfr": 0.014492753623188406,
        "ctfg": 0.01647503860294819,
        "count": 138
      },
      "disabled": {
        "cfr": 0.0,
        "ctfg": 0.016797462478280067,
        "count": 24
      },
      "white": {
        "cfr": 0.0,
        "ctfg": 0.004642938729375601,
        "count": 7
      }
    }
  }
}