{
  "task": {
    "accuracy": 0.9432943294329433,
    "macro_f1": 0.9328589503653318,
    "binary_f1": 0.9593285990961912,
    "auc_roc": 0.9852211174313865,
    "precision": 0.9464968152866242,
    "recall": 0.9725130890052356
  },
  "causal": {
    "cfr": 0.014099783080260303,
    "ctfg": 0.0175528135150671,
    "n_pairs": 922,
    "mean_prob_orig": 0.7293794751167297,
    "mean_prob_cf": 0.7339880466461182,
    "per_group": {
      "black": {
        "cfr": 0.017094017094017096,
        "ctfg": 0.015161721035838127,
        "count": 117
      },
      "asian": {
        "cfr": 0.0,
        "ctfg": 0.003552190726622939,
        "count": 33
      },
      "jewish": {
        "cfr": 0.0,
        "ctfg": 0.014331447891891003,
        "count": 39
      },
      "men": {
        "cfr": 0.021739130434782608,
        "ctfg": 0.023922698572278023,
        "count": 322
      },
      "women": {
        "cfr": 0.013888888888888888,
        "ctfg": 0.01616504043340683,
        "count": 144
      },
      "gay": {
        "cfr": 0.0,
        "ctfg": 0.013467825017869473,
        "count": 78
      },
      "christian": {
        "cfr": 0.05,
        "ctfg": 0.024357501417398453,
        "count": 20
      },
      "muslim": {
        "cfr": 0.007246376811594203,
        "ctfg": 0.012736048549413681,
        "count": 138
      },
      "disabled": {
        "cfr": 0.0,
        "ctfg": 0.008655044250190258,
        "count": 24
      },
      "white": {
        "cfr": 0.0,
        "ctfg": 0.02854490652680397,
        "count": 7
      }
    }
  }
}