{
  "task": {
    "accuracy": 0.9522952295229523,
    "macro_f1": 0.9432280644243796,
    "binary_f1": 0.9659163987138264,
    "auc_roc": 0.9865583083120841,
    "precision": 0.9494310998735778,
    "recall": 0.9829842931937173
  },
  "causal": {
    "cfr": 0.010845986984815618,
    "ctfg": 0.015169594436883926,
    "n_pairs": 922,
    "mean_prob_orig": 0.7420617341995239,
    "mean_prob_cf": 0.7475770711898804,
    "per_group": {
      "black": {
        "cfr": 0.042735042735042736,
        "ctfg": 0.023069215938448906,
        "count": 117
      },
      "asian": {
        "cfr": 0.0,
        "ctfg": 0.0069418009370565414,
        "count": 33
      },
      "jewish": {
        "cfr": 0.0,
        "ctfg": 0.006362195126712322,
        "count": 39
      },
      "men": {
        "cfr": 0.015527950310559006,
        "ctfg": 0.018631858751177788,
        "count": 322
      },
      "women": {
        "cfr": 0.0,
        "ctfg": 0.014882998540997505,
        "count": 144
      },
      "gay": {
        "cfr": 0.0,
        "ctfg": 0.01140870526432991,
        "count": 78
      },
      "christian": {
        "cfr": 0.0,
        "ctfg": 0.010144107975065708,
        "count": 20
      },
      "muslim": {
        "cfr": 0.0,
        "ctfg": 0.009470388293266296,
        "count": 138
      },
      "disabled": {
        "cfr": 0.0,
        "ctfg": 0.005566172301769257,
        "count": 24
      },
      "white": {
        "cfr": 0.0,
        "ctfg": 0.019169965758919716,
        "count": 7
      }
    }
  }
}