{
  "task": {
    "accuracy": 0.9477947794779478,
    "macro_f1": 0.9392341988925268,
    "binary_f1": 0.9620418848167539,
    "auc_roc": 0.9878483485975527,
    "precision": 0.9620418848167539,
    "recall": 0.9620418848167539
  },
  "causal": {
    "cfr": 0.014099783080260303,
    "ctfg": 0.016786690801382065,
    "n_pairs": 922,
    "mean_prob_orig": 0.7122907042503357,
    "mean_prob_cf": 0.7154633402824402,
    "per_group": {
      "black": {
        "cfr": 0.017094017094017096,
        "ctfg": 0.012110787443816662,
        "count": 117
      },
      "asian": {
        "cfr": 0.030303030303030304,
        "ctfg": 0.008345788344740868,
        "count": 33
      },
      "jewish": {
        "cfr": 0.0,
        "ctfg": 0.007317830342799425,
        "count": 39
      },
      "men": {
        "cfr": 0.018633540372670808,
        "ctfg": 0.021212518215179443,
        "count": 322
      },
      "women": {
        "cfr": 0.006944444444444444,
        "ctfg": 0.018206318840384483,
        "count": 144
      },
      "gay": {
        "cfr": 0.02564102564102564,
        "ctfg": 0.01746402122080326,
        "count": 78
      },
      "christian": {
        "cfr": 0.0,
        "ctfg": 0.00941222719848156,
        "count": 20
      },
      "muslim": {
        "cfr": 0.0,
        "ctfg": 0.01142876222729683,
        "count": 138
      },
      "disabled": {
        "cfr": 0.041666666666666664,
        "ctfg": 0.03011874109506607,
        "count": 24
      },
      "white": {
        "cfr": 0.0,
        "ctfg": 0.028137534856796265,
        "count": 7
      }
    }
  }
}