{
  "task": {
    "accuracy": 0.9441944194419442,
    "macro_f1": 0.9329482447123322,
    "binary_f1": 0.9604086845466155,
    "auc_roc": 0.9839254190744903,
    "precision": 0.9376558603491272,
    "recall": 0.9842931937172775
  },
  "causal": {
    "cfr": 0.028199566160520606,
    "ctfg": 0.033681292086839676,
    "n_pairs": 922,
    "mean_prob_orig": 0.7668912410736084,
    "mean_prob_cf": 0.7489979267120361,
    "per_group": {
      "black": {
        "cfr": 0.05128205128205128,
        "ctfg": 0.056699588894844055,
        "count": 117
      },
      "asian": {
        "cfr": 0.0,
        "ctfg": 0.01059984602034092,
        "count": 33
      },
      "jewish": {
        "cfr": 0.02564102564102564,
        "ctfg": 0.014941169880330563,
        "count": 39
      },
      "men": {
        "cfr": 0.012422360248447204,
        "ctfg": 0.018155362457036972,
        "count": 322
      },
      "women": {
        "cfr": 0.041666666666666664,
        "ctfg": 0.05714968964457512,
        "count": 144
      },
      "gay": {
        "cfr": 0.07692307692307693,
        "ctfg": 0.07495613396167755,
        "count": 78
      },
      "christian": {
        "cfr": 0.0,
        "ctfg": 0.014673685654997826,
        "count": 20
      },
      "muslim": {
        "cfr": 0.014492753623188406,
        "ctfg": 0.01527988538146019,
        "count": 138
      },
      "disabled": {
        "cfr": 0.041666666666666664,
        "ctfg": 0.046656299382448196,
        "count": 24
      },
      "white": {
        "cfr": 0.0,
        "ctfg": 0.0062555596232414246,
        "count": 7
      }
    }
  }
}