{
  "task": {
    "accuracy": 0.9477947794779478,
    "macro_f1": 0.9385461966887922,
    "binary_f1": 0.9623865110246433,
    "auc_roc": 0.9838103716221314,
    "precision": 0.9537275064267352,
    "recall": 0.9712041884816754
  },
  "causal": {
    "cfr": 0.02386117136659436,
    "ctfg": 0.022181609645485878,
    "n_pairs": 922,
    "mean_prob_orig": 0.7197967171669006,
    "mean_prob_cf": 0.7282469868659973,
    "per_group": {
      "black": {
        "cfr": 0.02564102564102564,
        "ctfg": 0.01594584621489048,
        "count": 117
      },
      "asian": {
        "cfr": 0.0,
        "ctfg": 0.009544476866722107,
        "count": 33
      },
      "jewish": {
        "cfr": 0.05128205128205128,
        "ctfg": 0.015224413946270943,
        "count": 39
      },
      "men": {
        "cfr": 0.024844720496894408,
        "ctfg": 0.029648801311850548,
        "count": 322
      },
      "women": {
        "cfr": 0.027777777777777776,
        "ctfg": 0.027543656527996063,
        "count": 144
      },
      "gay": {
        "cfr": 0.038461538461538464,
        "ctfg": 0.022822057828307152,
        "count": 78
      },
      "christian": {
        "cfr": 0.0,
        "ctfg": 0.013087598606944084,
        "count": 20
      },
      "muslim": {
        "cfr": 0.014492753623188406,
        "ctfg": 0.01398966833949089,
        "count": 138
      },
      "disabled": {
        "cfr": 0.0,
        "ctfg": 0.006542025599628687,
        "count": 24
      },
      "white": {
        "cfr": 0.0,
        "ctfg": 0.0049149044789373875,
        "count": 7
      }
    }
  }
}