{
  "task": {
    "accuracy": 0.9540954095409541,
    "macro_f1": 0.9463557894677047,
    "binary_f1": 0.9667318982387476,
    "auc_roc": 0.9904284291684899,
    "precision": 0.9635890767230169,
    "recall": 0.9698952879581152
  },
  "causal": {
    "cfr": 0.0455531453362256,
    "ctfg": 0.049768537282943726,
    "n_pairs": 922,
    "mean_prob_orig": 0.7304548621177673,
    "mean_prob_cf": 0.716945230960846,
    "per_group": {
      "black": {
        "cfr": 0.08547008547008547,
        "ctfg": 0.09445510804653168,
        "count": 117
      },
      "asian": {
        "cfr": 0.0,
        "ctfg": 0.011218894273042679,
        "count": 33
      },
      "jewish": {
        "cfr": 0.02564102564102564,
        "ctfg": 0.026445774361491203,
        "count": 39
      },
      "men": {
        "cfr": 0.031055900621118012,
        "ctfg": 0.033955346792936325,
        "count": 322
      },
      "women": {
        "cfr": 0.0625,
        "ctfg": 0.065847247838974,
        "count": 144
      },
      "gay": {
        "cfr": 0.07692307692307693,
        "ctfg": 0.08273226767778397,
        "count": 78
      },
      "christian": {
        "cfr": 0.1,
        "ctfg": 0.08813542872667313,
        "count": 20
      },
      "muslim": {
        "cfr": 0.028985507246376812,
        "ctfg": 0.03340216353535652,
        "count": 138
      },
      "disabled": {
        "cfr": 0.0,
        "ctfg": 0.0066884588450193405,
        "count": 24
      },
      "white": {
        "cfr": 0.0,
        "ctfg": 0.004609002266079187,
        "count": 7
      }
    }
  }
}