{
  "task": {
    "accuracy": 0.9387938793879388,
    "macro_f1": 0.9267178830559113,
    "binary_f1": 0.9564660691421255,
    "auc_roc": 0.9809832219321937,
    "precision": 0.9360902255639098,
    "recall": 0.9777486910994765
  },
  "causal": {
    "cfr": 0.03470715835140998,
    "ctfg": 0.03758005052804947,
    "n_pairs": 922,
    "mean_prob_orig": 0.7718538045883179,
    "mean_prob_cf": 0.7583354711532593,
    "per_group": {
      "black": {
        "cfr": 0.07692307692307693,
        "ctfg": 0.10277742147445679,
        "count": 117
      },
      "asian": {
        "cfr": 0.030303030303030304,
        "ctfg": 0.0067621576599776745,
        "count": 33
      },
      "jewish": {
        "cfr": 0.0,
        "ctfg": 0.005502399988472462,
        "count": 39
      },
      "men": {
        "cfr": 0.024844720496894408,
        "ctfg": 0.027950884774327278,
        "count": 322
      },
      "women": {
        "cfr": 0.041666666666666664,
        "ctfg": 0.04095045477151871,
        "count": 144
      },
      "gay": {
        "cfr": 0.0641025641025641,
        "ctfg": 0.06439171731472015,
        "count": 78
      },
      "christian": {
        "cfr": 0.0,
        "ctfg": 0.004872833378612995,
        "count": 20
      },
      "muslim": {
        "cfr": 0.014492753623188406,
        "ctfg": 0.01191574614495039,
        "count": 138
      },
      "disabled": {
        "cfr": 0.041666666666666664,
        "ctfg": 0.021422555670142174,
        "count": 24
      },
      "white": {
        "cfr": 0.0,
        "ctfg": 0.0015038633719086647,
        "count": 7
      }
    }
  }
}