{
  "task": {
    "accuracy": 0.9333933393339334,
    "macro_f1": 0.9217218265605363,
    "binary_f1": 0.951948051948052,
    "auc_roc": 0.9847156630505303,
    "precision": 0.9445876288659794,
    "recall": 0.9594240837696335
  },
  "causal": {
    "cfr": 0.06724511930585683,
    "ctfg": 0.05725147947669029,
    "n_pairs": 922,
    "mean_prob_orig": 0.7486588358879089,
    "mean_prob_cf": 0.7369030117988586,
    "per_group": {
      "black": {
        "cfr": 0.1111111111111111,
        "ctfg": 0.115144744515419,
        "count": 117
      },
      "asian": {
        "cfr": 0.0,
        "ctfg": 0.014020875096321106,
        "count": 33
      },
      "jewish": {
        "cfr": 0.02564102564102564,
        "ctfg": 0.01668713428080082,
        "count": 39
      },
      "men": {
        "cfr": 0.052795031055900624,
        "ctfg": 0.03710484504699707,
        "count": 322
      },
      "women": {
        "cfr": 0.08333333333333333,
        "ctfg": 0.06628749519586563,
        "count": 144
      },
      "gay": {
        "cfr": 0.1282051282051282,
        "ctfg": 0.12783300876617432,
        "count": 78
      },
      "christian": {
        "cfr": 0.05,
        "ctfg": 0.051983583718538284,
        "count": 20
      },
      "muslim": {
        "cfr": 0.043478260869565216,
        "ctfg": 0.031381480395793915,
        "count": 138
      },
      "disabled": {
        "cfr": 0.08333333333333333,
        "ctfg": 0.04674944654107094,
        "count": 24
      },
      "white": {
        "cfr": 0.0,
        "ctfg": 0.034858010709285736,
        "count": 7
      }
    }
  }
}