{
  "task": {
    "accuracy": 0.8061330561330561,
    "macro_f1": 0.7990589269639404,
    "binary_f1": 0.8367614879649891,
    "auc_roc": 0.8868387223921776,
    "precision": 0.8363954505686789,
    "recall": 0.8371278458844134
  },
  "causal": {
    "cfr": 0.15833333333333333,
    "ctfg": 0.14082524180412292,
    "n_pairs": 2640,
    "mean_prob_orig": 0.609391987323761,
    "mean_prob_cf": 0.5270462036132812,
    "per_group": {
      "men": {
        "cfr": 0.10477299185098952,
        "ctfg": 0.1034504696726799,
        "count": 859
      },
      "disabled": {
        "cfr": 0.5111111111111111,
        "ctfg": 0.44803398847579956,
        "count": 90
      },
      "women": {
        "cfr": 0.10317460317460317,
        "ctfg": 0.08360882103443146,
        "count": 378
      },
      "muslim": {
        "cfr": 0.1625441696113074,
        "ctfg": 0.13291794061660767,
        "count": 283
      },
      "black": {
        "cfr": 0.28774928774928776,
        "ctfg": 0.2693324387073517,
        "count": 351
      },
      "white": {
        "cfr": 0.1416184971098266,
        "ctfg": 0.11081556975841522,
        "count": 346
      },
      "jewish": {
        "cfr": 0.09243697478991597,
        "ctfg": 0.07561910152435303,
        "count": 119
      },
      "gay": {
        "cfr": 0.2,
        "ctfg": 0.17627952992916107,
        "count": 135
      },
      "asian": {
        "cfr": 0.15555555555555556,
        "ctfg": 0.09961346536874771,
        "count": 45
      },
      "christian": {
        "cfr": 0.058823529411764705,
        "ctfg": 0.094553641974926,
        "count": 34
      }
    }
  },
  "group_fairness": {
    "fped": 1.0379421022306947,
    "fned": 0.4600761901042071,
    "per_group": {
      "disability": {
        "fpr": 0.6666666666666666,
        "fnr": 0.0,
        "fpr_gap": 0.4275362318840579,
        "fnr_gap": 0.1628721541155867,
        "count": 9
      },
      "gender": {
        "fpr": 0.2711864406779661,
        "fnr": 0.1916376306620209,
        "fpr_gap": 0.0320560058953574,
        "fnr_gap": 0.028765476546434215,
        "count": 405
      },
      "none": {
        "fpr": 0.15056179775280898,
        "fnr": 0.2966101694915254,
        "fpr_gap": 0.08856863702979972,
        "fnr_gap": 0.1337380153759387,
        "count": 563
      },
      "race": {
        "fpr": 0.3870967741935484,
        "fnr": 0.12882096069868995,
        "fpr_gap": 0.14796633941093967,
        "fnr_gap": 0.03405119341689675,
        "count": 582
      },
      "religion": {
        "fpr": 0.4791666666666667,
        "fnr": 0.10714285714285714,
        "fpr_gap": 0.24003623188405798,
        "fnr_gap": 0.05572929697272956,
        "count": 244
      },
      "sexual_orientation": {
        "fpr": 0.3409090909090909,
        "fnr": 0.2077922077922078,
        "fpr_gap": 0.10177865612648218,
        "fnr_gap": 0.04492005367662111,
        "count": 121
      }
    }
  },
  "per_group_f1": {
    "disability": 0.6785714285714286,
    "gender": 0.7530989636252794,
    "none": 0.750260933096754,
    "race": 0.734320271336846,
    "religion": 0.710119883356734,
    "sexual_orientation": 0.7245355070867299
  }
}