{
  "task": {
    "accuracy": 0.8537946428571429,
    "macro_f1": 0.8465253905969081,
    "binary_f1": 0.8131241084165478,
    "auc_roc": 0.9273500984979068,
    "precision": 0.8662613981762918,
    "recall": 0.7661290322580645
  },
  "causal": {
    "cfr": 0.03952991452991453,
    "ctfg": 0.03467763587832451,
    "n_pairs": 936,
    "mean_prob_orig": 0.44401276111602783,
    "mean_prob_cf": 0.44317346811294556,
    "per_group": {
      "asian": {
        "cfr": 0.0,
        "ctfg": 0.02863796427845955,
        "count": 68
      },
      "muslim": {
        "cfr": 0.02127659574468085,
        "ctfg": 0.021783679723739624,
        "count": 94
      },
      "disabled": {
        "cfr": 0.023255813953488372,
        "ctfg": 0.03449901193380356,
        "count": 43
      },
      "white": {
        "cfr": 0.11475409836065574,
        "ctfg": 0.08036884665489197,
        "count": 61
      },
      "men": {
        "cfr": 0.03937007874015748,
        "ctfg": 0.031026143580675125,
        "count": 381
      },
      "women": {
        "cfr": 0.04419889502762431,
        "ctfg": 0.0342436321079731,
        "count": 181
      },
      "jewish": {
        "cfr": 0.046511627906976744,
        "ctfg": 0.03308515623211861,
        "count": 43
      },
      "black": {
        "cfr": 0.030303030303030304,
        "ctfg": 0.04010167717933655,
        "count": 33
      },
      "gay": {
        "cfr": 0.0,
        "ctfg": 0.030753931030631065,
        "count": 21
      },
      "christian": {
        "cfr": 0.09090909090909091,
        "ctfg": 0.06057792529463768,
        "count": 11
      }
    }
  },
  "group_fairness": {
    "fped": 0.5493623725446611,
    "fned": 0.9856887870708783,
    "per_group": {
      "asian": {
        "fpr": 0.10256410256410256,
        "fnr": 0.3548387096774194,
        "fpr_gap": 0.018594636915247598,
        "fnr_gap": 0.1209677419354839,
        "count": 70
      },
      "black": {
        "fpr": 0.1794871794871795,
        "fnr": 0.1875,
        "fpr_gap": 0.09551771383832452,
        "fnr_gap": 0.04637096774193547,
        "count": 71
      },
      "chinese": {
        "fpr": 0.044444444444444446,
        "fnr": 0.2,
        "fpr_gap": 0.03952502120441052,
        "fnr_gap": 0.03387096774193546,
        "count": 70
      },
      "jewish": {
        "fpr": 0.09523809523809523,
        "fnr": 0.25925925925925924,
        "fpr_gap": 0.01126862958924027,
        "fnr_gap": 0.025388291517323774,
        "count": 69
      },
      "latino": {
        "fpr": 0.08695652173913043,
        "fnr": 0.3333333333333333,
        "fpr_gap": 0.0029870560902754695,
        "fnr_gap": 0.09946236559139784,
        "count": 56
      },
      "lgbtq": {
        "fpr": 0.047619047619047616,
        "fnr": 0.23333333333333334,
        "fpr_gap": 0.036350418029807346,
        "fnr_gap": 0.0005376344086021334,
        "count": 72
      },
      "mental_dis": {
        "fpr": 0.14285714285714285,
        "fnr": 0.20689655172413793,
        "fpr_gap": 0.058887677208287886,
        "fnr_gap": 0.026974416017797542,
        "count": 71
      },
      "mexican": {
        "fpr": 0.022727272727272728,
        "fnr": 0.28,
        "fpr_gap": 0.061242192921582235,
        "fnr_gap": 0.046129032258064556,
        "count": 69
      },
      "middle_east": {
        "fpr": 0.02564102564102564,
        "fnr": 0.13333333333333333,
        "fpr_gap": 0.05832844000782932,
        "fnr_gap": 0.10053763440860214,
        "count": 69
      },
      "muslim": {
        "fpr": 0.05128205128205128,
        "fnr": 0.16666666666666666,
        "fpr_gap": 0.03268741436680368,
        "fnr_gap": 0.06720430107526881,
        "count": 69
      },
      "native_american": {
        "fpr": 0.07142857142857142,
        "fnr": 0.39285714285714285,
        "fpr_gap": 0.012540894220283538,
        "fnr_gap": 0.15898617511520738,
        "count": 70
      },
      "physical_dis": {
        "fpr": 0.04878048780487805,
        "fnr": 0.25925925925925924,
        "fpr_gap": 0.03518897784397691,
        "fnr_gap": 0.025388291517323774,
        "count": 68
      },
      "women": {
        "fpr": 0.1702127659574468,
        "fnr": 0.0,
        "fpr_gap": 0.08624330030859184,
        "fnr_gap": 0.23387096774193547,
        "count": 72
      }
    }
  },
  "per_group_f1": {
    "asian": 0.7754010695187166,
    "black": 0.8155844155844156,
    "chinese": 0.8878975062914666,
    "jewish": 0.8289384719405004,
    "latino": 0.7677830940988835,
    "lgbtq": 0.8676200204290092,
    "mental_dis": 0.8251231527093597,
    "mexican": 0.8665377176015474,
    "middle_east": 0.9252761533463287,
    "muslim": 0.8953866146848602,
    "native_american": 0.7780797101449275,
    "physical_dis": 0.856439127375088,
    "women": 0.884522854851644
  }
}