{
  "task": {
    "accuracy": 0.9504950495049505,
    "macro_f1": 0.9417726536823638,
    "binary_f1": 0.9643088903309539,
    "auc_roc": 0.9865865986692216,
    "precision": 0.9562419562419563,
    "recall": 0.9725130890052356
  },
  "causal": {
    "cfr": 0.03470715835140998,
    "ctfg": 0.038909729570150375,
    "n_pairs": 922,
    "mean_prob_orig": 0.7475059628486633,
    "mean_prob_cf": 0.7311164140701294,
    "per_group": {
      "black": {
        "cfr": 0.1282051282051282,
        "ctfg": 0.11406327784061432,
        "count": 117
      },
      "asian": {
        "cfr": 0.0,
        "ctfg": 0.013281594030559063,
        "count": 33
      },
      "jewish": {
        "cfr": 0.02564102564102564,
        "ctfg": 0.013872961513698101,
        "count": 39
      },
      "men": {
        "cfr": 0.009316770186335404,
        "ctfg": 0.012273636646568775,
        "count": 322
      },
      "women": {
        "cfr": 0.05555555555555555,
        "ctfg": 0.0723593533039093,
        "count": 144
      },
      "gay": {
        "cfr": 0.038461538461538464,
        "ctfg": 0.04562264680862427,
        "count": 78
      },
      "christian": {
        "cfr": 0.0,
        "ctfg": 0.0046869381330907345,
        "count": 20
      },
      "muslim": {
        "cfr": 0.007246376811594203,
        "ctfg": 0.018407877534627914,
        "count": 138
      },
      "disabled": {
        "cfr": 0.041666666666666664,
        "ctfg": 0.036260850727558136,
        "count": 24
      },
      "white": {
        "cfr": 0.0,
        "ctfg": 0.016473891213536263,
        "count": 7
      }
    }
  }
}