{
  "task": {
    "accuracy": 0.7983367983367984,
    "macro_f1": 0.7906791029040319,
    "binary_f1": 0.8307155322862129,
    "auc_roc": 0.8843976332633108,
    "precision": 0.8278260869565217,
    "recall": 0.8336252189141856
  },
  "causal": {
    "cfr": 0.15265151515151515,
    "ctfg": 0.13371193408966064,
    "n_pairs": 2640,
    "mean_prob_orig": 0.6299140453338623,
    "mean_prob_cf": 0.5512234568595886,
    "per_group": {
      "men": {
        "cfr": 0.10710128055878929,
        "ctfg": 0.09357544034719467,
        "count": 859
      },
      "disabled": {
        "cfr": 0.5111111111111111,
        "ctfg": 0.42973053455352783,
        "count": 90
      },
      "women": {
        "cfr": 0.10052910052910052,
        "ctfg": 0.08101731538772583,
        "count": 378
      },
      "muslim": {
        "cfr": 0.15901060070671377,
        "ctfg": 0.12069395184516907,
        "count": 283
      },
      "black": {
        "cfr": 0.29914529914529914,
        "ctfg": 0.2715703248977661,
        "count": 351
      },
      "white": {
        "cfr": 0.10115606936416185,
        "ctfg": 0.09561926871538162,
        "count": 346
      },
      "jewish": {
        "cfr": 0.11764705882352941,
        "ctfg": 0.12244067341089249,
        "count": 119
      },
      "gay": {
        "cfr": 0.17037037037037037,
        "ctfg": 0.1514473855495453,
        "count": 135
      },
      "asian": {
        "cfr": 0.06666666666666667,
        "ctfg": 0.058298639953136444,
        "count": 45
      },
      "christian": {
        "cfr": 0.058823529411764705,
        "ctfg": 0.09167096763849258,
        "count": 34
      }
    }
  },
  "group_fairness": {
    "fped": 1.327263791794513,
    "fned": 0.516406344172441,
    "per_group": {
      "disability": {
        "fpr": 1.0,
        "fnr": 0.0,
        "fpr_gap": 0.7468030690537084,
        "fnr_gap": 0.16637478108581435,
        "count": 9
      },
      "gender": {
        "fpr": 0.3220338983050847,
        "fnr": 0.17073170731707318,
        "fpr_gap": 0.06883696735879313,
        "fnr_gap": 0.004356926231258829,
        "count": 405
      },
      "none": {
        "fpr": 0.16404494382022472,
        "fnr": 0.3220338983050847,
        "fpr_gap": 0.08915198712606687,
        "fnr_gap": 0.15565911721927037,
        "count": 563
      },
      "race": {
        "fpr": 0.3790322580645161,
        "fnr": 0.12663755458515283,
        "fpr_gap": 0.12583532711822454,
        "fnr_gap": 0.03973722650066153,
        "count": 582
      },
      "religion": {
        "fpr": 0.4166666666666667,
        "fnr": 0.12244897959183673,
        "fpr_gap": 0.1634697357203751,
        "fnr_gap": 0.04392580149397762,
        "count": 244
      },
      "sexual_orientation": {
        "fpr": 0.38636363636363635,
        "fnr": 0.2727272727272727,
        "fpr_gap": 0.13316670541734477,
        "fnr_gap": 0.10635249164145835,
        "count": 121
      }
    }
  },
  "per_group_f1": {
    "disability": 0.4,
    "gender": 0.7466219860349055,
    "none": 0.7302906713277659,
    "race": 0.7392862475735404,
    "religion": 0.723298969072165,
    "sexual_orientation": 0.6668115942028985
  }
}