{
  "task": {
    "accuracy": 0.7998960498960499,
    "macro_f1": 0.7953421651668353,
    "binary_f1": 0.8258706467661692,
    "auc_roc": 0.8805159656187151,
    "precision": 0.8540692235734331,
    "recall": 0.7994746059544658
  },
  "causal": {
    "cfr": 0.16477272727272727,
    "ctfg": 0.15675000846385956,
    "n_pairs": 2640,
    "mean_prob_orig": 0.5747878551483154,
    "mean_prob_cf": 0.47133466601371765,
    "per_group": {
      "men": {
        "cfr": 0.13038416763678695,
        "ctfg": 0.12150125205516815,
        "count": 859
      },
      "disabled": {
        "cfr": 0.5333333333333333,
        "ctfg": 0.47166892886161804,
        "count": 90
      },
      "women": {
        "cfr": 0.10317460317460317,
        "ctfg": 0.1061132624745369,
        "count": 378
      },
      "muslim": {
        "cfr": 0.1978798586572438,
        "ctfg": 0.16478586196899414,
        "count": 283
      },
      "black": {
        "cfr": 0.3076923076923077,
        "ctfg": 0.3027394115924835,
        "count": 351
      },
      "white": {
        "cfr": 0.09248554913294797,
        "ctfg": 0.09037467837333679,
        "count": 346
      },
      "jewish": {
        "cfr": 0.1092436974789916,
        "ctfg": 0.10373914986848831,
        "count": 119
      },
      "gay": {
        "cfr": 0.14814814814814814,
        "ctfg": 0.1665509045124054,
        "count": 135
      },
      "asian": {
        "cfr": 0.06666666666666667,
        "ctfg": 0.0918022021651268,
        "count": 45
      },
      "christian": {
        "cfr": 0.11764705882352941,
        "ctfg": 0.11068898439407349,
        "count": 34
      }
    }
  },
  "group_fairness": {
    "fped": 1.2959482306675465,
    "fned": 0.3919380509518574,
    "per_group": {
      "disability": {
        "fpr": 1.0,
        "fnr": 0.16666666666666666,
        "fpr_gap": 0.8005115089514067,
        "fnr_gap": 0.0338587273788675,
        "count": 9
      },
      "gender": {
        "fpr": 0.2288135593220339,
        "fnr": 0.24390243902439024,
        "fpr_gap": 0.029325068273440558,
        "fnr_gap": 0.04337704497885608,
        "count": 405
      },
      "none": {
        "fpr": 0.12134831460674157,
        "fnr": 0.3389830508474576,
        "fpr_gap": 0.07814017644185177,
        "fnr_gap": 0.13845765680192346,
        "count": 563
      },
      "race": {
        "fpr": 0.3387096774193548,
        "fnr": 0.1615720524017467,
        "fpr_gap": 0.13922118637076147,
        "fnr_gap": 0.03895334164378744,
        "count": 582
      },
      "religion": {
        "fpr": 0.375,
        "fnr": 0.12244897959183673,
        "fpr_gap": 0.17551150895140666,
        "fnr_gap": 0.07807641445369742,
        "count": 244
      },
      "sexual_orientation": {
        "fpr": 0.2727272727272727,
        "fnr": 0.2597402597402597,
        "fpr_gap": 0.07323878167867937,
        "fnr_gap": 0.05921486569472556,
        "count": 121
      }
    }
  },
  "per_group_f1": {
    "disability": 0.35714285714285715,
    "gender": 0.7348277747402953,
    "none": 0.7583470319634703,
    "race": 0.727246283128636,
    "religion": 0.7397135019811033,
    "sexual_orientation": 0.723744292237443
  }
}