{
  "task": {
    "accuracy": 0.8582589285714286,
    "macro_f1": 0.8526374951275009,
    "binary_f1": 0.8238557558945908,
    "auc_roc": 0.928571062135763,
    "precision": 0.8510028653295129,
    "recall": 0.7983870967741935
  },
  "causal": {
    "cfr": 0.0438034188034188,
    "ctfg": 0.040723688900470734,
    "n_pairs": 936,
    "mean_prob_orig": 0.44589856266975403,
    "mean_prob_cf": 0.4586799442768097,
    "per_group": {
      "asian": {
        "cfr": 0.07352941176470588,
        "ctfg": 0.06335989385843277,
        "count": 68
      },
      "muslim": {
        "cfr": 0.010638297872340425,
        "ctfg": 0.024546971544623375,
        "count": 94
      },
      "disabled": {
        "cfr": 0.023255813953488372,
        "ctfg": 0.04405895620584488,
        "count": 43
      },
      "white": {
        "cfr": 0.08196721311475409,
        "ctfg": 0.07636801153421402,
        "count": 61
      },
      "men": {
        "cfr": 0.04199475065616798,
        "ctfg": 0.03764791414141655,
        "count": 381
      },
      "women": {
        "cfr": 0.055248618784530384,
        "ctfg": 0.03669874742627144,
        "count": 181
      },
      "jewish": {
        "cfr": 0.0,
        "ctfg": 0.021768374368548393,
        "count": 43
      },
      "black": {
        "cfr": 0.030303030303030304,
        "ctfg": 0.03933584317564964,
        "count": 33
      },
      "gay": {
        "cfr": 0.047619047619047616,
        "ctfg": 0.04703432694077492,
        "count": 21
      },
      "christian": {
        "cfr": 0.09090909090909091,
        "ctfg": 0.0673026517033577,
        "count": 11
      }
    }
  },
  "group_fairness": {
    "fped": 0.4451743244201749,
    "fned": 0.7582373225073449,
    "per_group": {
      "asian": {
        "fpr": 0.1282051282051282,
        "fnr": 0.2903225806451613,
        "fpr_gap": 0.02896848698375415,
        "fnr_gap": 0.08870967741935487,
        "count": 70
      },
      "black": {
        "fpr": 0.1282051282051282,
        "fnr": 0.15625,
        "fpr_gap": 0.02896848698375415,
        "fnr_gap": 0.04536290322580644,
        "count": 71
      },
      "chinese": {
        "fpr": 0.1111111111111111,
        "fnr": 0.12,
        "fpr_gap": 0.01187446988973706,
        "fnr_gap": 0.08161290322580644,
        "count": 70
      },
      "jewish": {
        "fpr": 0.09523809523809523,
        "fnr": 0.25925925925925924,
        "fpr_gap": 0.003998545983278812,
        "fnr_gap": 0.057646356033452806,
        "count": 69
      },
      "latino": {
        "fpr": 0.17391304347826086,
        "fnr": 0.24242424242424243,
        "fpr_gap": 0.07467640225688682,
        "fnr_gap": 0.04081133919843599,
        "count": 56
      },
      "lgbtq": {
        "fpr": 0.09523809523809523,
        "fnr": 0.26666666666666666,
        "fpr_gap": 0.003998545983278812,
        "fnr_gap": 0.06505376344086022,
        "count": 72
      },
      "mental_dis": {
        "fpr": 0.11904761904761904,
        "fnr": 0.1724137931034483,
        "fpr_gap": 0.019810977826244996,
        "fnr_gap": 0.02919911012235815,
        "count": 71
      },
      "mexican": {
        "fpr": 0.022727272727272728,
        "fnr": 0.28,
        "fpr_gap": 0.07650936849410131,
        "fnr_gap": 0.07838709677419359,
        "count": 69
      },
      "middle_east": {
        "fpr": 0.02564102564102564,
        "fnr": 0.2,
        "fpr_gap": 0.07359561558034841,
        "fnr_gap": 0.001612903225806428,
        "count": 69
      },
      "muslim": {
        "fpr": 0.07692307692307693,
        "fnr": 0.16666666666666666,
        "fpr_gap": 0.022313564298297117,
        "fnr_gap": 0.03494623655913978,
        "count": 69
      },
      "native_american": {
        "fpr": 0.07142857142857142,
        "fnr": 0.21428571428571427,
        "fpr_gap": 0.02780806979280262,
        "fnr_gap": 0.012672811059907835,
        "count": 70
      },
      "physical_dis": {
        "fpr": 0.0975609756097561,
        "fnr": 0.2222222222222222,
        "fpr_gap": 0.0016756656116179436,
        "fnr_gap": 0.02060931899641577,
        "count": 68
      },
      "women": {
        "fpr": 0.1702127659574468,
        "fnr": 0.0,
        "fpr_gap": 0.07097612473607276,
        "fnr_gap": 0.20161290322580644,
        "count": 72
      }
    }
  },
  "per_group_f1": {
    "asian": 0.7939444911690495,
    "black": 0.8577724358974359,
    "chinese": 0.8776223776223777,
    "jewish": 0.8289384719405004,
    "latino": 0.7832258064516129,
    "lgbtq": 0.8246753246753247,
    "mental_dis": 0.8542692939244663,
    "mexican": 0.8665377176015474,
    "middle_east": 0.8941949616648412,
    "muslim": 0.8810344827586207,
    "native_american": 0.8633702016916069,
    "physical_dis": 0.8443223443223443,
    "women": 0.884522854851644
  }
}