{
  "task": {
    "accuracy": 0.9252925292529253,
    "macro_f1": 0.9091763296848114,
    "binary_f1": 0.9474350854971502,
    "auc_roc": 0.9776223275042625,
    "precision": 0.9177914110429448,
    "recall": 0.9790575916230366
  },
  "causal": {
    "cfr": 0.0455531453362256,
    "ctfg": 0.04128105565905571,
    "n_pairs": 922,
    "mean_prob_orig": 0.7859594225883484,
    "mean_prob_cf": 0.7875920534133911,
    "per_group": {
      "black": {
        "cfr": 0.09401709401709402,
        "ctfg": 0.0787404328584671,
        "count": 117
      },
      "asian": {
        "cfr": 0.06060606060606061,
        "ctfg": 0.025182239711284637,
        "count": 33
      },
      "jewish": {
        "cfr": 0.0,
        "ctfg": 0.010472150519490242,
        "count": 39
      },
      "men": {
        "cfr": 0.043478260869565216,
        "ctfg": 0.03720756620168686,
        "count": 322
      },
      "women": {
        "cfr": 0.034722222222222224,
        "ctfg": 0.04080161079764366,
        "count": 144
      },
      "gay": {
        "cfr": 0.05128205128205128,
        "ctfg": 0.06505386531352997,
        "count": 78
      },
      "christian": {
        "cfr": 0.0,
        "ctfg": 0.025200169533491135,
        "count": 20
      },
      "muslim": {
        "cfr": 0.028985507246376812,
        "ctfg": 0.02359841950237751,
        "count": 138
      },
      "disabled": {
        "cfr": 0.041666666666666664,
        "ctfg": 0.011026069521903992,
        "count": 24
      },
      "white": {
        "cfr": 0.14285714285714285,
        "ctfg": 0.09334210306406021,
        "count": 7
      }
    }
  }
}