{
  "task": {
    "accuracy": 0.8582589285714286,
    "macro_f1": 0.8523667737017937,
    "binary_f1": 0.8228730822873083,
    "auc_roc": 0.9316568168759747,
    "precision": 0.855072463768116,
    "recall": 0.793010752688172
  },
  "causal": {
    "cfr": 0.035256410256410256,
    "ctfg": 0.035426393151283264,
    "n_pairs": 936,
    "mean_prob_orig": 0.43593934178352356,
    "mean_prob_cf": 0.4336194694042206,
    "per_group": {
      "asian": {
        "cfr": 0.058823529411764705,
        "ctfg": 0.04403398185968399,
        "count": 68
      },
      "muslim": {
        "cfr": 0.031914893617021274,
        "ctfg": 0.023959726095199585,
        "count": 94
      },
      "disabled": {
        "cfr": 0.13953488372093023,
        "ctfg": 0.12553033232688904,
        "count": 43
      },
      "white": {
        "cfr": 0.08196721311475409,
        "ctfg": 0.06300465762615204,
        "count": 61
      },
      "men": {
        "cfr": 0.023622047244094488,
        "ctfg": 0.024538641795516014,
        "count": 381
      },
      "women": {
        "cfr": 0.022099447513812154,
        "ctfg": 0.027992980554699898,
        "count": 181
      },
      "jewish": {
        "cfr": 0.0,
        "ctfg": 0.02904127724468708,
        "count": 43
      },
      "black": {
        "cfr": 0.030303030303030304,
        "ctfg": 0.04237564280629158,
        "count": 33
      },
      "gay": {
        "cfr": 0.0,
        "ctfg": 0.06110089272260666,
        "count": 21
      },
      "christian": {
        "cfr": 0.09090909090909091,
        "ctfg": 0.029568104073405266,
        "count": 11
      }
    }
  },
  "group_fairness": {
    "fped": 0.5519956575532474,
    "fned": 0.8781505872593193,
    "per_group": {
      "asian": {
        "fpr": 0.1794871794871795,
        "fnr": 0.3225806451612903,
        "fpr_gap": 0.0840673321589352,
        "fnr_gap": 0.11559139784946235,
        "count": 70
      },
      "black": {
        "fpr": 0.15384615384615385,
        "fnr": 0.15625,
        "fpr_gap": 0.058426306517909574,
        "fnr_gap": 0.05073924731182797,
        "count": 71
      },
      "chinese": {
        "fpr": 0.1111111111111111,
        "fnr": 0.16,
        "fpr_gap": 0.015691263782866824,
        "fnr_gap": 0.046989247311827964,
        "count": 70
      },
      "jewish": {
        "fpr": 0.09523809523809523,
        "fnr": 0.18518518518518517,
        "fpr_gap": 0.00018175209014904825,
        "fnr_gap": 0.021804062126642793,
        "count": 69
      },
      "latino": {
        "fpr": 0.043478260869565216,
        "fnr": 0.36363636363636365,
        "fpr_gap": 0.051941586458679065,
        "fnr_gap": 0.15664711632453568,
        "count": 56
      },
      "lgbtq": {
        "fpr": 0.07142857142857142,
        "fnr": 0.23333333333333334,
        "fpr_gap": 0.023991275899672856,
        "fnr_gap": 0.02634408602150537,
        "count": 72
      },
      "mental_dis": {
        "fpr": 0.14285714285714285,
        "fnr": 0.1724137931034483,
        "fpr_gap": 0.04743729552889857,
        "fnr_gap": 0.03457545420837968,
        "count": 71
      },
      "mexican": {
        "fpr": 0.022727272727272728,
        "fnr": 0.28,
        "fpr_gap": 0.07269257460097156,
        "fnr_gap": 0.07301075268817206,
        "count": 69
      },
      "middle_east": {
        "fpr": 0.0,
        "fnr": 0.2,
        "fpr_gap": 0.09541984732824428,
        "fnr_gap": 0.006989247311827956,
        "count": 69
      },
      "muslim": {
        "fpr": 0.05128205128205128,
        "fnr": 0.13333333333333333,
        "fpr_gap": 0.044137796046193,
        "fnr_gap": 0.07365591397849464,
        "count": 69
      },
      "native_american": {
        "fpr": 0.11904761904761904,
        "fnr": 0.25,
        "fpr_gap": 0.02362777171937476,
        "fnr_gap": 0.04301075268817203,
        "count": 70
      },
      "physical_dis": {
        "fpr": 0.0975609756097561,
        "fnr": 0.18518518518518517,
        "fpr_gap": 0.00214112828151182,
        "fnr_gap": 0.021804062126642793,
        "count": 68
      },
      "women": {
        "fpr": 0.1276595744680851,
        "fnr": 0.0,
        "fpr_gap": 0.032239727139840815,
        "fnr_gap": 0.20698924731182797,
        "count": 72
      }
    }
  },
  "per_group_f1": {
    "asian": 0.7509939317848922,
    "black": 0.8439560439560441,
    "chinese": 0.8612029081295438,
    "jewish": 0.8621531631520533,
    "latino": 0.7677830940988837,
    "lgbtq": 0.8538961038961039,
    "mental_dis": 0.8405146007759852,
    "mexican": 0.8665377176015474,
    "middle_east": 0.9087301587301588,
    "muslim": 0.9107758620689654,
    "native_american": 0.8191214470284238,
    "physical_dis": 0.860877472152762,
    "women": 0.9123376623376623
  }
}