{
  "task": {
    "accuracy": 0.9414941494149415,
    "macro_f1": 0.9306106055321264,
    "binary_f1": 0.9580915538362347,
    "auc_roc": 0.9872467070024292,
    "precision": 0.9440914866581956,
    "recall": 0.9725130890052356
  },
  "causal": {
    "cfr": 0.04880694143167028,
    "ctfg": 0.046847619116306305,
    "n_pairs": 922,
    "mean_prob_orig": 0.756252646446228,
    "mean_prob_cf": 0.7445924878120422,
    "per_group": {
      "black": {
        "cfr": 0.09401709401709402,
        "ctfg": 0.09342136234045029,
        "count": 117
      },
      "asian": {
        "cfr": 0.0,
        "ctfg": 0.002259343396872282,
        "count": 33
      },
      "jewish": {
        "cfr": 0.0,
        "ctfg": 0.009582707658410072,
        "count": 39
      },
      "men": {
        "cfr": 0.031055900621118012,
        "ctfg": 0.02775527536869049,
        "count": 322
      },
      "women": {
        "cfr": 0.05555555555555555,
        "ctfg": 0.06312133371829987,
        "count": 144
      },
      "gay": {
        "cfr": 0.1282051282051282,
        "ctfg": 0.11833183467388153,
        "count": 78
      },
      "christian": {
        "cfr": 0.05,
        "ctfg": 0.050036460161209106,
        "count": 20
      },
      "muslim": {
        "cfr": 0.036231884057971016,
        "ctfg": 0.025642799213528633,
        "count": 138
      },
      "disabled": {
        "cfr": 0.0,
        "ctfg": 0.0007709439960308373,
        "count": 24
      },
      "white": {
        "cfr": 0.0,
        "ctfg": 6.187108374433592e-05,
        "count": 7
      }
    }
  }
}