{
  "task": {
    "accuracy": 0.7988565488565489,
    "macro_f1": 0.7886402673746546,
    "binary_f1": 0.8351086493395825,
    "auc_roc": 0.8821541827726292,
    "precision": 0.8132780082987552,
    "recall": 0.8581436077057794
  },
  "causal": {
    "cfr": 0.14469696969696969,
    "ctfg": 0.12633228302001953,
    "n_pairs": 2640,
    "mean_prob_orig": 0.6506847739219666,
    "mean_prob_cf": 0.580754816532135,
    "per_group": {
      "men": {
        "cfr": 0.0989522700814901,
        "ctfg": 0.0911097526550293,
        "count": 859
      },
      "disabled": {
        "cfr": 0.5,
        "ctfg": 0.40494754910469055,
        "count": 90
      },
      "women": {
        "cfr": 0.10582010582010581,
        "ctfg": 0.08443251252174377,
        "count": 378
      },
      "muslim": {
        "cfr": 0.1519434628975265,
        "ctfg": 0.11456430703401566,
        "count": 283
      },
      "black": {
        "cfr": 0.2706552706552707,
        "ctfg": 0.24277345836162567,
        "count": 351
      },
      "white": {
        "cfr": 0.10404624277456648,
        "ctfg": 0.090279221534729,
        "count": 346
      },
      "jewish": {
        "cfr": 0.11764705882352941,
        "ctfg": 0.10337001085281372,
        "count": 119
      },
      "gay": {
        "cfr": 0.14074074074074075,
        "ctfg": 0.1483314037322998,
        "count": 135
      },
      "asian": {
        "cfr": 0.044444444444444446,
        "ctfg": 0.060835011303424835,
        "count": 45
      },
      "christian": {
        "cfr": 0.08823529411764706,
        "ctfg": 0.08700206875801086,
        "count": 34
      }
    }
  },
  "group_fairness": {
    "fped": 1.3119726894723134,
    "fned": 0.4369416134686365,
    "per_group": {
      "disability": {
        "fpr": 1.0,
        "fnr": 0.0,
        "fpr_gap": 0.7122762148337596,
        "fnr_gap": 0.14185639229422067,
        "count": 9
      },
      "gender": {
        "fpr": 0.3389830508474576,
        "fnr": 0.13937282229965156,
        "fpr_gap": 0.05125926568121719,
        "fnr_gap": 0.0024835699945691125,
        "count": 405
      },
      "none": {
        "fpr": 0.19325842696629214,
        "fnr": 0.288135593220339,
        "fpr_gap": 0.09446535819994828,
        "fnr_gap": 0.14627920092611832,
        "count": 563
      },
      "race": {
        "fpr": 0.45161290322580644,
        "fnr": 0.1091703056768559,
        "fpr_gap": 0.16388911805956602,
        "fnr_gap": 0.032686086617364773,
        "count": 582
      },
      "religion": {
        "fpr": 0.4791666666666667,
        "fnr": 0.10714285714285714,
        "fpr_gap": 0.19144288150042627,
        "fnr_gap": 0.034713535151363537,
        "count": 244
      },
      "sexual_orientation": {
        "fpr": 0.38636363636363635,
        "fnr": 0.22077922077922077,
        "fpr_gap": 0.09863985119739593,
        "fnr_gap": 0.0789228284850001,
        "count": 121
      }
    }
  },
  "per_group_f1": {
    "disability": 0.4,
    "gender": 0.7608220634264454,
    "none": 0.7200676213206045,
    "race": 0.7235080045176673,
    "religion": 0.710119883356734,
    "sexual_orientation": 0.6964285714285714
  }
}