{
  "task": {
    "accuracy": 0.9414941494149415,
    "macro_f1": 0.931520229103547,
    "binary_f1": 0.9576547231270358,
    "auc_roc": 0.9844233293601098,
    "precision": 0.953307392996109,
    "recall": 0.9620418848167539
  },
  "causal": {
    "cfr": 0.0455531453362256,
    "ctfg": 0.050313953310251236,
    "n_pairs": 922,
    "mean_prob_orig": 0.7395442128181458,
    "mean_prob_cf": 0.7236983776092529,
    "per_group": {
      "black": {
        "cfr": 0.09401709401709402,
        "ctfg": 0.09368329495191574,
        "count": 117
      },
      "asian": {
        "cfr": 0.030303030303030304,
        "ctfg": 0.03347741439938545,
        "count": 33
      },
      "jewish": {
        "cfr": 0.05128205128205128,
        "ctfg": 0.03696318343281746,
        "count": 39
      },
      "men": {
        "cfr": 0.012422360248447204,
        "ctfg": 0.01959269680082798,
        "count": 322
      },
      "women": {
        "cfr": 0.09027777777777778,
        "ctfg": 0.09408050030469894,
        "count": 144
      },
      "gay": {
        "cfr": 0.07692307692307693,
        "ctfg": 0.08517975360155106,
        "count": 78
      },
      "christian": {
        "cfr": 0.0,
        "ctfg": 0.027632081881165504,
        "count": 20
      },
      "muslim": {
        "cfr": 0.036231884057971016,
        "ctfg": 0.03859066963195801,
        "count": 138
      },
      "disabled": {
        "cfr": 0.0,
        "ctfg": 0.006747223436832428,
        "count": 24
      },
      "white": {
        "cfr": 0.0,
        "ctfg": 0.048807378858327866,
        "count": 7
      }
    }
  }
}