{
  "task": {
    "accuracy": 0.8560267857142857,
    "macro_f1": 0.8508453054287693,
    "binary_f1": 0.8230452674897119,
    "auc_roc": 0.9294996101124519,
    "precision": 0.8403361344537815,
    "recall": 0.8064516129032258
  },
  "causal": {
    "cfr": 0.035256410256410256,
    "ctfg": 0.039966654032468796,
    "n_pairs": 936,
    "mean_prob_orig": 0.4493211805820465,
    "mean_prob_cf": 0.4642099440097809,
    "per_group": {
      "asian": {
        "cfr": 0.014705882352941176,
        "ctfg": 0.042803529649972916,
        "count": 68
      },
      "muslim": {
        "cfr": 0.0,
        "ctfg": 0.021096760407090187,
        "count": 94
      },
      "disabled": {
        "cfr": 0.0,
        "ctfg": 0.03680892288684845,
        "count": 43
      },
      "white": {
        "cfr": 0.08196721311475409,
        "ctfg": 0.062068454921245575,
        "count": 61
      },
      "men": {
        "cfr": 0.047244094488188976,
        "ctfg": 0.04574296623468399,
        "count": 381
      },
      "women": {
        "cfr": 0.03867403314917127,
        "ctfg": 0.03996685519814491,
        "count": 181
      },
      "jewish": {
        "cfr": 0.0,
        "ctfg": 0.01832170970737934,
        "count": 43
      },
      "black": {
        "cfr": 0.030303030303030304,
        "ctfg": 0.028138162568211555,
        "count": 33
      },
      "gay": {
        "cfr": 0.047619047619047616,
        "ctfg": 0.029140960425138474,
        "count": 21
      },
      "christian": {
        "cfr": 0.0,
        "ctfg": 0.014151721261441708,
        "count": 11
      }
    }
  },
  "group_fairness": {
    "fped": 0.5306128872483094,
    "fned": 1.1306795616528653,
    "per_group": {
      "asian": {
        "fpr": 0.1282051282051282,
        "fnr": 0.3548387096774194,
        "fpr_gap": 0.01942650225092972,
        "fnr_gap": 0.16129032258064518,
        "count": 70
      },
      "black": {
        "fpr": 0.20512820512820512,
        "fnr": 0.125,
        "fpr_gap": 0.09634957917400665,
        "fnr_gap": 0.06854838709677419,
        "count": 71
      },
      "chinese": {
        "fpr": 0.08888888888888889,
        "fnr": 0.16,
        "fpr_gap": 0.019889737065309582,
        "fnr_gap": 0.033548387096774185,
        "count": 70
      },
      "jewish": {
        "fpr": 0.09523809523809523,
        "fnr": 0.18518518518518517,
        "fpr_gap": 0.013540530716103241,
        "fnr_gap": 0.008363201911589013,
        "count": 69
      },
      "latino": {
        "fpr": 0.13043478260869565,
        "fnr": 0.3333333333333333,
        "fpr_gap": 0.021656156654497175,
        "fnr_gap": 0.13978494623655913,
        "count": 56
      },
      "lgbtq": {
        "fpr": 0.09523809523809523,
        "fnr": 0.23333333333333334,
        "fpr_gap": 0.013540530716103241,
        "fnr_gap": 0.03978494623655915,
        "count": 72
      },
      "mental_dis": {
        "fpr": 0.11904761904761904,
        "fnr": 0.10344827586206896,
        "fpr_gap": 0.010268993093420567,
        "fnr_gap": 0.09010011123470522,
        "count": 71
      },
      "mexican": {
        "fpr": 0.045454545454545456,
        "fnr": 0.28,
        "fpr_gap": 0.06332408049965302,
        "fnr_gap": 0.08645161290322584,
        "count": 69
      },
      "middle_east": {
        "fpr": 0.02564102564102564,
        "fnr": 0.1,
        "fpr_gap": 0.08313760031317283,
        "fnr_gap": 0.09354838709677418,
        "count": 69
      },
      "muslim": {
        "fpr": 0.07692307692307693,
        "fnr": 0.1,
        "fpr_gap": 0.03185554903112155,
        "fnr_gap": 0.09354838709677418,
        "count": 69
      },
      "native_american": {
        "fpr": 0.07142857142857142,
        "fnr": 0.25,
        "fpr_gap": 0.03735005452562705,
        "fnr_gap": 0.05645161290322581,
        "count": 70
      },
      "physical_dis": {
        "fpr": 0.14634146341463414,
        "fnr": 0.25925925925925924,
        "fpr_gap": 0.037562837460435664,
        "fnr_gap": 0.06571087216248506,
        "count": 68
      },
      "women": {
        "fpr": 0.19148936170212766,
        "fnr": 0.0,
        "fpr_gap": 0.08271073574792918,
        "fnr_gap": 0.1935483870967742,
        "count": 72
      }
    }
  },
  "per_group_f1": {
    "asian": 0.7619047619047619,
    "black": 0.8306836248012719,
    "chinese": 0.8755555555555554,
    "jewish": 0.8621531631520533,
    "latino": 0.7496807151979565,
    "lgbtq": 0.8402903811252269,
    "mental_dis": 0.8845528455284553,
    "mexican": 0.8516129032258064,
    "middle_east": 0.9405172413793104,
    "muslim": 0.9115384615384616,
    "native_american": 0.8470279720279721,
    "physical_dis": 0.7990452375539896,
    "women": 0.8707876370887337
  }
}