{
  "task": {
    "accuracy": 0.8582589285714286,
    "macro_f1": 0.8548658435017288,
    "binary_f1": 0.8326745718050065,
    "auc_roc": 0.9293200566362965,
    "precision": 0.8165374677002584,
    "recall": 0.8494623655913979
  },
  "causal": {
    "cfr": 0.03311965811965812,
    "ctfg": 0.036905281245708466,
    "n_pairs": 936,
    "mean_prob_orig": 0.5031678080558777,
    "mean_prob_cf": 0.508286714553833,
    "per_group": {
      "asian": {
        "cfr": 0.014705882352941176,
        "ctfg": 0.03847675770521164,
        "count": 68
      },
      "muslim": {
        "cfr": 0.0425531914893617,
        "ctfg": 0.04499438405036926,
        "count": 94
      },
      "disabled": {
        "cfr": 0.06976744186046512,
        "ctfg": 0.039393723011016846,
        "count": 43
      },
      "white": {
        "cfr": 0.09836065573770492,
        "ctfg": 0.07606043666601181,
        "count": 61
      },
      "men": {
        "cfr": 0.028871391076115485,
        "ctfg": 0.029427645727992058,
        "count": 381
      },
      "women": {
        "cfr": 0.027624309392265192,
        "ctfg": 0.033310312777757645,
        "count": 181
      },
      "jewish": {
        "cfr": 0.0,
        "ctfg": 0.022322874516248703,
        "count": 43
      },
      "black": {
        "cfr": 0.030303030303030304,
        "ctfg": 0.04701167345046997,
        "count": 33
      },
      "gay": {
        "cfr": 0.0,
        "ctfg": 0.05076233670115471,
        "count": 21
      },
      "christian": {
        "cfr": 0.0,
        "ctfg": 0.04958689212799072,
        "count": 11
      }
    }
  },
  "group_fairness": {
    "fped": 0.7366023144524401,
    "fned": 0.8780823336120889,
    "per_group": {
      "asian": {
        "fpr": 0.15384615384615385,
        "fnr": 0.3225806451612903,
        "fpr_gap": 0.01834997064004698,
        "fnr_gap": 0.17204301075268816,
        "count": 70
      },
      "black": {
        "fpr": 0.1794871794871795,
        "fnr": 0.09375,
        "fpr_gap": 0.043990996281072614,
        "fnr_gap": 0.056787634408602156,
        "count": 71
      },
      "chinese": {
        "fpr": 0.13333333333333333,
        "fnr": 0.12,
        "fpr_gap": 0.0021628498727735423,
        "fnr_gap": 0.03053763440860216,
        "count": 70
      },
      "jewish": {
        "fpr": 0.16666666666666666,
        "fnr": 0.1111111111111111,
        "fpr_gap": 0.031170483460559784,
        "fnr_gap": 0.03942652329749105,
        "count": 69
      },
      "latino": {
        "fpr": 0.2608695652173913,
        "fnr": 0.2727272727272727,
        "fpr_gap": 0.12537338201128442,
        "fnr_gap": 0.12218963831867055,
        "count": 56
      },
      "lgbtq": {
        "fpr": 0.14285714285714285,
        "fnr": 0.2,
        "fpr_gap": 0.007360959651035975,
        "fnr_gap": 0.049462365591397855,
        "count": 72
      },
      "mental_dis": {
        "fpr": 0.16666666666666666,
        "fnr": 0.10344827586206896,
        "fpr_gap": 0.031170483460559784,
        "fnr_gap": 0.04708935854653319,
        "count": 71
      },
      "mexican": {
        "fpr": 0.022727272727272728,
        "fnr": 0.16,
        "fpr_gap": 0.11276891047883414,
        "fnr_gap": 0.009462365591397848,
        "count": 69
      },
      "middle_east": {
        "fpr": 0.02564102564102564,
        "fnr": 0.03333333333333333,
        "fpr_gap": 0.10985515756508124,
        "fnr_gap": 0.11720430107526883,
        "count": 69
      },
      "muslim": {
        "fpr": 0.05128205128205128,
        "fnr": 0.13333333333333333,
        "fpr_gap": 0.0842141319240556,
        "fnr_gap": 0.017204301075268824,
        "count": 69
      },
      "native_american": {
        "fpr": 0.19047619047619047,
        "fnr": 0.21428571428571427,
        "fpr_gap": 0.05498000727008359,
        "fnr_gap": 0.06374807987711212,
        "count": 70
      },
      "physical_dis": {
        "fpr": 0.0975609756097561,
        "fnr": 0.14814814814814814,
        "fpr_gap": 0.03793520759635077,
        "fnr_gap": 0.0023894862604540157,
        "count": 68
      },
      "women": {
        "fpr": 0.2127659574468085,
        "fnr": 0.0,
        "fpr_gap": 0.07726977424070164,
        "fnr_gap": 0.15053763440860216,
        "count": 72
      }
    }
  },
  "per_group_f1": {
    "asian": 0.7645079899074853,
    "black": 0.8589030206677265,
    "chinese": 0.8633702016916069,
    "jewish": 0.8512931034482758,
    "latino": 0.727891156462585,
    "lgbtq": 0.8285714285714286,
    "mental_dis": 0.8568548387096775,
    "mexican": 0.9193359831657704,
    "middle_east": 0.9705128205128205,
    "muslim": 0.9107758620689654,
    "native_american": 0.7939444911690496,
    "physical_dis": 0.877145438121048,
    "women": 0.8571428571428572
  }
}