{
  "task": {
    "accuracy": 0.8061330561330561,
    "macro_f1": 0.802089874359893,
    "binary_f1": 0.8303774442928604,
    "auc_roc": 0.8843657199421305,
    "precision": 0.8637653736991485,
    "recall": 0.7994746059544658
  },
  "causal": {
    "cfr": 0.1625,
    "ctfg": 0.14480015635490417,
    "n_pairs": 2640,
    "mean_prob_orig": 0.5860469937324524,
    "mean_prob_cf": 0.48348468542099,
    "per_group": {
      "men": {
        "cfr": 0.13853317811408614,
        "ctfg": 0.12308044731616974,
        "count": 859
      },
      "disabled": {
        "cfr": 0.5111111111111111,
        "ctfg": 0.45825088024139404,
        "count": 90
      },
      "women": {
        "cfr": 0.11375661375661375,
        "ctfg": 0.09143728762865067,
        "count": 378
      },
      "muslim": {
        "cfr": 0.1696113074204947,
        "ctfg": 0.12990999221801758,
        "count": 283
      },
      "black": {
        "cfr": 0.3475783475783476,
        "ctfg": 0.30762991309165955,
        "count": 351
      },
      "white": {
        "cfr": 0.05202312138728324,
        "ctfg": 0.05932030826807022,
        "count": 346
      },
      "jewish": {
        "cfr": 0.12605042016806722,
        "ctfg": 0.09760797023773193,
        "count": 119
      },
      "gay": {
        "cfr": 0.0962962962962963,
        "ctfg": 0.12039639800786972,
        "count": 135
      },
      "asian": {
        "cfr": 0.022222222222222223,
        "ctfg": 0.08714883029460907,
        "count": 45
      },
      "christian": {
        "cfr": 0.11764705882352941,
        "ctfg": 0.10830704867839813,
        "count": 34
      }
    }
  },
  "group_fairness": {
    "fped": 1.2178793446622411,
    "fned": 0.6313569771509063,
    "per_group": {
      "disability": {
        "fpr": 1.0,
        "fnr": 0.0,
        "fpr_gap": 0.8158567774936061,
        "fnr_gap": 0.20052539404553416,
        "count": 9
      },
      "gender": {
        "fpr": 0.19491525423728814,
        "fnr": 0.2264808362369338,
        "fpr_gap": 0.010772031730894277,
        "fnr_gap": 0.02595544219139964,
        "count": 405
      },
      "none": {
        "fpr": 0.12359550561797752,
        "fnr": 0.3389830508474576,
        "fpr_gap": 0.06054771688841634,
        "fnr_gap": 0.13845765680192346,
        "count": 563
      },
      "race": {
        "fpr": 0.3387096774193548,
        "fnr": 0.1572052401746725,
        "fpr_gap": 0.15456645491296095,
        "fnr_gap": 0.04332015387086166,
        "count": 582
      },
      "religion": {
        "fpr": 0.3125,
        "fnr": 0.12755102040816327,
        "fpr_gap": 0.12835677749360613,
        "fnr_gap": 0.07297437363737089,
        "count": 244
      },
      "sexual_orientation": {
        "fpr": 0.13636363636363635,
        "fnr": 0.35064935064935066,
        "fpr_gap": 0.04777958614275751,
        "fnr_gap": 0.1501239566038165,
        "count": 121
      }
    }
  },
  "per_group_f1": {
    "disability": 0.4,
    "gender": 0.7590198517877427,
    "none": 0.7564712578258395,
    "race": 0.7306299429981973,
    "religion": 0.7589647337745727,
    "sexual_orientation": 0.7245637028350693
  }
}