{
  "task": {
    "accuracy": 0.8683035714285714,
    "macro_f1": 0.8638529331472163,
    "binary_f1": 0.8392370572207085,
    "auc_roc": 0.9331188951818107,
    "precision": 0.850828729281768,
    "recall": 0.8279569892473119
  },
  "causal": {
    "cfr": 0.02564102564102564,
    "ctfg": 0.037011533975601196,
    "n_pairs": 936,
    "mean_prob_orig": 0.4683792293071747,
    "mean_prob_cf": 0.4680394232273102,
    "per_group": {
      "asian": {
        "cfr": 0.014705882352941176,
        "ctfg": 0.051734741777181625,
        "count": 68
      },
      "muslim": {
        "cfr": 0.0,
        "ctfg": 0.021554376929998398,
        "count": 94
      },
      "disabled": {
        "cfr": 0.046511627906976744,
        "ctfg": 0.0808386355638504,
        "count": 43
      },
      "white": {
        "cfr": 0.04918032786885246,
        "ctfg": 0.05904686078429222,
        "count": 61
      },
      "men": {
        "cfr": 0.028871391076115485,
        "ctfg": 0.032239221036434174,
        "count": 381
      },
      "women": {
        "cfr": 0.022099447513812154,
        "ctfg": 0.036819715052843094,
        "count": 181
      },
      "jewish": {
        "cfr": 0.023255813953488372,
        "ctfg": 0.019442979246377945,
        "count": 43
      },
      "black": {
        "cfr": 0.030303030303030304,
        "ctfg": 0.03416316583752632,
        "count": 33
      },
      "gay": {
        "cfr": 0.0,
        "ctfg": 0.024212714284658432,
        "count": 21
      },
      "christian": {
        "cfr": 0.09090909090909091,
        "ctfg": 0.05467170849442482,
        "count": 11
      }
    }
  },
  "group_fairness": {
    "fped": 0.5577419291850064,
    "fned": 0.7888569884982565,
    "per_group": {
      "asian": {
        "fpr": 0.15384615384615385,
        "fnr": 0.3225806451612903,
        "fpr_gap": 0.05079271873165003,
        "fnr_gap": 0.15053763440860213,
        "count": 70
      },
      "black": {
        "fpr": 0.1794871794871795,
        "fnr": 0.0625,
        "fpr_gap": 0.07643374437267567,
        "fnr_gap": 0.10954301075268819,
        "count": 71
      },
      "chinese": {
        "fpr": 0.08888888888888889,
        "fnr": 0.12,
        "fpr_gap": 0.01416454622561493,
        "fnr_gap": 0.05204301075268819,
        "count": 70
      },
      "jewish": {
        "fpr": 0.14285714285714285,
        "fnr": 0.18518518518518517,
        "fpr_gap": 0.03980370774263903,
        "fnr_gap": 0.01314217443249699,
        "count": 69
      },
      "latino": {
        "fpr": 0.13043478260869565,
        "fnr": 0.21212121212121213,
        "fpr_gap": 0.027381347494191827,
        "fnr_gap": 0.04007820136852394,
        "count": 56
      },
      "lgbtq": {
        "fpr": 0.047619047619047616,
        "fnr": 0.23333333333333334,
        "fpr_gap": 0.055434387495456205,
        "fnr_gap": 0.06129032258064515,
        "count": 72
      },
      "mental_dis": {
        "fpr": 0.09523809523809523,
        "fnr": 0.1724137931034483,
        "fpr_gap": 0.007815339876408589,
        "fnr_gap": 0.0003707823507601016,
        "count": 71
      },
      "mexican": {
        "fpr": 0.022727272727272728,
        "fnr": 0.2,
        "fpr_gap": 0.08032616238723109,
        "fnr_gap": 0.027956989247311825,
        "count": 69
      },
      "middle_east": {
        "fpr": 0.05128205128205128,
        "fnr": 0.13333333333333333,
        "fpr_gap": 0.05177138383245254,
        "fnr_gap": 0.038709677419354854,
        "count": 69
      },
      "muslim": {
        "fpr": 0.1282051282051282,
        "fnr": 0.1,
        "fpr_gap": 0.025151693090624372,
        "fnr_gap": 0.07204301075268818,
        "count": 69
      },
      "native_american": {
        "fpr": 0.07142857142857142,
        "fnr": 0.25,
        "fpr_gap": 0.0316248636859324,
        "fnr_gap": 0.07795698924731181,
        "count": 70
      },
      "physical_dis": {
        "fpr": 0.07317073170731707,
        "fnr": 0.18518518518518517,
        "fpr_gap": 0.029882703407186753,
        "fnr_gap": 0.01314217443249699,
        "count": 68
      },
      "women": {
        "fpr": 0.1702127659574468,
        "fnr": 0.04,
        "fpr_gap": 0.06715933084294298,
        "fnr_gap": 0.13204301075268818,
        "count": 72
      }
    }
  },
  "per_group_f1": {
    "asian": 0.7645079899074853,
    "black": 0.8731387730792137,
    "chinese": 0.8920467063229787,
    "jewish": 0.8337349397590361,
    "latino": 0.8193548387096774,
    "lgbtq": 0.8676200204290092,
    "mental_dis": 0.8681114551083591,
    "mexican": 0.9021739130434783,
    "middle_east": 0.9107758620689654,
    "muslim": 0.8828522920203736,
    "native_american": 0.8470279720279721,
    "physical_dis": 0.8754578754578755,
    "women": 0.8693284936479129
  }
}