{
  "task": {
    "accuracy": 0.8092515592515592,
    "macro_f1": 0.804785884805348,
    "binary_f1": 0.8343115124153498,
    "auc_roc": 0.8810730490322985,
    "precision": 0.8611369990680335,
    "recall": 0.809106830122592
  },
  "causal": {
    "cfr": 0.16136363636363638,
    "ctfg": 0.15801730751991272,
    "n_pairs": 2640,
    "mean_prob_orig": 0.5839473009109497,
    "mean_prob_cf": 0.48404058814048767,
    "per_group": {
      "men": {
        "cfr": 0.11175785797438882,
        "ctfg": 0.11860030889511108,
        "count": 859
      },
      "disabled": {
        "cfr": 0.4888888888888889,
        "ctfg": 0.47656047344207764,
        "count": 90
      },
      "women": {
        "cfr": 0.12433862433862433,
        "ctfg": 0.12141359597444534,
        "count": 378
      },
      "muslim": {
        "cfr": 0.14840989399293286,
        "ctfg": 0.14561249315738678,
        "count": 283
      },
      "black": {
        "cfr": 0.3190883190883191,
        "ctfg": 0.307485967874527,
        "count": 351
      },
      "white": {
        "cfr": 0.12138728323699421,
        "ctfg": 0.09971949458122253,
        "count": 346
      },
      "jewish": {
        "cfr": 0.13445378151260504,
        "ctfg": 0.11840309947729111,
        "count": 119
      },
      "gay": {
        "cfr": 0.14074074074074075,
        "ctfg": 0.15385295450687408,
        "count": 135
      },
      "asian": {
        "cfr": 0.06666666666666667,
        "ctfg": 0.08423139154911041,
        "count": 45
      },
      "christian": {
        "cfr": 0.14705882352941177,
        "ctfg": 0.12393701821565628,
        "count": 34
      }
    }
  },
  "group_fairness": {
    "fped": 0.9714873807127942,
    "fned": 0.4964086259091207,
    "per_group": {
      "disability": {
        "fpr": 0.6666666666666666,
        "fnr": 0.0,
        "fpr_gap": 0.47612958226768964,
        "fnr_gap": 0.19089316987740806,
        "count": 9
      },
      "gender": {
        "fpr": 0.2033898305084746,
        "fnr": 0.1986062717770035,
        "fpr_gap": 0.012852746109497604,
        "fnr_gap": 0.007713101899595426,
        "count": 405
      },
      "none": {
        "fpr": 0.1303370786516854,
        "fnr": 0.3474576271186441,
        "fpr_gap": 0.06020000574729159,
        "fnr_gap": 0.15656445724123602,
        "count": 563
      },
      "race": {
        "fpr": 0.33064516129032256,
        "fnr": 0.16375545851528384,
        "fpr_gap": 0.14010807689134558,
        "fnr_gap": 0.02713771136212423,
        "count": 582
      },
      "religion": {
        "fpr": 0.3958333333333333,
        "fnr": 0.1326530612244898,
        "fpr_gap": 0.20529624893435633,
        "fnr_gap": 0.05824010865291826,
        "count": 244
      },
      "sexual_orientation": {
        "fpr": 0.11363636363636363,
        "fnr": 0.24675324675324675,
        "fpr_gap": 0.07690072076261335,
        "fnr_gap": 0.05586007687583869,
        "count": 121
      }
    }
  },
  "per_group_f1": {
    "disability": 0.6785714285714286,
    "gender": 0.7745810113448179,
    "none": 0.7476467951591215,
    "race": 0.7285666039465432,
    "religion": 0.7231118396166939,
    "sexual_orientation": 0.7966386554621849
  }
}