{
  "task": {
    "accuracy": 0.7936590436590436,
    "macro_f1": 0.7865552629188992,
    "binary_f1": 0.8254945054945054,
    "auc_roc": 0.8706010006225896,
    "precision": 0.8287731685789939,
    "recall": 0.8222416812609457
  },
  "causal": {
    "cfr": 0.054924242424242424,
    "ctfg": 0.04432300105690956,
    "n_pairs": 2640,
    "mean_prob_orig": 0.5792694091796875,
    "mean_prob_cf": 0.5686684250831604,
    "per_group": {
      "men": {
        "cfr": 0.05587892898719441,
        "ctfg": 0.04546559602022171,
        "count": 859
      },
      "disabled": {
        "cfr": 0.03333333333333333,
        "ctfg": 0.031347937881946564,
        "count": 90
      },
      "women": {
        "cfr": 0.047619047619047616,
        "ctfg": 0.04339081794023514,
        "count": 378
      },
      "muslim": {
        "cfr": 0.05653710247349823,
        "ctfg": 0.0351397804915905,
        "count": 283
      },
      "black": {
        "cfr": 0.07692307692307693,
        "ctfg": 0.06511174887418747,
        "count": 351
      },
      "white": {
        "cfr": 0.02601156069364162,
        "ctfg": 0.026698751375079155,
        "count": 346
      },
      "jewish": {
        "cfr": 0.058823529411764705,
        "ctfg": 0.03784734383225441,
        "count": 119
      },
      "gay": {
        "cfr": 0.08888888888888889,
        "ctfg": 0.057915959507226944,
        "count": 135
      },
      "asian": {
        "cfr": 0.044444444444444446,
        "ctfg": 0.03882675990462303,
        "count": 45
      },
      "christian": {
        "cfr": 0.08823529411764706,
        "ctfg": 0.07730858772993088,
        "count": 34
      }
    }
  },
  "group_fairness": {
    "fped": 0.9743737961019917,
    "fned": 0.3187482003890985,
    "per_group": {
      "disability": {
        "fpr": 0.6666666666666666,
        "fnr": 0.16666666666666666,
        "fpr_gap": 0.41858482523444157,
        "fnr_gap": 0.011091652072387631,
        "count": 9
      },
      "gender": {
        "fpr": 0.3050847457627119,
        "fnr": 0.18466898954703834,
        "fpr_gap": 0.057002904330486825,
        "fnr_gap": 0.006910670807984048,
        "count": 405
      },
      "none": {
        "fpr": 0.1662921348314607,
        "fnr": 0.288135593220339,
        "fpr_gap": 0.08178970660076437,
        "fnr_gap": 0.1103772744812847,
        "count": 563
      },
      "race": {
        "fpr": 0.4112903225806452,
        "fnr": 0.15065502183406113,
        "fpr_gap": 0.16320848114842013,
        "fnr_gap": 0.027103296904993163,
        "count": 582
      },
      "religion": {
        "fpr": 0.4583333333333333,
        "fnr": 0.12244897959183673,
        "fpr_gap": 0.21025149190110826,
        "fnr_gap": 0.05530933914721756,
        "count": 244
      },
      "sexual_orientation": {
        "fpr": 0.20454545454545456,
        "fnr": 0.2857142857142857,
        "fpr_gap": 0.0435363868867705,
        "fnr_gap": 0.10795596697523141,
        "count": 121
      }
    }
  },
  "per_group_f1": {
    "disability": 0.5846153846153845,
    "gender": 0.7442183918649455,
    "none": 0.7408184143222507,
    "race": 0.7076209454594169,
    "religion": 0.7063317634746207,
    "sexual_orientation": 0.736605575451162
  }
}