{
  "task": {
    "accuracy": 0.8092515592515592,
    "macro_f1": 0.8013809507334139,
    "binary_f1": 0.8409189423493715,
    "auc_roc": 0.8879002602335383,
    "precision": 0.8326180257510729,
    "recall": 0.8493870402802102
  },
  "causal": {
    "cfr": 0.09318181818181819,
    "ctfg": 0.03807101771235466,
    "n_pairs": 2640,
    "mean_prob_orig": 0.5654377341270447,
    "mean_prob_cf": 0.5502966642379761,
    "per_group": {
      "men": {
        "cfr": 0.08731082654249127,
        "ctfg": 0.03696750849485397,
        "count": 859
      },
      "disabled": {
        "cfr": 0.03333333333333333,
        "ctfg": 0.028346719220280647,
        "count": 90
      },
      "women": {
        "cfr": 0.082010582010582,
        "ctfg": 0.03267427906394005,
        "count": 378
      },
      "muslim": {
        "cfr": 0.06713780918727916,
        "ctfg": 0.030246185138821602,
        "count": 283
      },
      "black": {
        "cfr": 0.1794871794871795,
        "ctfg": 0.07045391201972961,
        "count": 351
      },
      "white": {
        "cfr": 0.057803468208092484,
        "ctfg": 0.022552955895662308,
        "count": 346
      },
      "jewish": {
        "cfr": 0.10084033613445378,
        "ctfg": 0.04228151589632034,
        "count": 119
      },
      "gay": {
        "cfr": 0.14074074074074075,
        "ctfg": 0.03954815864562988,
        "count": 135
      },
      "asian": {
        "cfr": 0.044444444444444446,
        "ctfg": 0.0249690692871809,
        "count": 45
      },
      "christian": {
        "cfr": 0.058823529411764705,
        "ctfg": 0.03717314824461937,
        "count": 34
      }
    }
  },
  "group_fairness": {
    "fped": 0.9349466484224224,
    "fned": 0.36445484501398157,
    "per_group": {
      "disability": {
        "fpr": 0.6666666666666666,
        "fnr": 0.16666666666666666,
        "fpr_gap": 0.4173060528559249,
        "fnr_gap": 0.016053706946876828,
        "count": 9
      },
      "gender": {
        "fpr": 0.2796610169491525,
        "fnr": 0.14982578397212543,
        "fpr_gap": 0.030300403138410842,
        "fnr_gap": 0.0007871757476644037,
        "count": 405
      },
      "none": {
        "fpr": 0.17303370786516853,
        "fnr": 0.2796610169491525,
        "fpr_gap": 0.07632690594557315,
        "fnr_gap": 0.1290480572293627,
        "count": 563
      },
      "race": {
        "fpr": 0.4274193548387097,
        "fnr": 0.11572052401746726,
        "fpr_gap": 0.178058741027968,
        "fnr_gap": 0.034892435702322575,
        "count": 582
      },
      "religion": {
        "fpr": 0.4375,
        "fnr": 0.10204081632653061,
        "fpr_gap": 0.18813938618925832,
        "fnr_gap": 0.048572143393259215,
        "count": 244
      },
      "sexual_orientation": {
        "fpr": 0.20454545454545456,
        "fnr": 0.2857142857142857,
        "fpr_gap": 0.04481515926528712,
        "fnr_gap": 0.13510132599449587,
        "count": 121
      }
    }
  },
  "per_group_f1": {
    "disability": 0.5846153846153845,
    "gender": 0.7781525687597302,
    "none": 0.7385596082404593,
    "race": 0.7284300605719116,
    "religion": 0.7320476764430159,
    "sexual_orientation": 0.736605575451162
  }
}