{
  "task": {
    "accuracy": 0.8165280665280665,
    "macro_f1": 0.8094426838489563,
    "binary_f1": 0.8461873638344227,
    "auc_roc": 0.8881426894979418,
    "precision": 0.8421509106678231,
    "recall": 0.850262697022767
  },
  "causal": {
    "cfr": 0.16893939393939394,
    "ctfg": 0.14800050854682922,
    "n_pairs": 2640,
    "mean_prob_orig": 0.6118966937065125,
    "mean_prob_cf": 0.5168876647949219,
    "per_group": {
      "men": {
        "cfr": 0.12456344586728754,
        "ctfg": 0.10919512063264847,
        "count": 859
      },
      "disabled": {
        "cfr": 0.4888888888888889,
        "ctfg": 0.43579691648483276,
        "count": 90
      },
      "women": {
        "cfr": 0.11904761904761904,
        "ctfg": 0.10680761933326721,
        "count": 378
      },
      "muslim": {
        "cfr": 0.1696113074204947,
        "ctfg": 0.14250850677490234,
        "count": 283
      },
      "black": {
        "cfr": 0.31054131054131057,
        "ctfg": 0.2802448868751526,
        "count": 351
      },
      "white": {
        "cfr": 0.1069364161849711,
        "ctfg": 0.08633127063512802,
        "count": 346
      },
      "jewish": {
        "cfr": 0.16806722689075632,
        "ctfg": 0.12054210156202316,
        "count": 119
      },
      "gay": {
        "cfr": 0.18518518518518517,
        "ctfg": 0.18996356427669525,
        "count": 135
      },
      "asian": {
        "cfr": 0.1111111111111111,
        "ctfg": 0.09952517598867416,
        "count": 45
      },
      "christian": {
        "cfr": 0.17647058823529413,
        "ctfg": 0.1262659728527069,
        "count": 34
      }
    }
  },
  "group_fairness": {
    "fped": 1.2487115074992292,
    "fned": 0.30908228064280696,
    "per_group": {
      "disability": {
        "fpr": 1.0,
        "fnr": 0.16666666666666666,
        "fpr_gap": 0.7672634271099744,
        "fnr_gap": 0.016929363689433735,
        "count": 9
      },
      "gender": {
        "fpr": 0.2457627118644068,
        "fnr": 0.16376306620209058,
        "fpr_gap": 0.013026138974381207,
        "fnr_gap": 0.014025763224857657,
        "count": 405
      },
      "none": {
        "fpr": 0.1662921348314607,
        "fnr": 0.2542372881355932,
        "fpr_gap": 0.0664444380585649,
        "fnr_gap": 0.10449998515836029,
        "count": 563
      },
      "race": {
        "fpr": 0.3790322580645161,
        "fnr": 0.11572052401746726,
        "fpr_gap": 0.14629568517449054,
        "fnr_gap": 0.03401677895976567,
        "count": 582
      },
      "religion": {
        "fpr": 0.4375,
        "fnr": 0.10714285714285714,
        "fpr_gap": 0.20476342710997442,
        "fnr_gap": 0.042594445834375785,
        "count": 244
      },
      "sexual_orientation": {
        "fpr": 0.18181818181818182,
        "fnr": 0.24675324675324675,
        "fpr_gap": 0.05091839107184376,
        "fnr_gap": 0.09701594377601383,
        "count": 121
      }
    }
  },
  "per_group_f1": {
    "disability": 0.35714285714285715,
    "gender": 0.7820483770463944,
    "none": 0.7528199932455251,
    "race": 0.7482045513541578,
    "religion": 0.7276785714285714,
    "sexual_orientation": 0.7692307692307693
  }
}