{
  "task": {
    "accuracy": 0.7962577962577962,
    "macro_f1": 0.7873397734129604,
    "binary_f1": 0.8308886971527178,
    "auc_roc": 0.8753963970420271,
    "precision": 0.8188775510204082,
    "recall": 0.8432574430823118
  },
  "causal": {
    "cfr": 0.06742424242424243,
    "ctfg": 0.048696279525756836,
    "n_pairs": 2640,
    "mean_prob_orig": 0.615746259689331,
    "mean_prob_cf": 0.604240357875824,
    "per_group": {
      "men": {
        "cfr": 0.07450523864959255,
        "ctfg": 0.04986308142542839,
        "count": 859
      },
      "disabled": {
        "cfr": 0.044444444444444446,
        "ctfg": 0.030779743567109108,
        "count": 90
      },
      "women": {
        "cfr": 0.06613756613756613,
        "ctfg": 0.04778033494949341,
        "count": 378
      },
      "muslim": {
        "cfr": 0.0636042402826855,
        "ctfg": 0.03951389342546463,
        "count": 283
      },
      "black": {
        "cfr": 0.09686609686609686,
        "ctfg": 0.07298712432384491,
        "count": 351
      },
      "white": {
        "cfr": 0.03468208092485549,
        "ctfg": 0.030454272404313087,
        "count": 346
      },
      "jewish": {
        "cfr": 0.05042016806722689,
        "ctfg": 0.04639200121164322,
        "count": 119
      },
      "gay": {
        "cfr": 0.07407407407407407,
        "ctfg": 0.05970973148941994,
        "count": 135
      },
      "asian": {
        "cfr": 0.06666666666666667,
        "ctfg": 0.040523603558540344,
        "count": 45
      },
      "christian": {
        "cfr": 0.058823529411764705,
        "ctfg": 0.06328046321868896,
        "count": 34
      }
    }
  },
  "group_fairness": {
    "fped": 0.9244739776304493,
    "fned": 0.273400363401091,
    "per_group": {
      "disability": {
        "fpr": 0.6666666666666666,
        "fnr": 0.16666666666666666,
        "fpr_gap": 0.3942881500426257,
        "fnr_gap": 0.009924109748978394,
        "count": 9
      },
      "gender": {
        "fpr": 0.3050847457627119,
        "fnr": 0.16376306620209058,
        "fpr_gap": 0.03270622913867094,
        "fnr_gap": 0.007020509284402315,
        "count": 405
      },
      "none": {
        "fpr": 0.19325842696629214,
        "fnr": 0.2796610169491525,
        "fpr_gap": 0.0791200896577488,
        "fnr_gap": 0.12291846003146426,
        "count": 563
      },
      "race": {
        "fpr": 0.4596774193548387,
        "fnr": 0.12663755458515283,
        "fpr_gap": 0.18729890273079774,
        "fnr_gap": 0.030105002332535435,
        "count": 582
      },
      "religion": {
        "fpr": 0.4583333333333333,
        "fnr": 0.11734693877551021,
        "fpr_gap": 0.18595481670929237,
        "fnr_gap": 0.039395618142178054,
        "count": 244
      },
      "sexual_orientation": {
        "fpr": 0.22727272727272727,
        "fnr": 0.22077922077922077,
        "fpr_gap": 0.04510578935131368,
        "fnr_gap": 0.0640366638615325,
        "count": 121
      }
    }
  },
  "per_group_f1": {
    "disability": 0.5846153846153845,
    "gender": 0.7582715498953696,
    "none": 0.723030430810317,
    "race": 0.7062347751662388,
    "religion": 0.710496480080154,
    "sexual_orientation": 0.7660580021482277
  }
}