{
  "task": {
    "accuracy": 0.8092515592515592,
    "macro_f1": 0.8020491229958786,
    "binary_f1": 0.8398079441292012,
    "auc_roc": 0.8888128692427248,
    "precision": 0.8372497824194952,
    "recall": 0.8423817863397548
  },
  "causal": {
    "cfr": 0.12045454545454545,
    "ctfg": 0.10673356801271439,
    "n_pairs": 2640,
    "mean_prob_orig": 0.6161673069000244,
    "mean_prob_cf": 0.5416382551193237,
    "per_group": {
      "men": {
        "cfr": 0.11175785797438882,
        "ctfg": 0.09538157284259796,
        "count": 859
      },
      "disabled": {
        "cfr": 0.4888888888888889,
        "ctfg": 0.3963797688484192,
        "count": 90
      },
      "women": {
        "cfr": 0.07407407407407407,
        "ctfg": 0.07087855041027069,
        "count": 378
      },
      "muslim": {
        "cfr": 0.038869257950530034,
        "ctfg": 0.0562664270401001,
        "count": 283
      },
      "black": {
        "cfr": 0.28205128205128205,
        "ctfg": 0.23670439422130585,
        "count": 351
      },
      "white": {
        "cfr": 0.031791907514450865,
        "ctfg": 0.03382042422890663,
        "count": 346
      },
      "jewish": {
        "cfr": 0.13445378151260504,
        "ctfg": 0.1032649427652359,
        "count": 119
      },
      "gay": {
        "cfr": 0.07407407407407407,
        "ctfg": 0.07580684870481491,
        "count": 135
      },
      "asian": {
        "cfr": 0.044444444444444446,
        "ctfg": 0.04795478284358978,
        "count": 45
      },
      "christian": {
        "cfr": 0.029411764705882353,
        "ctfg": 0.05848998203873634,
        "count": 34
      }
    }
  },
  "group_fairness": {
    "fped": 1.2575498557763038,
    "fned": 0.3559064043260939,
    "per_group": {
      "disability": {
        "fpr": 1.0,
        "fnr": 0.16666666666666666,
        "fpr_gap": 0.7608695652173914,
        "fnr_gap": 0.009048453006421486,
        "count": 9
      },
      "gender": {
        "fpr": 0.2796610169491525,
        "fnr": 0.17421602787456447,
        "fpr_gap": 0.040530582166543816,
        "fnr_gap": 0.0165978142143193,
        "count": 405
      },
      "none": {
        "fpr": 0.15730337078651685,
        "fnr": 0.2796610169491525,
        "fpr_gap": 0.08182706399609185,
        "fnr_gap": 0.12204280328890735,
        "count": 563
      },
      "race": {
        "fpr": 0.4032258064516129,
        "fnr": 0.12008733624454149,
        "fpr_gap": 0.16409537166900418,
        "fnr_gap": 0.037530877415703684,
        "count": 582
      },
      "religion": {
        "fpr": 0.4375,
        "fnr": 0.10204081632653061,
        "fpr_gap": 0.1983695652173913,
        "fnr_gap": 0.05557739733371456,
        "count": 244
      },
      "sexual_orientation": {
        "fpr": 0.22727272727272727,
        "fnr": 0.2727272727272727,
        "fpr_gap": 0.011857707509881438,
        "fnr_gap": 0.11510905906702754,
        "count": 121
      }
    }
  },
  "per_group_f1": {
    "disability": 0.35714285714285715,
    "gender": 0.7614620957841627,
    "none": 0.7509801648136936,
    "race": 0.7348611394332771,
    "religion": 0.7320476764430159,
    "sexual_orientation": 0.7350427350427351
  }
}