{
  "task": {
    "accuracy": 0.7962577962577962,
    "macro_f1": 0.7874339930644805,
    "binary_f1": 0.8307426597582037,
    "auc_roc": 0.8841328086857982,
    "precision": 0.8194207836456558,
    "recall": 0.8423817863397548
  },
  "causal": {
    "cfr": 0.10075757575757575,
    "ctfg": 0.1009960025548935,
    "n_pairs": 2640,
    "mean_prob_orig": 0.6262032389640808,
    "mean_prob_cf": 0.5667631030082703,
    "per_group": {
      "men": {
        "cfr": 0.10128055878928988,
        "ctfg": 0.09617139399051666,
        "count": 859
      },
      "disabled": {
        "cfr": 0.07777777777777778,
        "ctfg": 0.07970551401376724,
        "count": 90
      },
      "women": {
        "cfr": 0.09523809523809523,
        "ctfg": 0.08594267070293427,
        "count": 378
      },
      "muslim": {
        "cfr": 0.06713780918727916,
        "ctfg": 0.09557286649942398,
        "count": 283
      },
      "black": {
        "cfr": 0.20512820512820512,
        "ctfg": 0.2022128403186798,
        "count": 351
      },
      "white": {
        "cfr": 0.03757225433526012,
        "ctfg": 0.05021630972623825,
        "count": 346
      },
      "jewish": {
        "cfr": 0.09243697478991597,
        "ctfg": 0.0808233693242073,
        "count": 119
      },
      "gay": {
        "cfr": 0.1259259259259259,
        "ctfg": 0.10013491660356522,
        "count": 135
      },
      "asian": {
        "cfr": 0.022222222222222223,
        "ctfg": 0.0570739209651947,
        "count": 45
      },
      "christian": {
        "cfr": 0.08823529411764706,
        "ctfg": 0.09574206918478012,
        "count": 34
      }
    }
  },
  "group_fairness": {
    "fped": 0.9178834091853796,
    "fned": 0.4284729774345024,
    "per_group": {
      "disability": {
        "fpr": 0.6666666666666666,
        "fnr": 0.0,
        "fpr_gap": 0.39556692242114233,
        "fnr_gap": 0.15761821366024517,
        "count": 9
      },
      "gender": {
        "fpr": 0.3305084745762712,
        "fnr": 0.17073170731707318,
        "fpr_gap": 0.059408730330746895,
        "fnr_gap": 0.013113493656828012,
        "count": 405
      },
      "none": {
        "fpr": 0.1842696629213483,
        "fnr": 0.2542372881355932,
        "fpr_gap": 0.086830081324176,
        "fnr_gap": 0.09661907447534804,
        "count": 563
      },
      "race": {
        "fpr": 0.4596774193548387,
        "fnr": 0.13100436681222707,
        "fpr_gap": 0.1885776751093144,
        "fnr_gap": 0.026613846848018097,
        "count": 582
      },
      "religion": {
        "fpr": 0.4375,
        "fnr": 0.11224489795918367,
        "fpr_gap": 0.1664002557544757,
        "fnr_gap": 0.0453733157010615,
        "count": 244
      },
      "sexual_orientation": {
        "fpr": 0.25,
        "fnr": 0.24675324675324675,
        "fpr_gap": 0.0210997442455243,
        "fnr_gap": 0.08913503309300158,
        "count": 121
      }
    }
  },
  "per_group_f1": {
    "disability": 0.6785714285714286,
    "gender": 0.7431240269849506,
    "none": 0.7387297798992309,
    "race": 0.7028577911792043,
    "religion": 0.7233633031877027,
    "sexual_orientation": 0.7410102739726028
  }
}