{
  "task": {
    "accuracy": 0.8014553014553014,
    "macro_f1": 0.7940008184269385,
    "binary_f1": 0.8331877729257642,
    "auc_roc": 0.8842128719301624,
    "precision": 0.8310104529616724,
    "recall": 0.8353765323992994
  },
  "causal": {
    "cfr": 0.1359848484848485,
    "ctfg": 0.12135256826877594,
    "n_pairs": 2640,
    "mean_prob_orig": 0.6136007308959961,
    "mean_prob_cf": 0.5261651873588562,
    "per_group": {
      "men": {
        "cfr": 0.12572759022118743,
        "ctfg": 0.11083520948886871,
        "count": 859
      },
      "disabled": {
        "cfr": 0.4888888888888889,
        "ctfg": 0.4172278642654419,
        "count": 90
      },
      "women": {
        "cfr": 0.08465608465608465,
        "ctfg": 0.08294054865837097,
        "count": 378
      },
      "muslim": {
        "cfr": 0.10600706713780919,
        "ctfg": 0.08206839859485626,
        "count": 283
      },
      "black": {
        "cfr": 0.2678062678062678,
        "ctfg": 0.2512916028499603,
        "count": 351
      },
      "white": {
        "cfr": 0.05202312138728324,
        "ctfg": 0.04204460233449936,
        "count": 346
      },
      "jewish": {
        "cfr": 0.10084033613445378,
        "ctfg": 0.08257725834846497,
        "count": 119
      },
      "gay": {
        "cfr": 0.11851851851851852,
        "ctfg": 0.11033748090267181,
        "count": 135
      },
      "asian": {
        "cfr": 0.044444444444444446,
        "ctfg": 0.06588055193424225,
        "count": 45
      },
      "christian": {
        "cfr": 0.08823529411764706,
        "ctfg": 0.0764198824763298,
        "count": 34
      }
    }
  },
  "group_fairness": {
    "fped": 1.275478491888653,
    "fned": 0.5352268964038261,
    "per_group": {
      "disability": {
        "fpr": 1.0,
        "fnr": 0.0,
        "fpr_gap": 0.751918158567775,
        "fnr_gap": 0.1646234676007005,
        "count": 9
      },
      "gender": {
        "fpr": 0.3305084745762712,
        "fnr": 0.18815331010452963,
        "fpr_gap": 0.08242663314404614,
        "fnr_gap": 0.023529842503829113,
        "count": 405
      },
      "none": {
        "fpr": 0.15955056179775282,
        "fnr": 0.2966101694915254,
        "fpr_gap": 0.08853127963447224,
        "fnr_gap": 0.1319867018908249,
        "count": 563
      },
      "race": {
        "fpr": 0.4112903225806452,
        "fnr": 0.11790393013100436,
        "fpr_gap": 0.16320848114842013,
        "fnr_gap": 0.04671953746969615,
        "count": 582
      },
      "religion": {
        "fpr": 0.4166666666666667,
        "fnr": 0.11734693877551021,
        "fpr_gap": 0.16858482523444163,
        "fnr_gap": 0.0472765288251903,
        "count": 244
      },
      "sexual_orientation": {
        "fpr": 0.22727272727272727,
        "fnr": 0.2857142857142857,
        "fpr_gap": 0.020809114159497794,
        "fnr_gap": 0.12109081811358519,
        "count": 121
      }
    }
  },
  "per_group_f1": {
    "disability": 0.4,
    "gender": 0.7315567782537113,
    "none": 0.7430861688937871,
    "race": 0.7333339151608244,
    "religion": 0.7275583599491056,
    "sexual_orientation": 0.7273239436619718
  }
}