{
  "task": {
    "accuracy": 0.8071725571725572,
    "macro_f1": 0.7998916202492399,
    "binary_f1": 0.8380619816673941,
    "auc_roc": 0.8898620896618755,
    "precision": 0.835509138381201,
    "recall": 0.840630472854641
  },
  "causal": {
    "cfr": 0.10984848484848485,
    "ctfg": 0.10122387111186981,
    "n_pairs": 2640,
    "mean_prob_orig": 0.6123953461647034,
    "mean_prob_cf": 0.5423241853713989,
    "per_group": {
      "men": {
        "cfr": 0.09778812572759023,
        "ctfg": 0.0912514328956604,
        "count": 859
      },
      "disabled": {
        "cfr": 0.4666666666666667,
        "ctfg": 0.3724156618118286,
        "count": 90
      },
      "women": {
        "cfr": 0.07142857142857142,
        "ctfg": 0.06356015801429749,
        "count": 378
      },
      "muslim": {
        "cfr": 0.028268551236749116,
        "ctfg": 0.05094841495156288,
        "count": 283
      },
      "black": {
        "cfr": 0.2678062678062678,
        "ctfg": 0.22866976261138916,
        "count": 351
      },
      "white": {
        "cfr": 0.028901734104046242,
        "ctfg": 0.03020423837006092,
        "count": 346
      },
      "jewish": {
        "cfr": 0.10084033613445378,
        "ctfg": 0.10009868443012238,
        "count": 119
      },
      "gay": {
        "cfr": 0.06666666666666667,
        "ctfg": 0.07679915428161621,
        "count": 135
      },
      "asian": {
        "cfr": 0.044444444444444446,
        "ctfg": 0.04868149384856224,
        "count": 45
      },
      "christian": {
        "cfr": 0.058823529411764705,
        "ctfg": 0.05001256614923477,
        "count": 34
      }
    }
  },
  "group_fairness": {
    "fped": 1.0257687008868017,
    "fned": 0.4534304469820942,
    "per_group": {
      "disability": {
        "fpr": 0.6666666666666666,
        "fnr": 0.0,
        "fpr_gap": 0.4249786871270247,
        "fnr_gap": 0.159369527145359,
        "count": 9
      },
      "gender": {
        "fpr": 0.288135593220339,
        "fnr": 0.17073170731707318,
        "fpr_gap": 0.04644761368069705,
        "fnr_gap": 0.01136218017171417,
        "count": 405
      },
      "none": {
        "fpr": 0.15955056179775282,
        "fnr": 0.2627118644067797,
        "fpr_gap": 0.08213741774188912,
        "fnr_gap": 0.10334233726142067,
        "count": 563
      },
      "race": {
        "fpr": 0.43548387096774194,
        "fnr": 0.12008733624454149,
        "fpr_gap": 0.1937958914281,
        "fnr_gap": 0.039282190900817526,
        "count": 582
      },
      "religion": {
        "fpr": 0.4375,
        "fnr": 0.1326530612244898,
        "fpr_gap": 0.19581202046035806,
        "fnr_gap": 0.02671646592086921,
        "count": 244
      },
      "sexual_orientation": {
        "fpr": 0.1590909090909091,
        "fnr": 0.2727272727272727,
        "fpr_gap": 0.08259707044873285,
        "fnr_gap": 0.1133577455819137,
        "count": 121
      }
    }
  },
  "per_group_f1": {
    "disability": 0.6785714285714286,
    "gender": 0.7604216408070759,
    "none": 0.7552173913043478,
    "race": 0.7215616564619132,
    "religion": 0.7066032184613811,
    "sexual_orientation": 0.7627450980392156
  }
}