{
  "task": {
    "accuracy": 0.7993762993762994,
    "macro_f1": 0.7898324577578703,
    "binary_f1": 0.834618680377035,
    "auc_roc": 0.8788699101052131,
    "precision": 0.8171140939597316,
    "recall": 0.8528896672504378
  },
  "causal": {
    "cfr": 0.058333333333333334,
    "ctfg": 0.04239858686923981,
    "n_pairs": 2640,
    "mean_prob_orig": 0.6073480844497681,
    "mean_prob_cf": 0.5925672054290771,
    "per_group": {
      "men": {
        "cfr": 0.06286379511059371,
        "ctfg": 0.042652785778045654,
        "count": 859
      },
      "disabled": {
        "cfr": 0.03333333333333333,
        "ctfg": 0.027981236577033997,
        "count": 90
      },
      "women": {
        "cfr": 0.06613756613756613,
        "ctfg": 0.03937612846493721,
        "count": 378
      },
      "muslim": {
        "cfr": 0.038869257950530034,
        "ctfg": 0.037050630897283554,
        "count": 283
      },
      "black": {
        "cfr": 0.09686609686609686,
        "ctfg": 0.06888236850500107,
        "count": 351
      },
      "white": {
        "cfr": 0.02601156069364162,
        "ctfg": 0.026269113644957542,
        "count": 346
      },
      "jewish": {
        "cfr": 0.09243697478991597,
        "ctfg": 0.040901534259319305,
        "count": 119
      },
      "gay": {
        "cfr": 0.02962962962962963,
        "ctfg": 0.04644709825515747,
        "count": 135
      },
      "asian": {
        "cfr": 0.044444444444444446,
        "ctfg": 0.03500901907682419,
        "count": 45
      },
      "christian": {
        "cfr": 0.029411764705882353,
        "ctfg": 0.04193618893623352,
        "count": 34
      }
    }
  },
  "group_fairness": {
    "fped": 1.2269492964198667,
    "fned": 0.35188789339291815,
    "per_group": {
      "disability": {
        "fpr": 1.0,
        "fnr": 0.16666666666666666,
        "fpr_gap": 0.7212276214833759,
        "fnr_gap": 0.019556333917104485,
        "count": 9
      },
      "gender": {
        "fpr": 0.3305084745762712,
        "fnr": 0.14634146341463414,
        "fpr_gap": 0.05173609605964713,
        "fnr_gap": 0.0007688693349280351,
        "count": 405
      },
      "none": {
        "fpr": 0.20449438202247192,
        "fnr": 0.288135593220339,
        "fpr_gap": 0.07427799649415215,
        "fnr_gap": 0.14102526047077682,
        "count": 563
      },
      "race": {
        "fpr": 0.4274193548387097,
        "fnr": 0.1091703056768559,
        "fpr_gap": 0.14864697632208562,
        "fnr_gap": 0.03794002707270627,
        "count": 582
      },
      "religion": {
        "fpr": 0.4583333333333333,
        "fnr": 0.10714285714285714,
        "fpr_gap": 0.17956095481670925,
        "fnr_gap": 0.039967475606705036,
        "count": 244
      },
      "sexual_orientation": {
        "fpr": 0.22727272727272727,
        "fnr": 0.2597402597402597,
        "fpr_gap": 0.0514996512438968,
        "fnr_gap": 0.11262992699069754,
        "count": 121
      }
    }
  },
  "per_group_f1": {
    "disability": 0.35714285714285715,
    "gender": 0.7596157369072829,
    "none": 0.7116594077904199,
    "race": 0.7337567453532012,
    "religion": 0.7189768313914557,
    "sexual_orientation": 0.7427721088435375
  }
}