{
  "task": {
    "accuracy": 0.803014553014553,
    "macro_f1": 0.7947087379050772,
    "binary_f1": 0.8360017308524448,
    "auc_roc": 0.8875111416682717,
    "precision": 0.8263473053892215,
    "recall": 0.8458844133099825
  },
  "causal": {
    "cfr": 0.12424242424242424,
    "ctfg": 0.10490977019071579,
    "n_pairs": 2640,
    "mean_prob_orig": 0.6246480941772461,
    "mean_prob_cf": 0.5504910349845886,
    "per_group": {
      "men": {
        "cfr": 0.10593713620488941,
        "ctfg": 0.09315919131040573,
        "count": 859
      },
      "disabled": {
        "cfr": 0.5,
        "ctfg": 0.3989012539386749,
        "count": 90
      },
      "women": {
        "cfr": 0.07936507936507936,
        "ctfg": 0.06999274343252182,
        "count": 378
      },
      "muslim": {
        "cfr": 0.06713780918727916,
        "ctfg": 0.04726967215538025,
        "count": 283
      },
      "black": {
        "cfr": 0.28774928774928776,
        "ctfg": 0.236410990357399,
        "count": 351
      },
      "white": {
        "cfr": 0.028901734104046242,
        "ctfg": 0.03314177319407463,
        "count": 346
      },
      "jewish": {
        "cfr": 0.11764705882352941,
        "ctfg": 0.09557975828647614,
        "count": 119
      },
      "gay": {
        "cfr": 0.1037037037037037,
        "ctfg": 0.07948779314756393,
        "count": 135
      },
      "asian": {
        "cfr": 0.06666666666666667,
        "ctfg": 0.05332544818520546,
        "count": 45
      },
      "christian": {
        "cfr": 0.029411764705882353,
        "ctfg": 0.06619342416524887,
        "count": 34
      }
    }
  },
  "group_fairness": {
    "fped": 1.237290171877903,
    "fned": 0.4626658086799095,
    "per_group": {
      "disability": {
        "fpr": 1.0,
        "fnr": 0.0,
        "fpr_gap": 0.7404092071611252,
        "fnr_gap": 0.15411558669001751,
        "count": 9
      },
      "gender": {
        "fpr": 0.2796610169491525,
        "fnr": 0.16376306620209058,
        "fpr_gap": 0.020070224110277812,
        "fnr_gap": 0.009647479512073065,
        "count": 405
      },
      "none": {
        "fpr": 0.1797752808988764,
        "fnr": 0.288135593220339,
        "fpr_gap": 0.07981551193999831,
        "fnr_gap": 0.13402000653032148,
        "count": 563
      },
      "race": {
        "fpr": 0.4274193548387097,
        "fnr": 0.11353711790393013,
        "fpr_gap": 0.16782856199983498,
        "fnr_gap": 0.04057846878608738,
        "count": 582
      },
      "religion": {
        "fpr": 0.4791666666666667,
        "fnr": 0.12244897959183673,
        "fpr_gap": 0.21957587382779198,
        "fnr_gap": 0.03166660709818078,
        "count": 244
      },
      "sexual_orientation": {
        "fpr": 0.25,
        "fnr": 0.24675324675324675,
        "fpr_gap": 0.009590792838874707,
        "fnr_gap": 0.09263766006322924,
        "count": 121
      }
    }
  },
  "per_group_f1": {
    "disability": 0.4,
    "gender": 0.7685714285714286,
    "none": 0.7303367954018353,
    "race": 0.730197484315604,
    "religion": 0.6976296569726053,
    "sexual_orientation": 0.7410102739726028
  }
}