{
  "task": {
    "accuracy": 0.8061330561330561,
    "macro_f1": 0.7988128688759204,
    "binary_f1": 0.8371890004364906,
    "auc_roc": 0.8772860015855881,
    "precision": 0.834638816362054,
    "recall": 0.839754816112084
  },
  "causal": {
    "cfr": 0.13068181818181818,
    "ctfg": 0.1308930218219757,
    "n_pairs": 2640,
    "mean_prob_orig": 0.6144003868103027,
    "mean_prob_cf": 0.5291873812675476,
    "per_group": {
      "men": {
        "cfr": 0.10942956926658906,
        "ctfg": 0.1161678284406662,
        "count": 859
      },
      "disabled": {
        "cfr": 0.5333333333333333,
        "ctfg": 0.4842948019504547,
        "count": 90
      },
      "women": {
        "cfr": 0.07671957671957672,
        "ctfg": 0.09094946831464767,
        "count": 378
      },
      "muslim": {
        "cfr": 0.09540636042402827,
        "ctfg": 0.07722609490156174,
        "count": 283
      },
      "black": {
        "cfr": 0.27635327635327633,
        "ctfg": 0.2676851749420166,
        "count": 351
      },
      "white": {
        "cfr": 0.046242774566473986,
        "ctfg": 0.049902305006980896,
        "count": 346
      },
      "jewish": {
        "cfr": 0.1092436974789916,
        "ctfg": 0.10760530829429626,
        "count": 119
      },
      "gay": {
        "cfr": 0.1037037037037037,
        "ctfg": 0.10992803424596786,
        "count": 135
      },
      "asian": {
        "cfr": 0.044444444444444446,
        "ctfg": 0.0667911246418953,
        "count": 45
      },
      "christian": {
        "cfr": 0.14705882352941177,
        "ctfg": 0.11983557045459747,
        "count": 34
      }
    }
  },
  "group_fairness": {
    "fped": 1.3201417552075778,
    "fned": 0.4207366599329066,
    "per_group": {
      "disability": {
        "fpr": 1.0,
        "fnr": 0.0,
        "fpr_gap": 0.7570332480818415,
        "fnr_gap": 0.16024518388791595,
        "count": 9
      },
      "gender": {
        "fpr": 0.2796610169491525,
        "fnr": 0.17421602787456447,
        "fpr_gap": 0.03669426503099396,
        "fnr_gap": 0.013970843986648523,
        "count": 405
      },
      "none": {
        "fpr": 0.16853932584269662,
        "fnr": 0.2627118644067797,
        "fpr_gap": 0.07442742607546193,
        "fnr_gap": 0.10246668051886373,
        "count": 563
      },
      "race": {
        "fpr": 0.43548387096774194,
        "fnr": 0.12008733624454149,
        "fpr_gap": 0.19251711904958338,
        "fnr_gap": 0.04015784764337446,
        "count": 582
      },
      "religion": {
        "fpr": 0.3958333333333333,
        "fnr": 0.14285714285714285,
        "fpr_gap": 0.15286658141517476,
        "fnr_gap": 0.0173880410307731,
        "count": 244
      },
      "sexual_orientation": {
        "fpr": 0.13636363636363635,
        "fnr": 0.24675324675324675,
        "fpr_gap": 0.1066031155545222,
        "fnr_gap": 0.0865080628653308,
        "count": 121
      }
    }
  },
  "per_group_f1": {
    "disability": 0.4,
    "gender": 0.7614620957841627,
    "none": 0.74806653157717,
    "race": 0.7215616564619132,
    "religion": 0.7148327738406067,
    "sexual_orientation": 0.7875851414928727
  }
}