{
  "task": {
    "accuracy": 0.7936590436590436,
    "macro_f1": 0.7840922099944287,
    "binary_f1": 0.8295405753542293,
    "auc_roc": 0.8767266786406941,
    "precision": 0.8138163437236732,
    "recall": 0.8458844133099825
  },
  "causal": {
    "cfr": 0.05795454545454545,
    "ctfg": 0.043598055839538574,
    "n_pairs": 2640,
    "mean_prob_orig": 0.6171494126319885,
    "mean_prob_cf": 0.6076012849807739,
    "per_group": {
      "men": {
        "cfr": 0.06286379511059371,
        "ctfg": 0.04453018680214882,
        "count": 859
      },
      "disabled": {
        "cfr": 0.022222222222222223,
        "ctfg": 0.029034651815891266,
        "count": 90
      },
      "women": {
        "cfr": 0.06084656084656084,
        "ctfg": 0.0438949279487133,
        "count": 378
      },
      "muslim": {
        "cfr": 0.038869257950530034,
        "ctfg": 0.036991242319345474,
        "count": 283
      },
      "black": {
        "cfr": 0.07407407407407407,
        "ctfg": 0.06162825971841812,
        "count": 351
      },
      "white": {
        "cfr": 0.031791907514450865,
        "ctfg": 0.02859446406364441,
        "count": 346
      },
      "jewish": {
        "cfr": 0.07563025210084033,
        "ctfg": 0.04453398659825325,
        "count": 119
      },
      "gay": {
        "cfr": 0.0962962962962963,
        "ctfg": 0.05312563478946686,
        "count": 135
      },
      "asian": {
        "cfr": 0.044444444444444446,
        "ctfg": 0.0380326546728611,
        "count": 45
      },
      "christian": {
        "cfr": 0.058823529411764705,
        "ctfg": 0.043098147958517075,
        "count": 34
      }
    }
  },
  "group_fairness": {
    "fped": 1.2447979361789376,
    "fned": 0.43232497047880925,
    "per_group": {
      "disability": {
        "fpr": 1.0,
        "fnr": 0.0,
        "fpr_gap": 0.7173913043478262,
        "fnr_gap": 0.15411558669001751,
        "count": 9
      },
      "gender": {
        "fpr": 0.3050847457627119,
        "fnr": 0.16376306620209058,
        "fpr_gap": 0.022476050110537993,
        "fnr_gap": 0.009647479512073065,
        "count": 405
      },
      "none": {
        "fpr": 0.19775280898876405,
        "fnr": 0.288135593220339,
        "fpr_gap": 0.08485588666340985,
        "fnr_gap": 0.13402000653032148,
        "count": 563
      },
      "race": {
        "fpr": 0.45161290322580644,
        "fnr": 0.11790393013100436,
        "fpr_gap": 0.16900420757363255,
        "fnr_gap": 0.03621165655901315,
        "count": 582
      },
      "religion": {
        "fpr": 0.5208333333333334,
        "fnr": 0.12244897959183673,
        "fpr_gap": 0.23822463768115948,
        "fnr_gap": 0.03166660709818078,
        "count": 244
      },
      "sexual_orientation": {
        "fpr": 0.29545454545454547,
        "fnr": 0.22077922077922077,
        "fpr_gap": 0.012845849802371578,
        "fnr_gap": 0.06666363408920326,
        "count": 121
      }
    }
  },
  "per_group_f1": {
    "disability": 0.4,
    "gender": 0.7582715498953696,
    "none": 0.7166886652367597,
    "race": 0.7165099101971413,
    "religion": 0.6797642962367751,
    "sexual_orientation": 0.7369565217391304
  }
}