{
  "task": {
    "accuracy": 0.8040540540540541,
    "macro_f1": 0.7955226569188576,
    "binary_f1": 0.8372895986189038,
    "auc_roc": 0.8856271359529877,
    "precision": 0.825531914893617,
    "recall": 0.8493870402802102
  },
  "causal": {
    "cfr": 0.06553030303030304,
    "ctfg": 0.025758584961295128,
    "n_pairs": 2640,
    "mean_prob_orig": 0.554132342338562,
    "mean_prob_cf": 0.5452762246131897,
    "per_group": {
      "men": {
        "cfr": 0.06169965075669383,
        "ctfg": 0.02575599029660225,
        "count": 859
      },
      "disabled": {
        "cfr": 0.011111111111111112,
        "ctfg": 0.01929381676018238,
        "count": 90
      },
      "women": {
        "cfr": 0.06878306878306878,
        "ctfg": 0.022885816171765327,
        "count": 378
      },
      "muslim": {
        "cfr": 0.024734982332155476,
        "ctfg": 0.019754352048039436,
        "count": 283
      },
      "black": {
        "cfr": 0.13675213675213677,
        "ctfg": 0.04399193823337555,
        "count": 351
      },
      "white": {
        "cfr": 0.03757225433526012,
        "ctfg": 0.015523574315011501,
        "count": 346
      },
      "jewish": {
        "cfr": 0.07563025210084033,
        "ctfg": 0.03155297040939331,
        "count": 119
      },
      "gay": {
        "cfr": 0.08888888888888889,
        "ctfg": 0.026868635788559914,
        "count": 135
      },
      "asian": {
        "cfr": 0.044444444444444446,
        "ctfg": 0.017482135444879532,
        "count": 45
      },
      "christian": {
        "cfr": 0.058823529411764705,
        "ctfg": 0.027041463181376457,
        "count": 34
      }
    }
  },
  "group_fairness": {
    "fped": 1.2750018036344486,
    "fned": 0.47991637834292816,
    "per_group": {
      "disability": {
        "fpr": 1.0,
        "fnr": 0.0,
        "fpr_gap": 0.7378516624040921,
        "fnr_gap": 0.15061295971978983,
        "count": 9
      },
      "gender": {
        "fpr": 0.2966101694915254,
        "fnr": 0.15331010452961671,
        "fpr_gap": 0.03446183189561747,
        "fnr_gap": 0.0026971448098268846,
        "count": 405
      },
      "none": {
        "fpr": 0.1752808988764045,
        "fnr": 0.2796610169491525,
        "fpr_gap": 0.08686743871950345,
        "fnr_gap": 0.1290480572293627,
        "count": 563
      },
      "race": {
        "fpr": 0.46774193548387094,
        "fnr": 0.11353711790393013,
        "fpr_gap": 0.205593597887963,
        "fnr_gap": 0.0370758418158597,
        "count": 582
      },
      "religion": {
        "fpr": 0.4375,
        "fnr": 0.11224489795918367,
        "fpr_gap": 0.17535166240409206,
        "fnr_gap": 0.038368061760606156,
        "count": 244
      },
      "sexual_orientation": {
        "fpr": 0.22727272727272727,
        "fnr": 0.2727272727272727,
        "fpr_gap": 0.03487561032318068,
        "fnr_gap": 0.12211431300748288,
        "count": 121
      }
    }
  },
  "per_group_f1": {
    "disability": 0.4,
    "gender": 0.7688640057793028,
    "none": 0.7368106298300658,
    "race": 0.7130743443107869,
    "religion": 0.7233633031877027,
    "sexual_orientation": 0.7350427350427351
  }
}