{
  "task": {
    "accuracy": 0.7998960498960499,
    "macro_f1": 0.7954710056390848,
    "binary_f1": 0.8255550521069326,
    "auc_roc": 0.8839497270011332,
    "precision": 0.8553990610328639,
    "recall": 0.797723292469352
  },
  "causal": {
    "cfr": 0.09886363636363636,
    "ctfg": 0.08783625811338425,
    "n_pairs": 2640,
    "mean_prob_orig": 0.5677788257598877,
    "mean_prob_cf": 0.5267518162727356,
    "per_group": {
      "men": {
        "cfr": 0.08731082654249127,
        "ctfg": 0.08362992107868195,
        "count": 859
      },
      "disabled": {
        "cfr": 0.03333333333333333,
        "ctfg": 0.05478392168879509,
        "count": 90
      },
      "women": {
        "cfr": 0.08465608465608465,
        "ctfg": 0.07464650273323059,
        "count": 378
      },
      "muslim": {
        "cfr": 0.1166077738515901,
        "ctfg": 0.07436013966798782,
        "count": 283
      },
      "black": {
        "cfr": 0.19373219373219372,
        "ctfg": 0.16984771192073822,
        "count": 351
      },
      "white": {
        "cfr": 0.04046242774566474,
        "ctfg": 0.05158583074808121,
        "count": 346
      },
      "jewish": {
        "cfr": 0.10084033613445378,
        "ctfg": 0.0778852254152298,
        "count": 119
      },
      "gay": {
        "cfr": 0.14074074074074075,
        "ctfg": 0.10177204012870789,
        "count": 135
      },
      "asian": {
        "cfr": 0.044444444444444446,
        "ctfg": 0.050343841314315796,
        "count": 45
      },
      "christian": {
        "cfr": 0.08823529411764706,
        "ctfg": 0.09177905321121216,
        "count": 34
      }
    }
  },
  "group_fairness": {
    "fped": 0.9649564691570351,
    "fned": 0.5043712967934992,
    "per_group": {
      "disability": {
        "fpr": 0.6666666666666666,
        "fnr": 0.0,
        "fpr_gap": 0.4697357203751065,
        "fnr_gap": 0.202276707530648,
        "count": 9
      },
      "gender": {
        "fpr": 0.23728813559322035,
        "fnr": 0.21602787456445993,
        "fpr_gap": 0.04035718930166024,
        "fnr_gap": 0.013751167033811934,
        "count": 405
      },
      "none": {
        "fpr": 0.1258426966292135,
        "fnr": 0.3389830508474576,
        "fpr_gap": 0.07108824966234661,
        "fnr_gap": 0.13670634331680961,
        "count": 563
      },
      "race": {
        "fpr": 0.3629032258064516,
        "fnr": 0.1703056768558952,
        "fpr_gap": 0.16597227951489152,
        "fnr_gap": 0.03197103067475279,
        "count": 582
      },
      "religion": {
        "fpr": 0.3541666666666667,
        "fnr": 0.15306122448979592,
        "fpr_gap": 0.15723572037510658,
        "fnr_gap": 0.049215483040852076,
        "count": 244
      },
      "sexual_orientation": {
        "fpr": 0.13636363636363635,
        "fnr": 0.2727272727272727,
        "fpr_gap": 0.06056730992792375,
        "fnr_gap": 0.07045056519662471,
        "count": 121
      }
    }
  },
  "per_group_f1": {
    "disability": 0.6785714285714286,
    "gender": 0.75,
    "none": 0.7546039010569903,
    "race": 0.7114898659132769,
    "religion": 0.7223983926799158,
    "sexual_orientation": 0.7718097366766781
  }
}