{
  "task": {
    "accuracy": 0.8050935550935551,
    "macro_f1": 0.7989999306319926,
    "binary_f1": 0.8339973439575034,
    "auc_roc": 0.8883123339947416,
    "precision": 0.8433303491495077,
    "recall": 0.8248686514886164
  },
  "causal": {
    "cfr": 0.11931818181818182,
    "ctfg": 0.10687555372714996,
    "n_pairs": 2640,
    "mean_prob_orig": 0.5922174453735352,
    "mean_prob_cf": 0.5184355974197388,
    "per_group": {
      "men": {
        "cfr": 0.10942956926658906,
        "ctfg": 0.0971934050321579,
        "count": 859
      },
      "disabled": {
        "cfr": 0.4777777777777778,
        "ctfg": 0.4100203216075897,
        "count": 90
      },
      "women": {
        "cfr": 0.06084656084656084,
        "ctfg": 0.0658220425248146,
        "count": 378
      },
      "muslim": {
        "cfr": 0.04946996466431095,
        "ctfg": 0.04823315143585205,
        "count": 283
      },
      "black": {
        "cfr": 0.2849002849002849,
        "ctfg": 0.24278287589550018,
        "count": 351
      },
      "white": {
        "cfr": 0.023121387283236993,
        "ctfg": 0.033753398805856705,
        "count": 346
      },
      "jewish": {
        "cfr": 0.12605042016806722,
        "ctfg": 0.10299178212881088,
        "count": 119
      },
      "gay": {
        "cfr": 0.0962962962962963,
        "ctfg": 0.07278043776750565,
        "count": 135
      },
      "asian": {
        "cfr": 0.044444444444444446,
        "ctfg": 0.0482974648475647,
        "count": 45
      },
      "christian": {
        "cfr": 0.08823529411764706,
        "ctfg": 0.06116345524787903,
        "count": 34
      }
    }
  },
  "group_fairness": {
    "fped": 1.0405130130924214,
    "fned": 0.3096894875713245,
    "per_group": {
      "disability": {
        "fpr": 0.6666666666666666,
        "fnr": 0.16666666666666666,
        "fpr_gap": 0.4428815004262574,
        "fnr_gap": 0.008464681844716881,
        "count": 9
      },
      "gender": {
        "fpr": 0.2711864406779661,
        "fnr": 0.18815331010452963,
        "fpr_gap": 0.0474012744375569,
        "fnr_gap": 0.013021961593146086,
        "count": 405
      },
      "none": {
        "fpr": 0.14606741573033707,
        "fnr": 0.3050847457627119,
        "fpr_gap": 0.07771775051007213,
        "fnr_gap": 0.12995339725132835,
        "count": 563
      },
      "race": {
        "fpr": 0.3951612903225806,
        "fnr": 0.1462882096069869,
        "fpr_gap": 0.17137612408217143,
        "fnr_gap": 0.02884313890439663,
        "count": 582
      },
      "religion": {
        "fpr": 0.4375,
        "fnr": 0.11734693877551021,
        "fpr_gap": 0.2137148337595908,
        "fnr_gap": 0.05778440973587333,
        "count": 244
      },
      "sexual_orientation": {
        "fpr": 0.13636363636363635,
        "fnr": 0.24675324675324675,
        "fpr_gap": 0.08742152987677285,
        "fnr_gap": 0.07162189824186321,
        "count": 121
      }
    }
  },
  "per_group_f1": {
    "disability": 0.5846153846153845,
    "gender": 0.7554347826086958,
    "none": 0.7507812328797142,
    "race": 0.717366913944103,
    "religion": 0.7190999476713763,
    "sexual_orientation": 0.7875851414928727
  }
}