{
  "task": {
    "accuracy": 0.7998960498960499,
    "macro_f1": 0.7901319459613985,
    "binary_f1": 0.8353997434801198,
    "auc_roc": 0.8778755582031792,
    "precision": 0.8162071846282373,
    "recall": 0.8555166374781086
  },
  "causal": {
    "cfr": 0.058333333333333334,
    "ctfg": 0.045296940952539444,
    "n_pairs": 2640,
    "mean_prob_orig": 0.6230446100234985,
    "mean_prob_cf": 0.6129984855651855,
    "per_group": {
      "men": {
        "cfr": 0.06519208381839348,
        "ctfg": 0.04685287922620773,
        "count": 859
      },
      "disabled": {
        "cfr": 0.0,
        "ctfg": 0.024093061685562134,
        "count": 90
      },
      "women": {
        "cfr": 0.06613756613756613,
        "ctfg": 0.046870648860931396,
        "count": 378
      },
      "muslim": {
        "cfr": 0.038869257950530034,
        "ctfg": 0.03318910673260689,
        "count": 283
      },
      "black": {
        "cfr": 0.08547008547008547,
        "ctfg": 0.06796524673700333,
        "count": 351
      },
      "white": {
        "cfr": 0.031791907514450865,
        "ctfg": 0.02847386710345745,
        "count": 346
      },
      "jewish": {
        "cfr": 0.06722689075630252,
        "ctfg": 0.044286977499723434,
        "count": 119
      },
      "gay": {
        "cfr": 0.05925925925925926,
        "ctfg": 0.056412674486637115,
        "count": 135
      },
      "asian": {
        "cfr": 0.044444444444444446,
        "ctfg": 0.0371871218085289,
        "count": 45
      },
      "christian": {
        "cfr": 0.08823529411764706,
        "ctfg": 0.05271345004439354,
        "count": 34
      }
    }
  },
  "group_fairness": {
    "fped": 1.2860511935506196,
    "fned": 0.40736531056046166,
    "per_group": {
      "disability": {
        "fpr": 1.0,
        "fnr": 0.0,
        "fpr_gap": 0.7186700767263428,
        "fnr_gap": 0.14448336252189142,
        "count": 9
      },
      "gender": {
        "fpr": 0.3644067796610169,
        "fnr": 0.15331010452961671,
        "fpr_gap": 0.08307685638735962,
        "fnr_gap": 0.008826742007725291,
        "count": 405
      },
      "none": {
        "fpr": 0.18651685393258427,
        "fnr": 0.2627118644067797,
        "fpr_gap": 0.09481306934107303,
        "fnr_gap": 0.11822850188488826,
        "count": 563
      },
      "race": {
        "fpr": 0.4435483870967742,
        "fnr": 0.10698689956331878,
        "fpr_gap": 0.1622184638231169,
        "fnr_gap": 0.037496462958572646,
        "count": 582
      },
      "religion": {
        "fpr": 0.5,
        "fnr": 0.12244897959183673,
        "fpr_gap": 0.2186700767263427,
        "fnr_gap": 0.02203438293005469,
        "count": 244
      },
      "sexual_orientation": {
        "fpr": 0.2727272727272727,
        "fnr": 0.22077922077922077,
        "fpr_gap": 0.008602650546384594,
        "fnr_gap": 0.07629585825732935,
        "count": 121
      }
    }
  },
  "per_group_f1": {
    "disability": 0.4,
    "gender": 0.7405394658360396,
    "none": 0.7340642402545744,
    "race": 0.7287248346211075,
    "religion": 0.6887755102040816,
    "sexual_orientation": 0.7467705852637656
  }
}