{
  "task": {
    "accuracy": 0.7957380457380457,
    "macro_f1": 0.785051460670005,
    "binary_f1": 0.8329791755206121,
    "auc_roc": 0.8741389002109639,
    "precision": 0.8092485549132948,
    "recall": 0.8581436077057794
  },
  "causal": {
    "cfr": 0.06325757575757576,
    "ctfg": 0.048567213118076324,
    "n_pairs": 2640,
    "mean_prob_orig": 0.6301689147949219,
    "mean_prob_cf": 0.6176627278327942,
    "per_group": {
      "men": {
        "cfr": 0.06519208381839348,
        "ctfg": 0.04860546067357063,
        "count": 859
      },
      "disabled": {
        "cfr": 0.03333333333333333,
        "ctfg": 0.024216292425990105,
        "count": 90
      },
      "women": {
        "cfr": 0.06084656084656084,
        "ctfg": 0.04998912662267685,
        "count": 378
      },
      "muslim": {
        "cfr": 0.045936395759717315,
        "ctfg": 0.03613261133432388,
        "count": 283
      },
      "black": {
        "cfr": 0.10256410256410256,
        "ctfg": 0.07156774401664734,
        "count": 351
      },
      "white": {
        "cfr": 0.03468208092485549,
        "ctfg": 0.0326511524617672,
        "count": 346
      },
      "jewish": {
        "cfr": 0.058823529411764705,
        "ctfg": 0.046256329864263535,
        "count": 119
      },
      "gay": {
        "cfr": 0.08148148148148149,
        "ctfg": 0.06725753843784332,
        "count": 135
      },
      "asian": {
        "cfr": 0.044444444444444446,
        "ctfg": 0.03714337199926376,
        "count": 45
      },
      "christian": {
        "cfr": 0.11764705882352941,
        "ctfg": 0.073269322514534,
        "count": 34
      }
    }
  },
  "group_fairness": {
    "fped": 1.4148860612761638,
    "fned": 0.3374027710811504,
    "per_group": {
      "disability": {
        "fpr": 1.0,
        "fnr": 0.16666666666666666,
        "fpr_gap": 0.7046035805626598,
        "fnr_gap": 0.024810274372445984,
        "count": 9
      },
      "gender": {
        "fpr": 0.3559322033898305,
        "fnr": 0.156794425087108,
        "fpr_gap": 0.060535783952490374,
        "fnr_gap": 0.014938032792887329,
        "count": 405
      },
      "none": {
        "fpr": 0.20674157303370785,
        "fnr": 0.2627118644067797,
        "fpr_gap": 0.08865484640363228,
        "fnr_gap": 0.12085547211255901,
        "count": 563
      },
      "race": {
        "fpr": 0.47580645161290325,
        "fnr": 0.10698689956331878,
        "fpr_gap": 0.18041003217556312,
        "fnr_gap": 0.034869492730901896,
        "count": 582
      },
      "religion": {
        "fpr": 0.5625,
        "fnr": 0.09183673469387756,
        "fpr_gap": 0.26710358056265987,
        "fnr_gap": 0.05001965760034312,
        "count": 244
      },
      "sexual_orientation": {
        "fpr": 0.18181818181818182,
        "fnr": 0.23376623376623376,
        "fpr_gap": 0.1135782376191583,
        "fnr_gap": 0.09190984147201309,
        "count": 121
      }
    }
  },
  "per_group_f1": {
    "disability": 0.35714285714285715,
    "gender": 0.7418094951967114,
    "none": 0.7187435269461808,
    "race": 0.7147939089242609,
    "religion": 0.6852695846590421,
    "sexual_orientation": 0.7770691609977325
  }
}