{
  "task": {
    "accuracy": 0.8019750519750519,
    "macro_f1": 0.7957839295221045,
    "binary_f1": 0.8313413014608233,
    "auc_roc": 0.8873974854542442,
    "precision": 0.8406445837063563,
    "recall": 0.8222416812609457
  },
  "causal": {
    "cfr": 0.11666666666666667,
    "ctfg": 0.105457603931427,
    "n_pairs": 2640,
    "mean_prob_orig": 0.5955219268798828,
    "mean_prob_cf": 0.5240768194198608,
    "per_group": {
      "men": {
        "cfr": 0.10826542491268917,
        "ctfg": 0.09751572459936142,
        "count": 859
      },
      "disabled": {
        "cfr": 0.5,
        "ctfg": 0.4023209512233734,
        "count": 90
      },
      "women": {
        "cfr": 0.07142857142857142,
        "ctfg": 0.06787056475877762,
        "count": 378
      },
      "muslim": {
        "cfr": 0.038869257950530034,
        "ctfg": 0.047671765089035034,
        "count": 283
      },
      "black": {
        "cfr": 0.2678062678062678,
        "ctfg": 0.23468255996704102,
        "count": 351
      },
      "white": {
        "cfr": 0.028901734104046242,
        "ctfg": 0.033764250576496124,
        "count": 346
      },
      "jewish": {
        "cfr": 0.13445378151260504,
        "ctfg": 0.10126419365406036,
        "count": 119
      },
      "gay": {
        "cfr": 0.06666666666666667,
        "ctfg": 0.06600991636514664,
        "count": 135
      },
      "asian": {
        "cfr": 0.022222222222222223,
        "ctfg": 0.0441894605755806,
        "count": 45
      },
      "christian": {
        "cfr": 0.058823529411764705,
        "ctfg": 0.06707882881164551,
        "count": 34
      }
    }
  },
  "group_fairness": {
    "fped": 1.307253624224655,
    "fned": 0.31942577014755913,
    "per_group": {
      "disability": {
        "fpr": 1.0,
        "fnr": 0.16666666666666666,
        "fpr_gap": 0.7723785166240409,
        "fnr_gap": 0.011091652072387631,
        "count": 9
      },
      "gender": {
        "fpr": 0.2627118644067797,
        "fnr": 0.21602787456445993,
        "fpr_gap": 0.0350903810308206,
        "fnr_gap": 0.03826955582540564,
        "count": 405
      },
      "none": {
        "fpr": 0.15955056179775282,
        "fnr": 0.2796610169491525,
        "fpr_gap": 0.06807092157820627,
        "fnr_gap": 0.10190269821009823,
        "count": 563
      },
      "race": {
        "fpr": 0.3790322580645161,
        "fnr": 0.14410480349344978,
        "fpr_gap": 0.15141077468855704,
        "fnr_gap": 0.033653515245604504,
        "count": 582
      },
      "religion": {
        "fpr": 0.4166666666666667,
        "fnr": 0.11224489795918367,
        "fpr_gap": 0.1890451832907076,
        "fnr_gap": 0.06551342077987062,
        "count": 244
      },
      "sexual_orientation": {
        "fpr": 0.13636363636363635,
        "fnr": 0.24675324675324675,
        "fpr_gap": 0.09125784701232273,
        "fnr_gap": 0.06899492801419246,
        "count": 121
      }
    }
  },
  "per_group_f1": {
    "disability": 0.35714285714285715,
    "gender": 0.7402073375131915,
    "none": 0.7491861142524245,
    "race": 0.7254017762078339,
    "religion": 0.7318681318681318,
    "sexual_orientation": 0.7875851414928727
  }
}