{
  "task": {
    "accuracy": 0.8123700623700624,
    "macro_f1": 0.8065039332217316,
    "binary_f1": 0.8401947764497565,
    "auc_roc": 0.8890082683495998,
    "precision": 0.8495971351835273,
    "recall": 0.8309982486865148
  },
  "causal": {
    "cfr": 0.12424242424242424,
    "ctfg": 0.1096520945429802,
    "n_pairs": 2640,
    "mean_prob_orig": 0.5940433144569397,
    "mean_prob_cf": 0.5178666710853577,
    "per_group": {
      "men": {
        "cfr": 0.11525029103608847,
        "ctfg": 0.10011991113424301,
        "count": 859
      },
      "disabled": {
        "cfr": 0.4888888888888889,
        "ctfg": 0.4067303538322449,
        "count": 90
      },
      "women": {
        "cfr": 0.07936507936507936,
        "ctfg": 0.07114563137292862,
        "count": 378
      },
      "muslim": {
        "cfr": 0.053003533568904596,
        "ctfg": 0.04923221841454506,
        "count": 283
      },
      "black": {
        "cfr": 0.25925925925925924,
        "ctfg": 0.23914122581481934,
        "count": 351
      },
      "white": {
        "cfr": 0.046242774566473986,
        "ctfg": 0.03854804113507271,
        "count": 346
      },
      "jewish": {
        "cfr": 0.15966386554621848,
        "ctfg": 0.10963179916143417,
        "count": 119
      },
      "gay": {
        "cfr": 0.06666666666666667,
        "ctfg": 0.0792839452624321,
        "count": 135
      },
      "asian": {
        "cfr": 0.06666666666666667,
        "ctfg": 0.05386492982506752,
        "count": 45
      },
      "christian": {
        "cfr": 0.058823529411764705,
        "ctfg": 0.0763939693570137,
        "count": 34
      }
    }
  },
  "group_fairness": {
    "fped": 1.010082287353426,
    "fned": 0.3129905152916085,
    "per_group": {
      "disability": {
        "fpr": 0.6666666666666666,
        "fnr": 0.16666666666666666,
        "fpr_gap": 0.45183290707587376,
        "fnr_gap": 0.002335084646818447,
        "count": 9
      },
      "gender": {
        "fpr": 0.2288135593220339,
        "fnr": 0.18815331010452963,
        "fpr_gap": 0.013979799731241055,
        "fnr_gap": 0.01915155879104452,
        "count": 405
      },
      "none": {
        "fpr": 0.15056179775280898,
        "fnr": 0.288135593220339,
        "fpr_gap": 0.06427196183798387,
        "fnr_gap": 0.11913384190685389,
        "count": 563
      },
      "race": {
        "fpr": 0.3709677419354839,
        "fnr": 0.12882096069868995,
        "fpr_gap": 0.15613398234469103,
        "fnr_gap": 0.04018079061479515,
        "count": 582
      },
      "religion": {
        "fpr": 0.4375,
        "fnr": 0.12755102040816327,
        "fpr_gap": 0.22266624040920716,
        "fnr_gap": 0.041450730905321836,
        "count": 244
      },
      "sexual_orientation": {
        "fpr": 0.11363636363636363,
        "fnr": 0.2597402597402597,
        "fpr_gap": 0.10119739595442921,
        "fnr_gap": 0.09073850842677461,
        "count": 121
      }
    }
  },
  "per_group_f1": {
    "disability": 0.5846153846153845,
    "gender": 0.7719673851843099,
    "none": 0.753341170244607,
    "race": 0.7407110398289227,
    "religion": 0.7107216494845361,
    "sexual_orientation": 0.7887127191450723
  }
}