{
  "task": {
    "accuracy": 0.8076923076923077,
    "macro_f1": 0.7999714517889276,
    "binary_f1": 0.8392701998262381,
    "auc_roc": 0.8843119711906692,
    "precision": 0.8327586206896552,
    "recall": 0.8458844133099825
  },
  "causal": {
    "cfr": 0.1534090909090909,
    "ctfg": 0.13974373042583466,
    "n_pairs": 2640,
    "mean_prob_orig": 0.6211256980895996,
    "mean_prob_cf": 0.5323015451431274,
    "per_group": {
      "men": {
        "cfr": 0.11757857974388825,
        "ctfg": 0.11138833314180374,
        "count": 859
      },
      "disabled": {
        "cfr": 0.5333333333333333,
        "ctfg": 0.45830416679382324,
        "count": 90
      },
      "women": {
        "cfr": 0.10317460317460317,
        "ctfg": 0.09817174077033997,
        "count": 378
      },
      "muslim": {
        "cfr": 0.14487632508833923,
        "ctfg": 0.12586824595928192,
        "count": 283
      },
      "black": {
        "cfr": 0.28774928774928776,
        "ctfg": 0.2631199359893799,
        "count": 351
      },
      "white": {
        "cfr": 0.08959537572254335,
        "ctfg": 0.07545420527458191,
        "count": 346
      },
      "jewish": {
        "cfr": 0.12605042016806722,
        "ctfg": 0.11457732319831848,
        "count": 119
      },
      "gay": {
        "cfr": 0.15555555555555556,
        "ctfg": 0.15263979136943817,
        "count": 135
      },
      "asian": {
        "cfr": 0.1111111111111111,
        "ctfg": 0.06544690579175949,
        "count": 45
      },
      "christian": {
        "cfr": 0.08823529411764706,
        "ctfg": 0.10633611679077148,
        "count": 34
      }
    }
  },
  "group_fairness": {
    "fped": 1.0171142818782895,
    "fned": 0.44901987422857625,
    "per_group": {
      "disability": {
        "fpr": 0.6666666666666666,
        "fnr": 0.0,
        "fpr_gap": 0.41858482523444157,
        "fnr_gap": 0.15411558669001751,
        "count": 9
      },
      "gender": {
        "fpr": 0.288135593220339,
        "fnr": 0.17421602787456447,
        "fpr_gap": 0.040053751788113934,
        "fnr_gap": 0.020100441184546958,
        "count": 405
      },
      "none": {
        "fpr": 0.1662921348314607,
        "fnr": 0.2711864406779661,
        "fpr_gap": 0.08178970660076437,
        "fnr_gap": 0.11707085398794859,
        "count": 563
      },
      "race": {
        "fpr": 0.4274193548387097,
        "fnr": 0.11790393013100436,
        "fpr_gap": 0.17933751340648463,
        "fnr_gap": 0.03621165655901315,
        "count": 582
      },
      "religion": {
        "fpr": 0.4791666666666667,
        "fnr": 0.11224489795918367,
        "fpr_gap": 0.23108482523444163,
        "fnr_gap": 0.04187068873083384,
        "count": 244
      },
      "sexual_orientation": {
        "fpr": 0.18181818181818182,
        "fnr": 0.23376623376623376,
        "fpr_gap": 0.06626365961404324,
        "fnr_gap": 0.07965064707621625,
        "count": 121
      }
    }
  },
  "per_group_f1": {
    "disability": 0.6785714285714286,
    "gender": 0.7580645161290323,
    "none": 0.7468525179856115,
    "race": 0.7266706168938046,
    "religion": 0.7059059863398955,
    "sexual_orientation": 0.7770691609977325
  }
}