{
  "task": {
    "accuracy": 0.8040540540540541,
    "macro_f1": 0.7957028042884644,
    "binary_f1": 0.8370082144401211,
    "auc_roc": 0.8865319066025862,
    "precision": 0.8266438941076003,
    "recall": 0.8476357267950964
  },
  "causal": {
    "cfr": 0.0875,
    "ctfg": 0.08404625207185745,
    "n_pairs": 2640,
    "mean_prob_orig": 0.626064121723175,
    "mean_prob_cf": 0.5907853841781616,
    "per_group": {
      "men": {
        "cfr": 0.08847497089639116,
        "ctfg": 0.08335395157337189,
        "count": 859
      },
      "disabled": {
        "cfr": 0.03333333333333333,
        "ctfg": 0.04365533962845802,
        "count": 90
      },
      "women": {
        "cfr": 0.0873015873015873,
        "ctfg": 0.08042555302381516,
        "count": 378
      },
      "muslim": {
        "cfr": 0.04240282685512368,
        "ctfg": 0.05559456720948219,
        "count": 283
      },
      "black": {
        "cfr": 0.17094017094017094,
        "ctfg": 0.15331394970417023,
        "count": 351
      },
      "white": {
        "cfr": 0.04046242774566474,
        "ctfg": 0.05048525705933571,
        "count": 346
      },
      "jewish": {
        "cfr": 0.10084033613445378,
        "ctfg": 0.08969564735889435,
        "count": 119
      },
      "gay": {
        "cfr": 0.11851851851851852,
        "ctfg": 0.10105539858341217,
        "count": 135
      },
      "asian": {
        "cfr": 0.044444444444444446,
        "ctfg": 0.05217589810490608,
        "count": 45
      },
      "christian": {
        "cfr": 0.08823529411764706,
        "ctfg": 0.06684400141239166,
        "count": 34
      }
    }
  },
  "group_fairness": {
    "fped": 0.7067691083482266,
    "fned": 0.2989805481637448,
    "per_group": {
      "disability": {
        "fpr": 0.3333333333333333,
        "fnr": 0.16666666666666666,
        "fpr_gap": 0.07374254049445861,
        "fnr_gap": 0.014302393461762986,
        "count": 9
      },
      "gender": {
        "fpr": 0.3220338983050847,
        "fnr": 0.15331010452961671,
        "fpr_gap": 0.062443105466210014,
        "fnr_gap": 0.0009458313247130423,
        "count": 405
      },
      "none": {
        "fpr": 0.18876404494382024,
        "fnr": 0.288135593220339,
        "fpr_gap": 0.07082674789505447,
        "fnr_gap": 0.13577132001543532,
        "count": 563
      },
      "race": {
        "fpr": 0.43548387096774194,
        "fnr": 0.11572052401746726,
        "fpr_gap": 0.17589307812886723,
        "fnr_gap": 0.03664374918743642,
        "count": 582
      },
      "religion": {
        "fpr": 0.4375,
        "fnr": 0.12244897959183673,
        "fpr_gap": 0.1779092071611253,
        "fnr_gap": 0.02991529361306694,
        "count": 244
      },
      "sexual_orientation": {
        "fpr": 0.11363636363636363,
        "fnr": 0.23376623376623376,
        "fpr_gap": 0.14595442920251106,
        "fnr_gap": 0.08140196056133009,
        "count": 121
      }
    }
  },
  "per_group_f1": {
    "disability": 0.75,
    "gender": 0.758395413805145,
    "none": 0.7234681984681985,
    "race": 0.7250583887787583,
    "religion": 0.7148866557606918,
    "sexual_orientation": 0.8045783301734428
  }
}