{
  "task": {
    "accuracy": 0.8024948024948025,
    "macro_f1": 0.7926121922881417,
    "binary_f1": 0.8378839590443686,
    "auc_roc": 0.8802001917038801,
    "precision": 0.8169717138103162,
    "recall": 0.8598949211908932
  },
  "causal": {
    "cfr": 0.14469696969696969,
    "ctfg": 0.13989664614200592,
    "n_pairs": 2640,
    "mean_prob_orig": 0.6495221853256226,
    "mean_prob_cf": 0.5701473355293274,
    "per_group": {
      "men": {
        "cfr": 0.0989522700814901,
        "ctfg": 0.10386297106742859,
        "count": 859
      },
      "disabled": {
        "cfr": 0.4888888888888889,
        "ctfg": 0.43991076946258545,
        "count": 90
      },
      "women": {
        "cfr": 0.1164021164021164,
        "ctfg": 0.10791964083909988,
        "count": 378
      },
      "muslim": {
        "cfr": 0.15547703180212014,
        "ctfg": 0.1369132101535797,
        "count": 283
      },
      "black": {
        "cfr": 0.2621082621082621,
        "ctfg": 0.2576824128627777,
        "count": 351
      },
      "white": {
        "cfr": 0.10404624277456648,
        "ctfg": 0.09543582797050476,
        "count": 346
      },
      "jewish": {
        "cfr": 0.10084033613445378,
        "ctfg": 0.07743807882070541,
        "count": 119
      },
      "gay": {
        "cfr": 0.14814814814814814,
        "ctfg": 0.1578846573829651,
        "count": 135
      },
      "asian": {
        "cfr": 0.044444444444444446,
        "ctfg": 0.08019563555717468,
        "count": 45
      },
      "christian": {
        "cfr": 0.08823529411764706,
        "ctfg": 0.09915130585432053,
        "count": 34
      }
    }
  },
  "group_fairness": {
    "fped": 0.9635029631991134,
    "fned": 0.44054554496020826,
    "per_group": {
      "disability": {
        "fpr": 0.6666666666666666,
        "fnr": 0.0,
        "fpr_gap": 0.38533674339300933,
        "fnr_gap": 0.14010507880910683,
        "count": 9
      },
      "gender": {
        "fpr": 0.3220338983050847,
        "fnr": 0.16376306620209058,
        "fpr_gap": 0.04070397503142742,
        "fnr_gap": 0.023657987392983748,
        "count": 405
      },
      "none": {
        "fpr": 0.19775280898876405,
        "fnr": 0.2627118644067797,
        "fpr_gap": 0.08357711428489326,
        "fnr_gap": 0.12260678559767285,
        "count": 563
      },
      "race": {
        "fpr": 0.4435483870967742,
        "fnr": 0.10698689956331878,
        "fpr_gap": 0.1622184638231169,
        "fnr_gap": 0.033118179245788054,
        "count": 582
      },
      "religion": {
        "fpr": 0.5416666666666666,
        "fnr": 0.08673469387755102,
        "fpr_gap": 0.26033674339300933,
        "fnr_gap": 0.05337038493155581,
        "count": 244
      },
      "sexual_orientation": {
        "fpr": 0.25,
        "fnr": 0.2077922077922078,
        "fpr_gap": 0.0313299232736573,
        "fnr_gap": 0.06768712898310097,
        "count": 121
      }
    }
  },
  "per_group_f1": {
    "disability": 0.6785714285714286,
    "gender": 0.7513093733068448,
    "none": 0.7254997562164798,
    "race": 0.7287248346211075,
    "religion": 0.6992576031186402,
    "sexual_orientation": 0.7642346828317818
  }
}