{
  "task": {
    "accuracy": 0.7915800415800416,
    "macro_f1": 0.7837103496494477,
    "binary_f1": 0.8249672632038411,
    "auc_roc": 0.8727559896264908,
    "precision": 0.8224543080939948,
    "recall": 0.8274956217162872
  },
  "causal": {
    "cfr": 0.05378787878787879,
    "ctfg": 0.04594993591308594,
    "n_pairs": 2640,
    "mean_prob_orig": 0.6010754704475403,
    "mean_prob_cf": 0.5883195400238037,
    "per_group": {
      "men": {
        "cfr": 0.050058207217694994,
        "ctfg": 0.04574093967676163,
        "count": 859
      },
      "disabled": {
        "cfr": 0.022222222222222223,
        "ctfg": 0.022981304675340652,
        "count": 90
      },
      "women": {
        "cfr": 0.05291005291005291,
        "ctfg": 0.046751026064157486,
        "count": 378
      },
      "muslim": {
        "cfr": 0.04946996466431095,
        "ctfg": 0.03652266785502434,
        "count": 283
      },
      "black": {
        "cfr": 0.07977207977207977,
        "ctfg": 0.0692930594086647,
        "count": 351
      },
      "white": {
        "cfr": 0.04046242774566474,
        "ctfg": 0.02862343192100525,
        "count": 346
      },
      "jewish": {
        "cfr": 0.058823529411764705,
        "ctfg": 0.051584042608737946,
        "count": 119
      },
      "gay": {
        "cfr": 0.05925925925925926,
        "ctfg": 0.05737924948334694,
        "count": 135
      },
      "asian": {
        "cfr": 0.044444444444444446,
        "ctfg": 0.04016757756471634,
        "count": 45
      },
      "christian": {
        "cfr": 0.11764705882352941,
        "ctfg": 0.05948355793952942,
        "count": 34
      }
    }
  },
  "group_fairness": {
    "fped": 1.0331076119722402,
    "fned": 0.31431687433252387,
    "per_group": {
      "disability": {
        "fpr": 0.6666666666666666,
        "fnr": 0.16666666666666666,
        "fpr_gap": 0.40579710144927533,
        "fnr_gap": 0.005837711617046132,
        "count": 9
      },
      "gender": {
        "fpr": 0.288135593220339,
        "fnr": 0.17073170731707318,
        "fpr_gap": 0.027266028002947695,
        "fnr_gap": 0.0017726709666396057,
        "count": 405
      },
      "none": {
        "fpr": 0.19101123595505617,
        "fnr": 0.2796610169491525,
        "fpr_gap": 0.06985832926233512,
        "fnr_gap": 0.10715663866543973,
        "count": 563
      },
      "race": {
        "fpr": 0.4274193548387097,
        "fnr": 0.14410480349344978,
        "fpr_gap": 0.1665497896213184,
        "fnr_gap": 0.028399574790263005,
        "count": 582
      },
      "religion": {
        "fpr": 0.5,
        "fnr": 0.12755102040816327,
        "fpr_gap": 0.2391304347826087,
        "fnr_gap": 0.04495335787554952,
        "count": 244
      },
      "sexual_orientation": {
        "fpr": 0.13636363636363635,
        "fnr": 0.2987012987012987,
        "fpr_gap": 0.12450592885375494,
        "fnr_gap": 0.1261969204175859,
        "count": 121
      }
    }
  },
  "per_group_f1": {
    "disability": 0.5846153846153845,
    "gender": 0.7604216408070759,
    "none": 0.7247331609652612,
    "race": 0.7061391784727792,
    "religion": 0.6847628338650565,
    "sexual_orientation": 0.7560653458463678
  }
}