{
  "task": {
    "accuracy": 0.7660944206008584,
    "macro_f1": 0.74306984343366,
    "binary_f1": 0.819983484723369,
    "auc_roc": 0.8346067092111411,
    "precision": 0.870670758439281,
    "recall": 0.7748731954740539
  },
  "causal": {
    "cfr": 0.13378143972246315,
    "ctfg": 0.11992067843675613,
    "n_pairs": 4612,
    "mean_prob_orig": 0.6184625029563904,
    "mean_prob_cf": 0.5386133790016174,
    "per_group": {
      "black": {
        "cfr": 0.17050691244239632,
        "ctfg": 0.15622636675834656,
        "count": 434
      },
      "gay": {
        "cfr": 0.2557603686635945,
        "ctfg": 0.2229325920343399,
        "count": 434
      },
      "women": {
        "cfr": 0.13748191027496381,
        "ctfg": 0.12223300337791443,
        "count": 691
      },
      "men": {
        "cfr": 0.054831704668838216,
        "ctfg": 0.051411423832178116,
        "count": 1842
      },
      "muslim": {
        "cfr": 0.21428571428571427,
        "ctfg": 0.1906665563583374,
        "count": 798
      },
      "disabled": {
        "cfr": 0.15738498789346247,
        "ctfg": 0.13850942254066467,
        "count": 413
      }
    }
  },
  "group_fairness": {
    "fped": 0.7477888356410916,
    "fned": 0.6978094186736358,
    "per_group": {
      "Muslims": {
        "fpr": 0.46846846846846846,
        "fnr": 0.09651474530831099,
        "fpr_gap": 0.21524958434829677,
        "fnr_gap": 0.1286120592176352,
        "count": 484
      },
      "black people": {
        "fpr": 0.144,
        "fnr": 0.2969187675070028,
        "fpr_gap": 0.1092188841201717,
        "fnr_gap": 0.07179196298105664,
        "count": 482
      },
      "disabled people": {
        "fpr": 0.1981981981981982,
        "fnr": 0.2520107238605898,
        "fpr_gap": 0.05502068592197348,
        "fnr_gap": 0.026883919334643652,
        "count": 484
      },
      "gay people": {
        "fpr": 0.29213483146067415,
        "fnr": 0.2546916890080429,
        "fpr_gap": 0.038915947340502466,
        "fnr_gap": 0.029564884482096737,
        "count": 551
      },
      "immigrants": {
        "fpr": 0.4056603773584906,
        "fnr": 0.13165266106442577,
        "fpr_gap": 0.1524414932383189,
        "fnr_gap": 0.09347414346152039,
        "count": 463
      },
      "trans people": {
        "fpr": 0.2169811320754717,
        "fnr": 0.21008403361344538,
        "fpr_gap": 0.03623775204469998,
        "fnr_gap": 0.01504277091250078,
        "count": 463
      },
      "unknown": {
        "fpr": 0.22602739726027396,
        "fnr": 0.0,
        "fpr_gap": 0.027191486859897723,
        "fnr_gap": 0.22512680452594616,
        "count": 292
      },
      "women": {
        "fpr": 0.13970588235294118,
        "fnr": 0.3324396782841823,
        "fpr_gap": 0.1135130017672305,
        "fnr_gap": 0.10731287375823614,
        "count": 509
      }
    }
  },
  "per_group_f1": {
    "Muslims": 0.7286649848380604,
    "black people": 0.7175265137909522,
    "disabled people": 0.7166676759724662,
    "gay people": 0.7112375533428165,
    "immigrants": 0.7282863849765259,
    "trans people": 0.7403758125057219,
    "women": 0.6988003658077357
  }
}