{
  "task": {
    "accuracy": 0.8082120582120582,
    "macro_f1": 0.8016868832882911,
    "binary_f1": 0.8376594808622965,
    "auc_roc": 0.8867564196165026,
    "precision": 0.8417329796640142,
    "recall": 0.8336252189141856
  },
  "causal": {
    "cfr": 0.12840909090909092,
    "ctfg": 0.11145776510238647,
    "n_pairs": 2640,
    "mean_prob_orig": 0.6016924381256104,
    "mean_prob_cf": 0.5205205678939819,
    "per_group": {
      "men": {
        "cfr": 0.12339930151338765,
        "ctfg": 0.10329777747392654,
        "count": 859
      },
      "disabled": {
        "cfr": 0.4888888888888889,
        "ctfg": 0.41014060378074646,
        "count": 90
      },
      "women": {
        "cfr": 0.07671957671957672,
        "ctfg": 0.07418268918991089,
        "count": 378
      },
      "muslim": {
        "cfr": 0.04240282685512368,
        "ctfg": 0.05090427026152611,
        "count": 283
      },
      "black": {
        "cfr": 0.2792022792022792,
        "ctfg": 0.23856359720230103,
        "count": 351
      },
      "white": {
        "cfr": 0.04335260115606936,
        "ctfg": 0.03588585555553436,
        "count": 346
      },
      "jewish": {
        "cfr": 0.15966386554621848,
        "ctfg": 0.11917701363563538,
        "count": 119
      },
      "gay": {
        "cfr": 0.08148148148148149,
        "ctfg": 0.07871848344802856,
        "count": 135
      },
      "asian": {
        "cfr": 0.06666666666666667,
        "ctfg": 0.057666562497615814,
        "count": 45
      },
      "christian": {
        "cfr": 0.058823529411764705,
        "ctfg": 0.07646280527114868,
        "count": 34
      }
    }
  },
  "group_fairness": {
    "fped": 1.3042292108006102,
    "fned": 0.2989171643283308,
    "per_group": {
      "disability": {
        "fpr": 1.0,
        "fnr": 0.16666666666666666,
        "fpr_gap": 0.7710997442455243,
        "fnr_gap": 0.00029188558085230243,
        "count": 9
      },
      "gender": {
        "fpr": 0.2457627118644068,
        "fnr": 0.17770034843205576,
        "fpr_gap": 0.01686245610993109,
        "fnr_gap": 0.011325567346241405,
        "count": 405
      },
      "none": {
        "fpr": 0.15730337078651685,
        "fnr": 0.3135593220338983,
        "fpr_gap": 0.07159688496795885,
        "fnr_gap": 0.14718454094808395,
        "count": 563
      },
      "race": {
        "fpr": 0.3951612903225806,
        "fnr": 0.1222707423580786,
        "fpr_gap": 0.16626103456810493,
        "fnr_gap": 0.04410403872773576,
        "count": 582
      },
      "religion": {
        "fpr": 0.4375,
        "fnr": 0.1377551020408163,
        "fpr_gap": 0.2085997442455243,
        "fnr_gap": 0.028619679044998042,
        "count": 244
      },
      "sexual_orientation": {
        "fpr": 0.1590909090909091,
        "fnr": 0.23376623376623376,
        "fpr_gap": 0.06980934666356661,
        "fnr_gap": 0.0673914526804194,
        "count": 121
      }
    }
  },
  "per_group_f1": {
    "disability": 0.35714285714285715,
    "gender": 0.7724974721941353,
    "none": 0.738688170457158,
    "race": 0.7363618714812659,
    "religion": 0.7025297165498323,
    "sexual_orientation": 0.7863247863247864
  }
}