{
  "task": {
    "accuracy": 0.7988565488565489,
    "macro_f1": 0.7898172939175598,
    "binary_f1": 0.8334050796383985,
    "auc_roc": 0.881329475367395,
    "precision": 0.8196443691786621,
    "recall": 0.8476357267950964
  },
  "causal": {
    "cfr": 0.06439393939393939,
    "ctfg": 0.057598378509283066,
    "n_pairs": 2640,
    "mean_prob_orig": 0.6247537136077881,
    "mean_prob_cf": 0.6101781725883484,
    "per_group": {
      "men": {
        "cfr": 0.07450523864959255,
        "ctfg": 0.05994686111807823,
        "count": 859
      },
      "disabled": {
        "cfr": 0.022222222222222223,
        "ctfg": 0.024014906957745552,
        "count": 90
      },
      "women": {
        "cfr": 0.06613756613756613,
        "ctfg": 0.06103809177875519,
        "count": 378
      },
      "muslim": {
        "cfr": 0.028268551236749116,
        "ctfg": 0.038772571831941605,
        "count": 283
      },
      "black": {
        "cfr": 0.09686609686609686,
        "ctfg": 0.08758965134620667,
        "count": 351
      },
      "white": {
        "cfr": 0.046242774566473986,
        "ctfg": 0.0360543392598629,
        "count": 346
      },
      "jewish": {
        "cfr": 0.06722689075630252,
        "ctfg": 0.05629550293087959,
        "count": 119
      },
      "gay": {
        "cfr": 0.06666666666666667,
        "ctfg": 0.07354168593883514,
        "count": 135
      },
      "asian": {
        "cfr": 0.022222222222222223,
        "ctfg": 0.04479837790131569,
        "count": 45
      },
      "christian": {
        "cfr": 0.08823529411764706,
        "ctfg": 0.07344139367341995,
        "count": 34
      }
    }
  },
  "group_fairness": {
    "fped": 1.3751936469091026,
    "fned": 0.2867287637659841,
    "per_group": {
      "disability": {
        "fpr": 1.0,
        "fnr": 0.16666666666666666,
        "fpr_gap": 0.7276214833759591,
        "fnr_gap": 0.014302393461762986,
        "count": 9
      },
      "gender": {
        "fpr": 0.3474576271186441,
        "fnr": 0.15331010452961671,
        "fpr_gap": 0.07507911049460314,
        "fnr_gap": 0.0009458313247130423,
        "count": 405
      },
      "none": {
        "fpr": 0.1707865168539326,
        "fnr": 0.288135593220339,
        "fpr_gap": 0.10159199977010835,
        "fnr_gap": 0.13577132001543532,
        "count": 563
      },
      "race": {
        "fpr": 0.45161290322580644,
        "fnr": 0.12008733624454149,
        "fpr_gap": 0.1792343866017655,
        "fnr_gap": 0.032276936960362185,
        "count": 582
      },
      "religion": {
        "fpr": 0.5416666666666666,
        "fnr": 0.11734693877551021,
        "fpr_gap": 0.2692881500426257,
        "fnr_gap": 0.03501733442939346,
        "count": 244
      },
      "sexual_orientation": {
        "fpr": 0.25,
        "fnr": 0.22077922077922077,
        "fpr_gap": 0.022378516624040945,
        "fnr_gap": 0.0684149475743171,
        "count": 121
      }
    }
  },
  "per_group_f1": {
    "disability": 0.35714285714285715,
    "gender": 0.7477449091002353,
    "none": 0.7372997828152572,
    "race": 0.7147801977050672,
    "religion": 0.6745338233292499,
    "sexual_orientation": 0.7564692351926394
  }
}