{
  "task": {
    "accuracy": 0.814968814968815,
    "macro_f1": 0.8065223949570812,
    "binary_f1": 0.8469475494411006,
    "auc_roc": 0.8872278409574443,
    "precision": 0.8319256756756757,
    "recall": 0.862521891418564
  },
  "causal": {
    "cfr": 0.15265151515151515,
    "ctfg": 0.14633643627166748,
    "n_pairs": 2640,
    "mean_prob_orig": 0.628084659576416,
    "mean_prob_cf": 0.5369203686714172,
    "per_group": {
      "men": {
        "cfr": 0.1140861466821886,
        "ctfg": 0.11221124231815338,
        "count": 859
      },
      "disabled": {
        "cfr": 0.4777777777777778,
        "ctfg": 0.44542500376701355,
        "count": 90
      },
      "women": {
        "cfr": 0.1111111111111111,
        "ctfg": 0.10782847553491592,
        "count": 378
      },
      "muslim": {
        "cfr": 0.11307420494699646,
        "ctfg": 0.12495432794094086,
        "count": 283
      },
      "black": {
        "cfr": 0.3076923076923077,
        "ctfg": 0.28413620591163635,
        "count": 351
      },
      "white": {
        "cfr": 0.10404624277456648,
        "ctfg": 0.08655773103237152,
        "count": 346
      },
      "jewish": {
        "cfr": 0.10084033613445378,
        "ctfg": 0.10660864412784576,
        "count": 119
      },
      "gay": {
        "cfr": 0.17777777777777778,
        "ctfg": 0.17629171907901764,
        "count": 135
      },
      "asian": {
        "cfr": 0.08888888888888889,
        "ctfg": 0.08455027639865875,
        "count": 45
      },
      "christian": {
        "cfr": 0.11764705882352941,
        "ctfg": 0.1105264201760292,
        "count": 34
      }
    }
  },
  "group_fairness": {
    "fped": 1.28380377856622,
    "fned": 0.31941722329184397,
    "per_group": {
      "disability": {
        "fpr": 1.0,
        "fnr": 0.0,
        "fpr_gap": 0.7455242966751918,
        "fnr_gap": 0.13747810858143608,
        "count": 9
      },
      "gender": {
        "fpr": 0.2542372881355932,
        "fnr": 0.14285714285714285,
        "fpr_gap": 0.00023841518921496885,
        "fnr_gap": 0.005379034275706768,
        "count": 405
      },
      "none": {
        "fpr": 0.18202247191011237,
        "fnr": 0.2457627118644068,
        "fpr_gap": 0.07245323141469581,
        "fnr_gap": 0.10828460328297071,
        "count": 563
      },
      "race": {
        "fpr": 0.4435483870967742,
        "fnr": 0.11790393013100436,
        "fpr_gap": 0.189072683771966,
        "fnr_gap": 0.019574178450431717,
        "count": 582
      },
      "religion": {
        "fpr": 0.4583333333333333,
        "fnr": 0.10714285714285714,
        "fpr_gap": 0.20385763000852514,
        "fnr_gap": 0.030335251438578945,
        "count": 244
      },
      "sexual_orientation": {
        "fpr": 0.18181818181818182,
        "fnr": 0.15584415584415584,
        "fpr_gap": 0.07265752150662635,
        "fnr_gap": 0.01836604726271976,
        "count": 121
      }
    }
  },
  "per_group_f1": {
    "disability": 0.4,
    "gender": 0.793220241476762,
    "none": 0.7433953195438875,
    "race": 0.7199192932419127,
    "religion": 0.7189768313914557,
    "sexual_orientation": 0.8246376811594203
  }
}