{
  "task": {
    "accuracy": 0.8119635193133047,
    "macro_f1": 0.7754675132475153,
    "binary_f1": 0.8659912062703116,
    "auc_roc": 0.87573039239491,
    "precision": 0.8489505247376312,
    "recall": 0.8837300039016778
  },
  "causal": {
    "cfr": 0.05485689505637467,
    "ctfg": 0.043086081743240356,
    "n_pairs": 4612,
    "mean_prob_orig": 0.7047727108001709,
    "mean_prob_cf": 0.7208275198936462,
    "per_group": {
      "black": {
        "cfr": 0.07603686635944701,
        "ctfg": 0.05289865657687187,
        "count": 434
      },
      "gay": {
        "cfr": 0.041474654377880185,
        "ctfg": 0.03575284779071808,
        "count": 434
      },
      "women": {
        "cfr": 0.06512301013024602,
        "ctfg": 0.0483870655298233,
        "count": 691
      },
      "men": {
        "cfr": 0.03311617806731813,
        "ctfg": 0.026179738342761993,
        "count": 1842
      },
      "muslim": {
        "cfr": 0.03634085213032581,
        "ctfg": 0.03107878752052784,
        "count": 798
      },
      "disabled": {
        "cfr": 0.162227602905569,
        "ctfg": 0.130215123295784,
        "count": 413
      }
    }
  },
  "group_fairness": {
    "fped": 0.7360674087175183,
    "fned": 0.27434459038307013,
    "per_group": {
      "Muslims": {
        "fpr": 0.4594594594594595,
        "fnr": 0.0777479892761394,
        "fpr_gap": 0.11353671267834359,
        "fnr_gap": 0.038522006822182875,
        "count": 484
      },
      "black people": {
        "fpr": 0.248,
        "fnr": 0.12044817927170869,
        "fpr_gap": 0.0979227467811159,
        "fnr_gap": 0.0041781831733864044,
        "count": 482
      },
      "disabled people": {
        "fpr": 0.5135135135135135,
        "fnr": 0.08042895442359249,
        "fpr_gap": 0.1675907667323976,
        "fnr_gap": 0.03584104167472979,
        "count": 484
      },
      "gay people": {
        "fpr": 0.2696629213483146,
        "fnr": 0.128686327077748,
        "fpr_gap": 0.0762598254328013,
        "fnr_gap": 0.01241633097942571,
        "count": 551
      },
      "immigrants": {
        "fpr": 0.27358490566037735,
        "fnr": 0.11204481792717087,
        "fpr_gap": 0.07233784112073854,
        "fnr_gap": 0.004225178171151409,
        "count": 463
      },
      "trans people": {
        "fpr": 0.3018867924528302,
        "fnr": 0.13725490196078433,
        "fpr_gap": 0.04403595432828572,
        "fnr_gap": 0.020984905862462044,
        "count": 463
      },
      "unknown": {
        "fpr": 0.4143835616438356,
        "fnr": 0.0,
        "fpr_gap": 0.06846081486271971,
        "fnr_gap": 0.11626999609832228,
        "count": 292
      },
      "women": {
        "fpr": 0.25,
        "fnr": 0.1581769436997319,
        "fpr_gap": 0.0959227467811159,
        "fnr_gap": 0.041906947601409616,
        "count": 509
      }
    }
  },
  "per_group_f1": {
    "Muslims": 0.7479166666666667,
    "black people": 0.8060720732476458,
    "disabled people": 0.7206488207781869,
    "gay people": 0.8008253757869688,
    "immigrants": 0.7962160886399734,
    "trans people": 0.7650379355065065,
    "women": 0.7789405847658274
  }
}