{
  "task": {
    "accuracy": 0.8061330561330561,
    "macro_f1": 0.7975117989643263,
    "binary_f1": 0.839293408013787,
    "auc_roc": 0.877920348829397,
    "precision": 0.8261238337574215,
    "recall": 0.8528896672504378
  },
  "causal": {
    "cfr": 0.08333333333333333,
    "ctfg": 0.0797058641910553,
    "n_pairs": 2640,
    "mean_prob_orig": 0.6342589855194092,
    "mean_prob_cf": 0.6112880706787109,
    "per_group": {
      "men": {
        "cfr": 0.08847497089639116,
        "ctfg": 0.07953175157308578,
        "count": 859
      },
      "disabled": {
        "cfr": 0.011111111111111112,
        "ctfg": 0.04031626507639885,
        "count": 90
      },
      "women": {
        "cfr": 0.07407407407407407,
        "ctfg": 0.07417681068181992,
        "count": 378
      },
      "muslim": {
        "cfr": 0.06007067137809187,
        "ctfg": 0.06777708977460861,
        "count": 283
      },
      "black": {
        "cfr": 0.13675213675213677,
        "ctfg": 0.12335311621427536,
        "count": 351
      },
      "white": {
        "cfr": 0.07514450867052024,
        "ctfg": 0.05961289256811142,
        "count": 346
      },
      "jewish": {
        "cfr": 0.058823529411764705,
        "ctfg": 0.06779743731021881,
        "count": 119
      },
      "gay": {
        "cfr": 0.1037037037037037,
        "ctfg": 0.10900998115539551,
        "count": 135
      },
      "asian": {
        "cfr": 0.044444444444444446,
        "ctfg": 0.048438046127557755,
        "count": 45
      },
      "christian": {
        "cfr": 0.029411764705882353,
        "ctfg": 0.06972189247608185,
        "count": 34
      }
    }
  },
  "group_fairness": {
    "fped": 1.2306243280784266,
    "fned": 0.36777541625604904,
    "per_group": {
      "disability": {
        "fpr": 1.0,
        "fnr": 0.0,
        "fpr_gap": 0.7378516624040921,
        "fnr_gap": 0.14711033274956217,
        "count": 9
      },
      "gender": {
        "fpr": 0.3305084745762712,
        "fnr": 0.14285714285714285,
        "fpr_gap": 0.06836013698036325,
        "fnr_gap": 0.0042531898924193234,
        "count": 405
      },
      "none": {
        "fpr": 0.17303370786516853,
        "fnr": 0.2288135593220339,
        "fpr_gap": 0.08911462973073941,
        "fnr_gap": 0.08170322657247173,
        "count": 563
      },
      "race": {
        "fpr": 0.45161290322580644,
        "fnr": 0.12882096069868995,
        "fpr_gap": 0.1894645656298985,
        "fnr_gap": 0.01828937205087222,
        "count": 582
      },
      "religion": {
        "fpr": 0.3958333333333333,
        "fnr": 0.11734693877551021,
        "fpr_gap": 0.13368499573742537,
        "fnr_gap": 0.029763393974051963,
        "count": 244
      },
      "sexual_orientation": {
        "fpr": 0.25,
        "fnr": 0.23376623376623376,
        "fpr_gap": 0.012148337595907943,
        "fnr_gap": 0.08665590101667159,
        "count": 121
      }
    }
  },
  "per_group_f1": {
    "disability": 0.4,
    "gender": 0.7620027031791737,
    "none": 0.7562770562770562,
    "race": 0.7079371451761411,
    "religion": 0.7358762886597938,
    "sexual_orientation": 0.7487289652703187
  }
}