{
  "task": {
    "accuracy": 0.7993762993762994,
    "macro_f1": 0.7928304190010522,
    "binary_f1": 0.8296557811120918,
    "auc_roc": 0.8796722221973385,
    "precision": 0.8362989323843416,
    "recall": 0.8231173380035026
  },
  "causal": {
    "cfr": 0.060227272727272727,
    "ctfg": 0.0249788798391819,
    "n_pairs": 2640,
    "mean_prob_orig": 0.5498987436294556,
    "mean_prob_cf": 0.5417526960372925,
    "per_group": {
      "men": {
        "cfr": 0.06984866123399301,
        "ctfg": 0.025625647976994514,
        "count": 859
      },
      "disabled": {
        "cfr": 0.022222222222222223,
        "ctfg": 0.01739124208688736,
        "count": 90
      },
      "women": {
        "cfr": 0.0582010582010582,
        "ctfg": 0.023374799638986588,
        "count": 378
      },
      "muslim": {
        "cfr": 0.03180212014134275,
        "ctfg": 0.019928481429815292,
        "count": 283
      },
      "black": {
        "cfr": 0.10826210826210826,
        "ctfg": 0.041618432849645615,
        "count": 351
      },
      "white": {
        "cfr": 0.023121387283236993,
        "ctfg": 0.014966539107263088,
        "count": 346
      },
      "jewish": {
        "cfr": 0.04201680672268908,
        "ctfg": 0.023046191781759262,
        "count": 119
      },
      "gay": {
        "cfr": 0.08148148148148149,
        "ctfg": 0.026867320761084557,
        "count": 135
      },
      "asian": {
        "cfr": 0.044444444444444446,
        "ctfg": 0.019156625494360924,
        "count": 45
      },
      "christian": {
        "cfr": 0.058823529411764705,
        "ctfg": 0.025677574798464775,
        "count": 34
      }
    }
  },
  "group_fairness": {
    "fped": 0.948999261427991,
    "fned": 0.48760593039157885,
    "per_group": {
      "disability": {
        "fpr": 0.6666666666666666,
        "fnr": 0.0,
        "fpr_gap": 0.4313725490196078,
        "fnr_gap": 0.17688266199649738,
        "count": 9
      },
      "gender": {
        "fpr": 0.2542372881355932,
        "fnr": 0.17073170731707318,
        "fpr_gap": 0.01894317048853439,
        "fnr_gap": 0.006150954679424198,
        "count": 405
      },
      "none": {
        "fpr": 0.1550561797752809,
        "fnr": 0.3050847457627119,
        "fpr_gap": 0.08023793787177791,
        "fnr_gap": 0.1282020837662145,
        "count": 563
      },
      "race": {
        "fpr": 0.3951612903225806,
        "fnr": 0.14847161572052403,
        "fpr_gap": 0.1598671726755218,
        "fnr_gap": 0.02841104627597335,
        "count": 582
      },
      "religion": {
        "fpr": 0.4791666666666667,
        "fnr": 0.1377551020408163,
        "fpr_gap": 0.24387254901960786,
        "fnr_gap": 0.03912755995568107,
        "count": 244
      },
      "sexual_orientation": {
        "fpr": 0.25,
        "fnr": 0.2857142857142857,
        "fpr_gap": 0.01470588235294118,
        "fnr_gap": 0.10883162371778832,
        "count": 121
      }
    }
  },
  "per_group_f1": {
    "disability": 0.6785714285714286,
    "gender": 0.773926868044515,
    "none": 0.743572503719641,
    "race": 0.7156814851001465,
    "religion": 0.6855670103092784,
    "sexual_orientation": 0.7179487179487178
  }
}