{
  "task": {
    "accuracy": 0.7967775467775468,
    "macro_f1": 0.7892766036593206,
    "binary_f1": 0.8290336685614342,
    "auc_roc": 0.8775289907328194,
    "precision": 0.8279475982532751,
    "recall": 0.830122591943958
  },
  "causal": {
    "cfr": 0.05795454545454545,
    "ctfg": 0.047751832753419876,
    "n_pairs": 2640,
    "mean_prob_orig": 0.5965782403945923,
    "mean_prob_cf": 0.5835085511207581,
    "per_group": {
      "men": {
        "cfr": 0.059371362048894066,
        "ctfg": 0.04877694323658943,
        "count": 859
      },
      "disabled": {
        "cfr": 0.0,
        "ctfg": 0.024721132591366768,
        "count": 90
      },
      "women": {
        "cfr": 0.05555555555555555,
        "ctfg": 0.04893937706947327,
        "count": 378
      },
      "muslim": {
        "cfr": 0.038869257950530034,
        "ctfg": 0.03586487099528313,
        "count": 283
      },
      "black": {
        "cfr": 0.09686609686609686,
        "ctfg": 0.07315054535865784,
        "count": 351
      },
      "white": {
        "cfr": 0.023121387283236993,
        "ctfg": 0.02861596830189228,
        "count": 346
      },
      "jewish": {
        "cfr": 0.07563025210084033,
        "ctfg": 0.048327330499887466,
        "count": 119
      },
      "gay": {
        "cfr": 0.0962962962962963,
        "ctfg": 0.05980672314763069,
        "count": 135
      },
      "asian": {
        "cfr": 0.044444444444444446,
        "ctfg": 0.039174582809209824,
        "count": 45
      },
      "christian": {
        "cfr": 0.11764705882352941,
        "ctfg": 0.06255900859832764,
        "count": 34
      }
    }
  },
  "group_fairness": {
    "fped": 1.3666185284992152,
    "fned": 0.2991486778159619,
    "per_group": {
      "disability": {
        "fpr": 1.0,
        "fnr": 0.16666666666666666,
        "fpr_gap": 0.748081841432225,
        "fnr_gap": 0.0032107413893753822,
        "count": 9
      },
      "gender": {
        "fpr": 0.3389830508474576,
        "fnr": 0.16376306620209058,
        "fpr_gap": 0.08706489227968267,
        "fnr_gap": 0.0061143418539514605,
        "count": 405
      },
      "none": {
        "fpr": 0.1662921348314607,
        "fnr": 0.3220338983050847,
        "fpr_gap": 0.08562602373631426,
        "fnr_gap": 0.15215649024904268,
        "count": 563
      },
      "race": {
        "fpr": 0.41935483870967744,
        "fnr": 0.13100436681222707,
        "fpr_gap": 0.1674366801419025,
        "fnr_gap": 0.038873041243814965,
        "count": 582
      },
      "religion": {
        "fpr": 0.4375,
        "fnr": 0.14795918367346939,
        "fpr_gap": 0.18558184143222506,
        "fnr_gap": 0.021918224382572654,
        "count": 244
      },
      "sexual_orientation": {
        "fpr": 0.1590909090909091,
        "fnr": 0.24675324675324675,
        "fpr_gap": 0.09282724947686585,
        "fnr_gap": 0.07687583869720471,
        "count": 121
      }
    }
  },
  "per_group_f1": {
    "disability": 0.35714285714285715,
    "gender": 0.7442680776014109,
    "none": 0.7285438765670202,
    "race": 0.7195759911894273,
    "religion": 0.6945112179487178,
    "sexual_orientation": 0.7784507042253521
  }
}