{
  "task": {
    "accuracy": 0.7884615384615384,
    "macro_f1": 0.7813494121099569,
    "binary_f1": 0.8207837956847204,
    "auc_roc": 0.8639423141524943,
    "precision": 0.8255093002657219,
    "recall": 0.8161120840630472
  },
  "causal": {
    "cfr": 0.051515151515151514,
    "ctfg": 0.0413302406668663,
    "n_pairs": 2640,
    "mean_prob_orig": 0.5855900049209595,
    "mean_prob_cf": 0.57823646068573,
    "per_group": {
      "men": {
        "cfr": 0.047729918509895226,
        "ctfg": 0.04009009525179863,
        "count": 859
      },
      "disabled": {
        "cfr": 0.0,
        "ctfg": 0.02051670104265213,
        "count": 90
      },
      "women": {
        "cfr": 0.05291005291005291,
        "ctfg": 0.0423281192779541,
        "count": 378
      },
      "muslim": {
        "cfr": 0.04240282685512368,
        "ctfg": 0.0349559411406517,
        "count": 283
      },
      "black": {
        "cfr": 0.08547008547008547,
        "ctfg": 0.058384958654642105,
        "count": 351
      },
      "white": {
        "cfr": 0.03468208092485549,
        "ctfg": 0.02985590696334839,
        "count": 346
      },
      "jewish": {
        "cfr": 0.04201680672268908,
        "ctfg": 0.03315174579620361,
        "count": 119
      },
      "gay": {
        "cfr": 0.08148148148148149,
        "ctfg": 0.05736181512475014,
        "count": 135
      },
      "asian": {
        "cfr": 0.044444444444444446,
        "ctfg": 0.03723970055580139,
        "count": 45
      },
      "christian": {
        "cfr": 0.08823529411764706,
        "ctfg": 0.08080656826496124,
        "count": 34
      }
    }
  },
  "group_fairness": {
    "fped": 0.9055338828896558,
    "fned": 0.30085399915486744,
    "per_group": {
      "disability": {
        "fpr": 0.6666666666666666,
        "fnr": 0.16666666666666666,
        "fpr_gap": 0.4147485080988917,
        "fnr_gap": 0.017221249270286065,
        "count": 9
      },
      "gender": {
        "fpr": 0.2966101694915254,
        "fnr": 0.18466898954703834,
        "fpr_gap": 0.04469201092375047,
        "fnr_gap": 0.0007810736100856142,
        "count": 405
      },
      "none": {
        "fpr": 0.18202247191011237,
        "fnr": 0.3050847457627119,
        "fpr_gap": 0.06989568665766258,
        "fnr_gap": 0.12119682982575916,
        "count": 563
      },
      "race": {
        "fpr": 0.3951612903225806,
        "fnr": 0.1572052401746725,
        "fpr_gap": 0.14324313175480569,
        "fnr_gap": 0.026682675762280228,
        "count": 582
      },
      "religion": {
        "fpr": 0.4375,
        "fnr": 0.1377551020408163,
        "fpr_gap": 0.18558184143222506,
        "fnr_gap": 0.04613281389613641,
        "count": 244
      },
      "sexual_orientation": {
        "fpr": 0.20454545454545456,
        "fnr": 0.2727272727272727,
        "fpr_gap": 0.04737270402232038,
        "fnr_gap": 0.08883935679031998,
        "count": 121
      }
    }
  },
  "per_group_f1": {
    "disability": 0.5846153846153845,
    "gender": 0.7476349628958252,
    "none": 0.7225841773884478,
    "race": 0.7090036073932968,
    "religion": 0.7025297165498323,
    "sexual_orientation": 0.7443661971830986
  }
}