{
  "task": {
    "accuracy": 0.7863825363825364,
    "macro_f1": 0.7805753748744036,
    "binary_f1": 0.8162717925793473,
    "auc_roc": 0.8695445017266786,
    "precision": 0.8337899543378996,
    "recall": 0.7994746059544658
  },
  "causal": {
    "cfr": 0.05643939393939394,
    "ctfg": 0.04275757074356079,
    "n_pairs": 2640,
    "mean_prob_orig": 0.5771039724349976,
    "mean_prob_cf": 0.5669866800308228,
    "per_group": {
      "men": {
        "cfr": 0.05471478463329453,
        "ctfg": 0.0424337163567543,
        "count": 859
      },
      "disabled": {
        "cfr": 0.022222222222222223,
        "ctfg": 0.022054415196180344,
        "count": 90
      },
      "women": {
        "cfr": 0.06349206349206349,
        "ctfg": 0.04055584967136383,
        "count": 378
      },
      "muslim": {
        "cfr": 0.05653710247349823,
        "ctfg": 0.03206869214773178,
        "count": 283
      },
      "black": {
        "cfr": 0.07692307692307693,
        "ctfg": 0.06388348340988159,
        "count": 351
      },
      "white": {
        "cfr": 0.04046242774566474,
        "ctfg": 0.032008808106184006,
        "count": 346
      },
      "jewish": {
        "cfr": 0.05042016806722689,
        "ctfg": 0.04940628260374069,
        "count": 119
      },
      "gay": {
        "cfr": 0.06666666666666667,
        "ctfg": 0.052583519369363785,
        "count": 135
      },
      "asian": {
        "cfr": 0.022222222222222223,
        "ctfg": 0.03235991671681404,
        "count": 45
      },
      "christian": {
        "cfr": 0.08823529411764706,
        "ctfg": 0.061956167221069336,
        "count": 34
      }
    }
  },
  "group_fairness": {
    "fped": 1.0466130965090403,
    "fned": 0.3603971674802725,
    "per_group": {
      "disability": {
        "fpr": 0.6666666666666666,
        "fnr": 0.16666666666666666,
        "fpr_gap": 0.43393009377664105,
        "fnr_gap": 0.0338587273788675,
        "count": 9
      },
      "gender": {
        "fpr": 0.2966101694915254,
        "fnr": 0.1916376306620209,
        "fpr_gap": 0.06387359660149983,
        "fnr_gap": 0.008887763383513242,
        "count": 405
      },
      "none": {
        "fpr": 0.16404494382022472,
        "fnr": 0.3135593220338983,
        "fpr_gap": 0.06869162906980086,
        "fnr_gap": 0.11303392798836415,
        "count": 563
      },
      "race": {
        "fpr": 0.3870967741935484,
        "fnr": 0.1703056768558952,
        "fpr_gap": 0.1543602013035228,
        "fnr_gap": 0.03021971718963895,
        "count": 582
      },
      "religion": {
        "fpr": 0.4166666666666667,
        "fnr": 0.16326530612244897,
        "fpr_gap": 0.1839300937766411,
        "fnr_gap": 0.03726008792308519,
        "count": 244
      },
      "sexual_orientation": {
        "fpr": 0.09090909090909091,
        "fnr": 0.33766233766233766,
        "fpr_gap": 0.14182748198093467,
        "fnr_gap": 0.1371369436168035,
        "count": 121
      }
    }
  },
  "per_group_f1": {
    "disability": 0.5846153846153845,
    "gender": 0.7429913131768954,
    "none": 0.7333913073426092,
    "race": 0.7022752001559023,
    "religion": 0.6908382066276804,
    "sexual_orientation": 0.75
  }
}