{
  "task": {
    "accuracy": 0.8014553014553014,
    "macro_f1": 0.7922022991625529,
    "binary_f1": 0.8360515021459227,
    "auc_roc": 0.8798407469284828,
    "precision": 0.8198653198653199,
    "recall": 0.8528896672504378
  },
  "causal": {
    "cfr": 0.0659090909090909,
    "ctfg": 0.05836039409041405,
    "n_pairs": 2640,
    "mean_prob_orig": 0.6265420913696289,
    "mean_prob_cf": 0.6111434698104858,
    "per_group": {
      "men": {
        "cfr": 0.08032596041909197,
        "ctfg": 0.06049446389079094,
        "count": 859
      },
      "disabled": {
        "cfr": 0.011111111111111112,
        "ctfg": 0.025374840945005417,
        "count": 90
      },
      "women": {
        "cfr": 0.06084656084656084,
        "ctfg": 0.0610533207654953,
        "count": 378
      },
      "muslim": {
        "cfr": 0.024734982332155476,
        "ctfg": 0.03857804089784622,
        "count": 283
      },
      "black": {
        "cfr": 0.1111111111111111,
        "ctfg": 0.08950798958539963,
        "count": 351
      },
      "white": {
        "cfr": 0.03757225433526012,
        "ctfg": 0.03795661777257919,
        "count": 346
      },
      "jewish": {
        "cfr": 0.06722689075630252,
        "ctfg": 0.05641231685876846,
        "count": 119
      },
      "gay": {
        "cfr": 0.07407407407407407,
        "ctfg": 0.07508597522974014,
        "count": 135
      },
      "asian": {
        "cfr": 0.022222222222222223,
        "ctfg": 0.04285094141960144,
        "count": 45
      },
      "christian": {
        "cfr": 0.08823529411764706,
        "ctfg": 0.0734991580247879,
        "count": 34
      }
    }
  },
  "group_fairness": {
    "fped": 1.3683418612189548,
    "fned": 0.27922340191624195,
    "per_group": {
      "disability": {
        "fpr": 1.0,
        "fnr": 0.16666666666666666,
        "fpr_gap": 0.7263427109974425,
        "fnr_gap": 0.019556333917104485,
        "count": 9
      },
      "gender": {
        "fpr": 0.3559322033898305,
        "fnr": 0.14634146341463414,
        "fpr_gap": 0.08227491438727297,
        "fnr_gap": 0.0007688693349280351,
        "count": 405
      },
      "none": {
        "fpr": 0.1707865168539326,
        "fnr": 0.2711864406779661,
        "fpr_gap": 0.10287077214862494,
        "fnr_gap": 0.12407610792840393,
        "count": 563
      },
      "race": {
        "fpr": 0.4596774193548387,
        "fnr": 0.11572052401746726,
        "fpr_gap": 0.18602013035228115,
        "fnr_gap": 0.03138980873209492,
        "count": 582
      },
      "religion": {
        "fpr": 0.5208333333333334,
        "fnr": 0.11734693877551021,
        "fpr_gap": 0.24717604433077583,
        "fnr_gap": 0.029763393974051963,
        "count": 244
      },
      "sexual_orientation": {
        "fpr": 0.25,
        "fnr": 0.22077922077922077,
        "fpr_gap": 0.023657289002557536,
        "fnr_gap": 0.0736688880296586,
        "count": 121
      }
    }
  },
  "per_group_f1": {
    "disability": 0.35714285714285715,
    "gender": 0.7488631665977676,
    "none": 0.7433130699088146,
    "race": 0.714807555238774,
    "religion": 0.6837671454800734,
    "sexual_orientation": 0.7564692351926394
  }
}