{
  "task": {
    "accuracy": 0.7993762993762994,
    "macro_f1": 0.7920975898164032,
    "binary_f1": 0.8309982486865148,
    "auc_roc": 0.8801526016635239,
    "precision": 0.8309982486865148,
    "recall": 0.8309982486865148
  },
  "causal": {
    "cfr": 0.07045454545454545,
    "ctfg": 0.04484378173947334,
    "n_pairs": 2640,
    "mean_prob_orig": 0.5856150388717651,
    "mean_prob_cf": 0.5695226192474365,
    "per_group": {
      "men": {
        "cfr": 0.06519208381839348,
        "ctfg": 0.044553231447935104,
        "count": 859
      },
      "disabled": {
        "cfr": 0.0,
        "ctfg": 0.02514183335006237,
        "count": 90
      },
      "women": {
        "cfr": 0.082010582010582,
        "ctfg": 0.042165063321590424,
        "count": 378
      },
      "muslim": {
        "cfr": 0.053003533568904596,
        "ctfg": 0.036035045981407166,
        "count": 283
      },
      "black": {
        "cfr": 0.1339031339031339,
        "ctfg": 0.0742800384759903,
        "count": 351
      },
      "white": {
        "cfr": 0.028901734104046242,
        "ctfg": 0.02788335643708706,
        "count": 346
      },
      "jewish": {
        "cfr": 0.07563025210084033,
        "ctfg": 0.0542011633515358,
        "count": 119
      },
      "gay": {
        "cfr": 0.1037037037037037,
        "ctfg": 0.04671396315097809,
        "count": 135
      },
      "asian": {
        "cfr": 0.022222222222222223,
        "ctfg": 0.030075818300247192,
        "count": 45
      },
      "christian": {
        "cfr": 0.08823529411764706,
        "ctfg": 0.05551803112030029,
        "count": 34
      }
    }
  },
  "group_fairness": {
    "fped": 1.2683080916078002,
    "fned": 0.5389723567139078,
    "per_group": {
      "disability": {
        "fpr": 1.0,
        "fnr": 0.0,
        "fpr_gap": 0.7531969309462916,
        "fnr_gap": 0.1690017513134851,
        "count": 9
      },
      "gender": {
        "fpr": 0.2542372881355932,
        "fnr": 0.17770034843205576,
        "fpr_gap": 0.007434219081884769,
        "fnr_gap": 0.008698597118570656,
        "count": 405
      },
      "none": {
        "fpr": 0.18202247191011237,
        "fnr": 0.3050847457627119,
        "fpr_gap": 0.06478059714359607,
        "fnr_gap": 0.13608299444922678,
        "count": 563
      },
      "race": {
        "fpr": 0.4112903225806452,
        "fnr": 0.13537117903930132,
        "fpr_gap": 0.16448725352693674,
        "fnr_gap": 0.033630572274183784,
        "count": 582
      },
      "religion": {
        "fpr": 0.4375,
        "fnr": 0.10714285714285714,
        "fpr_gap": 0.19069693094629156,
        "fnr_gap": 0.06185889417062797,
        "count": 244
      },
      "sexual_orientation": {
        "fpr": 0.1590909090909091,
        "fnr": 0.2987012987012987,
        "fpr_gap": 0.08771215996279935,
        "fnr_gap": 0.12969954738781359,
        "count": 121
      }
    }
  },
  "per_group_f1": {
    "disability": 0.4,
    "gender": 0.7691755616692818,
    "none": 0.7225841773884478,
    "race": 0.7194223426267625,
    "religion": 0.7276785714285714,
    "sexual_orientation": 0.7470735785953178
  }
}