{
  "task": {
    "accuracy": 0.7972972972972973,
    "macro_f1": 0.7901947736029481,
    "binary_f1": 0.8287971905179982,
    "auc_roc": 0.8779561813303711,
    "precision": 0.8309859154929577,
    "recall": 0.8266199649737302
  },
  "causal": {
    "cfr": 0.05909090909090909,
    "ctfg": 0.047460343688726425,
    "n_pairs": 2640,
    "mean_prob_orig": 0.5939487218856812,
    "mean_prob_cf": 0.5805490016937256,
    "per_group": {
      "men": {
        "cfr": 0.06053550640279395,
        "ctfg": 0.04758934676647186,
        "count": 859
      },
      "disabled": {
        "cfr": 0.022222222222222223,
        "ctfg": 0.02793533354997635,
        "count": 90
      },
      "women": {
        "cfr": 0.06084656084656084,
        "ctfg": 0.048920173197984695,
        "count": 378
      },
      "muslim": {
        "cfr": 0.04240282685512368,
        "ctfg": 0.036787375807762146,
        "count": 283
      },
      "black": {
        "cfr": 0.08547008547008547,
        "ctfg": 0.07266153395175934,
        "count": 351
      },
      "white": {
        "cfr": 0.03468208092485549,
        "ctfg": 0.028729679062962532,
        "count": 346
      },
      "jewish": {
        "cfr": 0.06722689075630252,
        "ctfg": 0.04868103191256523,
        "count": 119
      },
      "gay": {
        "cfr": 0.06666666666666667,
        "ctfg": 0.05783636495471001,
        "count": 135
      },
      "asian": {
        "cfr": 0.06666666666666667,
        "ctfg": 0.04088732600212097,
        "count": 45
      },
      "christian": {
        "cfr": 0.14705882352941177,
        "ctfg": 0.062166642397642136,
        "count": 34
      }
    }
  },
  "group_fairness": {
    "fped": 1.3584769054932941,
    "fned": 0.28453156728227214,
    "per_group": {
      "disability": {
        "fpr": 1.0,
        "fnr": 0.16666666666666666,
        "fpr_gap": 0.7544757033248082,
        "fnr_gap": 0.006713368359603039,
        "count": 9
      },
      "gender": {
        "fpr": 0.3135593220338983,
        "fnr": 0.17421602787456447,
        "fpr_gap": 0.06803502535870648,
        "fnr_gap": 0.0008359928482947754,
        "count": 405
      },
      "none": {
        "fpr": 0.16179775280898875,
        "fnr": 0.3135593220338983,
        "fpr_gap": 0.08372654386620307,
        "fnr_gap": 0.1401792870076286,
        "count": 563
      },
      "race": {
        "fpr": 0.41935483870967744,
        "fnr": 0.13537117903930132,
        "fpr_gap": 0.1738305420344856,
        "fnr_gap": 0.038008855986968376,
        "count": 582
      },
      "religion": {
        "fpr": 0.4375,
        "fnr": 0.14795918367346939,
        "fpr_gap": 0.19197570332480818,
        "fnr_gap": 0.02542085135280031,
        "count": 244
      },
      "sexual_orientation": {
        "fpr": 0.1590909090909091,
        "fnr": 0.24675324675324675,
        "fpr_gap": 0.08643338758428273,
        "fnr_gap": 0.07337321172697706,
        "count": 121
      }
    }
  },
  "per_group_f1": {
    "disability": 0.35714285714285715,
    "gender": 0.7477610978674054,
    "none": 0.7351502988714098,
    "race": 0.7161558601570922,
    "religion": 0.6945112179487178,
    "sexual_orientation": 0.7784507042253521
  }
}