{
  "task": {
    "accuracy": 0.7785862785862786,
    "macro_f1": 0.7752619947244599,
    "binary_f1": 0.8025949953660797,
    "auc_roc": 0.8622917795763703,
    "precision": 0.8523622047244095,
    "recall": 0.7583187390542907
  },
  "causal": {
    "cfr": 0.08522727272727272,
    "ctfg": 0.04104531556367874,
    "n_pairs": 2640,
    "mean_prob_orig": 0.5493770241737366,
    "mean_prob_cf": 0.5355544686317444,
    "per_group": {
      "men": {
        "cfr": 0.08614668218859138,
        "ctfg": 0.040170710533857346,
        "count": 859
      },
      "disabled": {
        "cfr": 0.1,
        "ctfg": 0.07048532366752625,
        "count": 90
      },
      "women": {
        "cfr": 0.05291005291005291,
        "ctfg": 0.030931321904063225,
        "count": 378
      },
      "muslim": {
        "cfr": 0.06713780918727916,
        "ctfg": 0.0355798564851284,
        "count": 283
      },
      "black": {
        "cfr": 0.1737891737891738,
        "ctfg": 0.07036766409873962,
        "count": 351
      },
      "white": {
        "cfr": 0.03468208092485549,
        "ctfg": 0.023753447458148003,
        "count": 346
      },
      "jewish": {
        "cfr": 0.11764705882352941,
        "ctfg": 0.04057352989912033,
        "count": 119
      },
      "gay": {
        "cfr": 0.08148148148148149,
        "ctfg": 0.038138557225465775,
        "count": 135
      },
      "asian": {
        "cfr": 0.044444444444444446,
        "ctfg": 0.03141813352704048,
        "count": 45
      },
      "christian": {
        "cfr": 0.08823529411764706,
        "ctfg": 0.04234306514263153,
        "count": 34
      }
    }
  },
  "group_fairness": {
    "fped": 0.9722145137182827,
    "fned": 0.682282438268076,
    "per_group": {
      "disability": {
        "fpr": 0.6666666666666666,
        "fnr": 0.0,
        "fpr_gap": 0.47485080988917305,
        "fnr_gap": 0.24168126094570927,
        "count": 9
      },
      "gender": {
        "fpr": 0.16101694915254236,
        "fnr": 0.2682926829268293,
        "fpr_gap": 0.030798907624951244,
        "fnr_gap": 0.026611421981120015,
        "count": 405
      },
      "none": {
        "fpr": 0.14157303370786517,
        "fnr": 0.3898305084745763,
        "fpr_gap": 0.050242823069628434,
        "fnr_gap": 0.14814924752886702,
        "count": 563
      },
      "race": {
        "fpr": 0.3467741935483871,
        "fnr": 0.2096069868995633,
        "fpr_gap": 0.15495833677089352,
        "fnr_gap": 0.03207427404614596,
        "count": 582
      },
      "religion": {
        "fpr": 0.375,
        "fnr": 0.14285714285714285,
        "fpr_gap": 0.1831841432225064,
        "fnr_gap": 0.09882411808856642,
        "count": 244
      },
      "sexual_orientation": {
        "fpr": 0.11363636363636363,
        "fnr": 0.37662337662337664,
        "fpr_gap": 0.07817949314112997,
        "fnr_gap": 0.13494211567766737,
        "count": 121
      }
    }
  },
  "per_group_f1": {
    "disability": 0.6785714285714286,
    "gender": 0.7437114380635976,
    "none": 0.7221565724479216,
    "race": 0.688569965699503,
    "religion": 0.7228094438407587,
    "sexual_orientation": 0.7174450549450548
  }
}