{
  "task": {
    "accuracy": 0.8050935550935551,
    "macro_f1": 0.7973113626154504,
    "binary_f1": 0.8370273794002607,
    "auc_roc": 0.8820214905424592,
    "precision": 0.8308886971527178,
    "recall": 0.8432574430823118
  },
  "causal": {
    "cfr": 0.10303030303030303,
    "ctfg": 0.10224535316228867,
    "n_pairs": 2640,
    "mean_prob_orig": 0.6205284595489502,
    "mean_prob_cf": 0.568644642829895,
    "per_group": {
      "men": {
        "cfr": 0.09429569266589057,
        "ctfg": 0.09981799870729446,
        "count": 859
      },
      "disabled": {
        "cfr": 0.06666666666666667,
        "ctfg": 0.06734930723905563,
        "count": 90
      },
      "women": {
        "cfr": 0.10582010582010581,
        "ctfg": 0.09555429220199585,
        "count": 378
      },
      "muslim": {
        "cfr": 0.08833922261484099,
        "ctfg": 0.07967571169137955,
        "count": 283
      },
      "black": {
        "cfr": 0.20797720797720798,
        "ctfg": 0.19643639028072357,
        "count": 351
      },
      "white": {
        "cfr": 0.03757225433526012,
        "ctfg": 0.05064037814736366,
        "count": 346
      },
      "jewish": {
        "cfr": 0.1092436974789916,
        "ctfg": 0.08979547768831253,
        "count": 119
      },
      "gay": {
        "cfr": 0.0962962962962963,
        "ctfg": 0.11766253411769867,
        "count": 135
      },
      "asian": {
        "cfr": 0.1111111111111111,
        "ctfg": 0.06431685388088226,
        "count": 45
      },
      "christian": {
        "cfr": 0.08823529411764706,
        "ctfg": 0.10352268069982529,
        "count": 34
      }
    }
  },
  "group_fairness": {
    "fped": 0.9779932203136541,
    "fned": 0.3920374602364397,
    "per_group": {
      "disability": {
        "fpr": 0.6666666666666666,
        "fnr": 0.0,
        "fpr_gap": 0.41602728047740833,
        "fnr_gap": 0.15674255691768826,
        "count": 9
      },
      "gender": {
        "fpr": 0.2627118644067797,
        "fnr": 0.1672473867595819,
        "fpr_gap": 0.012072478217521387,
        "fnr_gap": 0.010504829841893631,
        "count": 405
      },
      "none": {
        "fpr": 0.18202247191011237,
        "fnr": 0.2711864406779661,
        "fpr_gap": 0.06861691427914593,
        "fnr_gap": 0.11444388376027784,
        "count": 563
      },
      "race": {
        "fpr": 0.45161290322580644,
        "fnr": 0.12663755458515283,
        "fpr_gap": 0.20097351703654814,
        "fnr_gap": 0.030105002332535435,
        "count": 582
      },
      "religion": {
        "fpr": 0.4166666666666667,
        "fnr": 0.12755102040816327,
        "fpr_gap": 0.1660272804774084,
        "fnr_gap": 0.029191536509524996,
        "count": 244
      },
      "sexual_orientation": {
        "fpr": 0.13636363636363635,
        "fnr": 0.2077922077922078,
        "fpr_gap": 0.11427574982562194,
        "fnr_gap": 0.05104965087451954,
        "count": 121
      }
    }
  },
  "per_group_f1": {
    "disability": 0.6785714285714286,
    "gender": 0.7729578983969742,
    "none": 0.7345724596866721,
    "race": 0.7096367614879651,
    "religion": 0.7190881878885563,
    "sexual_orientation": 0.8113662131519275
  }
}