{
  "task": {
    "accuracy": 0.8035343035343036,
    "macro_f1": 0.7923776571144723,
    "binary_f1": 0.8405063291139241,
    "auc_roc": 0.889589426724775,
    "precision": 0.8110749185667753,
    "recall": 0.87215411558669
  },
  "causal": {
    "cfr": 0.14772727272727273,
    "ctfg": 0.13760915398597717,
    "n_pairs": 2640,
    "mean_prob_orig": 0.6501539349555969,
    "mean_prob_cf": 0.5633094310760498,
    "per_group": {
      "men": {
        "cfr": 0.10011641443538999,
        "ctfg": 0.10193026810884476,
        "count": 859
      },
      "disabled": {
        "cfr": 0.5111111111111111,
        "ctfg": 0.4478565752506256,
        "count": 90
      },
      "women": {
        "cfr": 0.10317460317460317,
        "ctfg": 0.09563138335943222,
        "count": 378
      },
      "muslim": {
        "cfr": 0.15547703180212014,
        "ctfg": 0.13603097200393677,
        "count": 283
      },
      "black": {
        "cfr": 0.26495726495726496,
        "ctfg": 0.2607477605342865,
        "count": 351
      },
      "white": {
        "cfr": 0.10404624277456648,
        "ctfg": 0.08319313079118729,
        "count": 346
      },
      "jewish": {
        "cfr": 0.10084033613445378,
        "ctfg": 0.08643369376659393,
        "count": 119
      },
      "gay": {
        "cfr": 0.2074074074074074,
        "ctfg": 0.1794266253709793,
        "count": 135
      },
      "asian": {
        "cfr": 0.1111111111111111,
        "ctfg": 0.0739281103014946,
        "count": 45
      },
      "christian": {
        "cfr": 0.029411764705882353,
        "ctfg": 0.07750865817070007,
        "count": 34
      }
    }
  },
  "group_fairness": {
    "fped": 1.2762990304756063,
    "fned": 0.38154568562956925,
    "per_group": {
      "disability": {
        "fpr": 1.0,
        "fnr": 0.0,
        "fpr_gap": 0.7033248081841432,
        "fnr_gap": 0.12784588441331,
        "count": 9
      },
      "gender": {
        "fpr": 0.3305084745762712,
        "fnr": 0.13588850174216027,
        "fpr_gap": 0.03383328276041442,
        "fnr_gap": 0.008042617328850282,
        "count": 405
      },
      "none": {
        "fpr": 0.20224719101123595,
        "fnr": 0.23728813559322035,
        "fpr_gap": 0.09442800080462083,
        "fnr_gap": 0.10944225117991035,
        "count": 563
      },
      "race": {
        "fpr": 0.49193548387096775,
        "fnr": 0.10480349344978165,
        "fpr_gap": 0.19526029205511097,
        "fnr_gap": 0.023042390963528336,
        "count": 582
      },
      "religion": {
        "fpr": 0.4791666666666667,
        "fnr": 0.08163265306122448,
        "fpr_gap": 0.1824914748508099,
        "fnr_gap": 0.04621323135208551,
        "count": 244
      },
      "sexual_orientation": {
        "fpr": 0.36363636363636365,
        "fnr": 0.19480519480519481,
        "fpr_gap": 0.06696117182050687,
        "fnr_gap": 0.06695931039188482,
        "count": 121
      }
    }
  },
  "per_group_f1": {
    "disability": 0.4,
    "gender": 0.7668015118407843,
    "none": 0.730757384171449,
    "race": 0.7094198749513317,
    "religion": 0.7320266959533666,
    "sexual_orientation": 0.7218390804597701
  }
}