{
  "task": {
    "accuracy": 0.8071725571725572,
    "macro_f1": 0.8009189805033894,
    "binary_f1": 0.8362030905077262,
    "auc_roc": 0.8868432014547996,
    "precision": 0.8432769367764915,
    "recall": 0.829246935201401
  },
  "causal": {
    "cfr": 0.12121212121212122,
    "ctfg": 0.10827337205410004,
    "n_pairs": 2640,
    "mean_prob_orig": 0.5943845510482788,
    "mean_prob_cf": 0.5202832221984863,
    "per_group": {
      "men": {
        "cfr": 0.10942956926658906,
        "ctfg": 0.09951819479465485,
        "count": 859
      },
      "disabled": {
        "cfr": 0.5,
        "ctfg": 0.3964104950428009,
        "count": 90
      },
      "women": {
        "cfr": 0.07407407407407407,
        "ctfg": 0.0711217001080513,
        "count": 378
      },
      "muslim": {
        "cfr": 0.053003533568904596,
        "ctfg": 0.051113445311784744,
        "count": 283
      },
      "black": {
        "cfr": 0.25925925925925924,
        "ctfg": 0.23458941280841827,
        "count": 351
      },
      "white": {
        "cfr": 0.04046242774566474,
        "ctfg": 0.035594940185546875,
        "count": 346
      },
      "jewish": {
        "cfr": 0.14285714285714285,
        "ctfg": 0.11435382813215256,
        "count": 119
      },
      "gay": {
        "cfr": 0.06666666666666667,
        "ctfg": 0.07382630556821823,
        "count": 135
      },
      "asian": {
        "cfr": 0.08888888888888889,
        "ctfg": 0.05141891911625862,
        "count": 45
      },
      "christian": {
        "cfr": 0.08823529411764706,
        "ctfg": 0.0818902850151062,
        "count": 34
      }
    }
  },
  "group_fairness": {
    "fped": 1.3624707517436783,
    "fned": 0.33920350016513234,
    "per_group": {
      "disability": {
        "fpr": 1.0,
        "fnr": 0.16666666666666666,
        "fpr_gap": 0.7749360613810742,
        "fnr_gap": 0.0040863981319322895,
        "count": 9
      },
      "gender": {
        "fpr": 0.2542372881355932,
        "fnr": 0.1986062717770035,
        "fpr_gap": 0.02917334951666739,
        "fnr_gap": 0.027853206978404543,
        "count": 405
      },
      "none": {
        "fpr": 0.15730337078651685,
        "fnr": 0.2966101694915254,
        "fpr_gap": 0.06776056783240897,
        "fnr_gap": 0.12585710469292646,
        "count": 563
      },
      "race": {
        "fpr": 0.3709677419354839,
        "fnr": 0.12663755458515283,
        "fpr_gap": 0.14590380331655806,
        "fnr_gap": 0.04411551021344612,
        "count": 582
      },
      "religion": {
        "fpr": 0.4583333333333333,
        "fnr": 0.12244897959183673,
        "fpr_gap": 0.2332693947144075,
        "fnr_gap": 0.048304085206762215,
        "count": 244
      },
      "sexual_orientation": {
        "fpr": 0.11363636363636363,
        "fnr": 0.2597402597402597,
        "fpr_gap": 0.11142757498256219,
        "fnr_gap": 0.08898719494166077,
        "count": 121
      }
    }
  },
  "per_group_f1": {
    "disability": 0.35714285714285715,
    "gender": 0.7550760803831476,
    "none": 0.7448695539586974,
    "race": 0.7424778761061945,
    "religion": 0.7063317634746207,
    "sexual_orientation": 0.7887127191450723
  }
}