{
  "task": {
    "accuracy": 0.7978170478170478,
    "macro_f1": 0.7900962386572863,
    "binary_f1": 0.8303532490187527,
    "auc_roc": 0.8750167964848317,
    "precision": 0.8271068635968722,
    "recall": 0.8336252189141856
  },
  "causal": {
    "cfr": 0.061742424242424244,
    "ctfg": 0.04811444506049156,
    "n_pairs": 2640,
    "mean_prob_orig": 0.5993640422821045,
    "mean_prob_cf": 0.5854037404060364,
    "per_group": {
      "men": {
        "cfr": 0.06519208381839348,
        "ctfg": 0.048208385705947876,
        "count": 859
      },
      "disabled": {
        "cfr": 0.044444444444444446,
        "ctfg": 0.03201832249760628,
        "count": 90
      },
      "women": {
        "cfr": 0.06349206349206349,
        "ctfg": 0.046359702944755554,
        "count": 378
      },
      "muslim": {
        "cfr": 0.028268551236749116,
        "ctfg": 0.036622054874897,
        "count": 283
      },
      "black": {
        "cfr": 0.10541310541310542,
        "ctfg": 0.0767207145690918,
        "count": 351
      },
      "white": {
        "cfr": 0.03757225433526012,
        "ctfg": 0.03186066076159477,
        "count": 346
      },
      "jewish": {
        "cfr": 0.058823529411764705,
        "ctfg": 0.04695318266749382,
        "count": 119
      },
      "gay": {
        "cfr": 0.07407407407407407,
        "ctfg": 0.05700601637363434,
        "count": 135
      },
      "asian": {
        "cfr": 0.044444444444444446,
        "ctfg": 0.037937816232442856,
        "count": 45
      },
      "christian": {
        "cfr": 0.058823529411764705,
        "ctfg": 0.05583164840936661,
        "count": 34
      }
    }
  },
  "group_fairness": {
    "fped": 0.9548542772465571,
    "fned": 0.3662831238279938,
    "per_group": {
      "disability": {
        "fpr": 0.6666666666666666,
        "fnr": 0.16666666666666666,
        "fpr_gap": 0.41219096334185845,
        "fnr_gap": 0.00029188558085230243,
        "count": 9
      },
      "gender": {
        "fpr": 0.2966101694915254,
        "fnr": 0.18118466898954705,
        "fpr_gap": 0.04213446616671723,
        "fnr_gap": 0.014809887903732694,
        "count": 405
      },
      "none": {
        "fpr": 0.18202247191011237,
        "fnr": 0.3050847457627119,
        "fpr_gap": 0.07245323141469581,
        "fnr_gap": 0.13870996467689753,
        "count": 563
      },
      "race": {
        "fpr": 0.3870967741935484,
        "fnr": 0.1222707423580786,
        "fpr_gap": 0.1326210708687402,
        "fnr_gap": 0.04410403872773576,
        "count": 582
      },
      "religion": {
        "fpr": 0.5,
        "fnr": 0.11734693877551021,
        "fpr_gap": 0.24552429667519182,
        "fnr_gap": 0.049027842310304146,
        "count": 244
      },
      "sexual_orientation": {
        "fpr": 0.20454545454545456,
        "fnr": 0.2857142857142857,
        "fpr_gap": 0.04993024877935362,
        "fnr_gap": 0.11933950462847134,
        "count": 121
      }
    }
  },
  "per_group_f1": {
    "disability": 0.5846153846153845,
    "gender": 0.7499662931713513,
    "none": 0.7225841773884478,
    "race": 0.7396062775330396,
    "religion": 0.6928351412883353,
    "sexual_orientation": 0.736605575451162
  }
}