{
  "task": {
    "accuracy": 0.7983367983367984,
    "macro_f1": 0.7898794746649103,
    "binary_f1": 0.8320346320346321,
    "auc_roc": 0.8756449850175354,
    "precision": 0.8227739726027398,
    "recall": 0.841506129597198
  },
  "causal": {
    "cfr": 0.048863636363636366,
    "ctfg": 0.041028767824172974,
    "n_pairs": 2640,
    "mean_prob_orig": 0.6065648198127747,
    "mean_prob_cf": 0.5976530909538269,
    "per_group": {
      "men": {
        "cfr": 0.05355064027939464,
        "ctfg": 0.04138290882110596,
        "count": 859
      },
      "disabled": {
        "cfr": 0.0,
        "ctfg": 0.018192648887634277,
        "count": 90
      },
      "women": {
        "cfr": 0.0582010582010582,
        "ctfg": 0.043086905032396317,
        "count": 378
      },
      "muslim": {
        "cfr": 0.014134275618374558,
        "ctfg": 0.03496859595179558,
        "count": 283
      },
      "black": {
        "cfr": 0.07692307692307693,
        "ctfg": 0.05837564915418625,
        "count": 351
      },
      "white": {
        "cfr": 0.031791907514450865,
        "ctfg": 0.026933658868074417,
        "count": 346
      },
      "jewish": {
        "cfr": 0.058823529411764705,
        "ctfg": 0.041037432849407196,
        "count": 119
      },
      "gay": {
        "cfr": 0.05925925925925926,
        "ctfg": 0.048649873584508896,
        "count": 135
      },
      "asian": {
        "cfr": 0.044444444444444446,
        "ctfg": 0.044649992138147354,
        "count": 45
      },
      "christian": {
        "cfr": 0.058823529411764705,
        "ctfg": 0.04936467483639717,
        "count": 34
      }
    }
  },
  "group_fairness": {
    "fped": 1.407205977704305,
    "fned": 0.2976351071524768,
    "per_group": {
      "disability": {
        "fpr": 1.0,
        "fnr": 0.16666666666666666,
        "fpr_gap": 0.7352941176470589,
        "fnr_gap": 0.008172796263864551,
        "count": 9
      },
      "gender": {
        "fpr": 0.3135593220338983,
        "fnr": 0.1602787456445993,
        "fpr_gap": 0.04885343968095712,
        "fnr_gap": 0.0017848752417971847,
        "count": 405
      },
      "none": {
        "fpr": 0.17752808988764046,
        "fnr": 0.2711864406779661,
        "fpr_gap": 0.08717779246530072,
        "fnr_gap": 0.112692570275164,
        "count": 563
      },
      "race": {
        "fpr": 0.4596774193548387,
        "fnr": 0.13100436681222707,
        "fpr_gap": 0.1949715370018975,
        "fnr_gap": 0.027489503590575032,
        "count": 582
      },
      "religion": {
        "fpr": 0.5,
        "fnr": 0.11224489795918367,
        "fpr_gap": 0.23529411764705882,
        "fnr_gap": 0.04624897244361843,
        "count": 244
      },
      "sexual_orientation": {
        "fpr": 0.1590909090909091,
        "fnr": 0.2597402597402597,
        "fpr_gap": 0.10561497326203209,
        "fnr_gap": 0.10124638933745761,
        "count": 121
      }
    }
  },
  "per_group_f1": {
    "disability": 0.35714285714285715,
    "gender": 0.7571609174643308,
    "none": 0.7380506268626686,
    "race": 0.7028577911792043,
    "religion": 0.6969435144184037,
    "sexual_orientation": 0.7705919528123025
  }
}