{
  "task": {
    "accuracy": 0.8056133056133056,
    "macro_f1": 0.8013456821888703,
    "binary_f1": 0.8304623753399819,
    "auc_roc": 0.8853651107896139,
    "precision": 0.8609022556390977,
    "recall": 0.8021015761821366
  },
  "causal": {
    "cfr": 0.08371212121212121,
    "ctfg": 0.03172890096902847,
    "n_pairs": 2640,
    "mean_prob_orig": 0.5302282571792603,
    "mean_prob_cf": 0.5188920497894287,
    "per_group": {
      "men": {
        "cfr": 0.08614668218859138,
        "ctfg": 0.030590413138270378,
        "count": 859
      },
      "disabled": {
        "cfr": 0.06666666666666667,
        "ctfg": 0.031214719638228416,
        "count": 90
      },
      "women": {
        "cfr": 0.06613756613756613,
        "ctfg": 0.02956044301390648,
        "count": 378
      },
      "muslim": {
        "cfr": 0.06007067137809187,
        "ctfg": 0.025607764720916748,
        "count": 283
      },
      "black": {
        "cfr": 0.1452991452991453,
        "ctfg": 0.05080157145857811,
        "count": 351
      },
      "white": {
        "cfr": 0.06647398843930635,
        "ctfg": 0.021984446793794632,
        "count": 346
      },
      "jewish": {
        "cfr": 0.09243697478991597,
        "ctfg": 0.03355652466416359,
        "count": 119
      },
      "gay": {
        "cfr": 0.05185185185185185,
        "ctfg": 0.033219583332538605,
        "count": 135
      },
      "asian": {
        "cfr": 0.08888888888888889,
        "ctfg": 0.02665557526051998,
        "count": 45
      },
      "christian": {
        "cfr": 0.08823529411764706,
        "ctfg": 0.03357721120119095,
        "count": 34
      }
    }
  },
  "group_fairness": {
    "fped": 1.080209370616709,
    "fned": 0.3925814849208151,
    "per_group": {
      "disability": {
        "fpr": 0.6666666666666666,
        "fnr": 0.16666666666666666,
        "fpr_gap": 0.47740835464620623,
        "fnr_gap": 0.03123175715119675,
        "count": 9
      },
      "gender": {
        "fpr": 0.2288135593220339,
        "fnr": 0.20557491289198607,
        "fpr_gap": 0.03955524730157353,
        "fnr_gap": 0.007676489074122661,
        "count": 405
      },
      "none": {
        "fpr": 0.1258426966292135,
        "fnr": 0.3305084745762712,
        "fpr_gap": 0.06341561539124688,
        "fnr_gap": 0.1326100507584078,
        "count": 563
      },
      "race": {
        "fpr": 0.3387096774193548,
        "fnr": 0.16375545851528384,
        "fpr_gap": 0.14945136539889445,
        "fnr_gap": 0.03414296530257957,
        "count": 582
      },
      "religion": {
        "fpr": 0.3958333333333333,
        "fnr": 0.1377551020408163,
        "fpr_gap": 0.20657502131287295,
        "fnr_gap": 0.06014332177704709,
        "count": 244
      },
      "sexual_orientation": {
        "fpr": 0.045454545454545456,
        "fnr": 0.3246753246753247,
        "fpr_gap": 0.14380376656591493,
        "fnr_gap": 0.12677690085746127,
        "count": 121
      }
    }
  },
  "per_group_f1": {
    "disability": 0.5846153846153845,
    "gender": 0.7602164454480366,
    "none": 0.7578428842436014,
    "race": 0.7255635309906779,
    "religion": 0.7189503205128206,
    "sexual_orientation": 0.7753249432638746
  }
}