{
  "task": {
    "accuracy": 0.8014553014553014,
    "macro_f1": 0.7937448363806172,
    "binary_f1": 0.833623693379791,
    "auc_roc": 0.8822443239078925,
    "precision": 0.8292894280762565,
    "recall": 0.8380035026269702
  },
  "causal": {
    "cfr": 0.1806818181818182,
    "ctfg": 0.1616641879081726,
    "n_pairs": 2640,
    "mean_prob_orig": 0.6057464480400085,
    "mean_prob_cf": 0.5066640377044678,
    "per_group": {
      "men": {
        "cfr": 0.14435389988358557,
        "ctfg": 0.12231152504682541,
        "count": 859
      },
      "disabled": {
        "cfr": 0.5444444444444444,
        "ctfg": 0.4766850471496582,
        "count": 90
      },
      "women": {
        "cfr": 0.12962962962962962,
        "ctfg": 0.11208368092775345,
        "count": 378
      },
      "muslim": {
        "cfr": 0.18021201413427562,
        "ctfg": 0.15624091029167175,
        "count": 283
      },
      "black": {
        "cfr": 0.3162393162393162,
        "ctfg": 0.2984856963157654,
        "count": 351
      },
      "white": {
        "cfr": 0.1329479768786127,
        "ctfg": 0.11168123781681061,
        "count": 346
      },
      "jewish": {
        "cfr": 0.13445378151260504,
        "ctfg": 0.11855080723762512,
        "count": 119
      },
      "gay": {
        "cfr": 0.1925925925925926,
        "ctfg": 0.20482198894023895,
        "count": 135
      },
      "asian": {
        "cfr": 0.044444444444444446,
        "ctfg": 0.07711943238973618,
        "count": 45
      },
      "christian": {
        "cfr": 0.08823529411764706,
        "ctfg": 0.10598033666610718,
        "count": 34
      }
    }
  },
  "group_fairness": {
    "fped": 1.286188608061401,
    "fned": 0.41901951308533686,
    "per_group": {
      "disability": {
        "fpr": 1.0,
        "fnr": 0.0,
        "fpr_gap": 0.748081841432225,
        "fnr_gap": 0.16199649737302976,
        "count": 9
      },
      "gender": {
        "fpr": 0.2711864406779661,
        "fnr": 0.17421602787456447,
        "fpr_gap": 0.01926828211019116,
        "fnr_gap": 0.012219530501534709,
        "count": 405
      },
      "none": {
        "fpr": 0.16853932584269662,
        "fnr": 0.2796610169491525,
        "fpr_gap": 0.08337883272507832,
        "fnr_gap": 0.11766451957612276,
        "count": 563
      },
      "race": {
        "fpr": 0.43548387096774194,
        "fnr": 0.1331877729257642,
        "fpr_gap": 0.183565712399967,
        "fnr_gap": 0.028808724447265566,
        "count": 582
      },
      "religion": {
        "fpr": 0.4791666666666667,
        "fnr": 0.12244897959183673,
        "fpr_gap": 0.22724850809889174,
        "fnr_gap": 0.03954751778119303,
        "count": 244
      },
      "sexual_orientation": {
        "fpr": 0.22727272727272727,
        "fnr": 0.22077922077922077,
        "fpr_gap": 0.024645431295047676,
        "fnr_gap": 0.058782723406191006,
        "count": 121
      }
    }
  },
  "per_group_f1": {
    "disability": 0.4,
    "gender": 0.7648416699711097,
    "none": 0.7420761504004344,
    "race": 0.7112534782890052,
    "religion": 0.6976296569726053,
    "sexual_orientation": 0.7660580021482277
  }
}