{
  "task": {
    "accuracy": 0.8108108108108109,
    "macro_f1": 0.8047861315244016,
    "binary_f1": 0.8390804597701149,
    "auc_roc": 0.8896280586398877,
    "precision": 0.8473214285714286,
    "recall": 0.8309982486865148
  },
  "causal": {
    "cfr": 0.11893939393939394,
    "ctfg": 0.10120611637830734,
    "n_pairs": 2640,
    "mean_prob_orig": 0.6043442487716675,
    "mean_prob_cf": 0.5346116423606873,
    "per_group": {
      "men": {
        "cfr": 0.11757857974388825,
        "ctfg": 0.09279429912567139,
        "count": 859
      },
      "disabled": {
        "cfr": 0.43333333333333335,
        "ctfg": 0.35293707251548767,
        "count": 90
      },
      "women": {
        "cfr": 0.0582010582010582,
        "ctfg": 0.061015330255031586,
        "count": 378
      },
      "muslim": {
        "cfr": 0.053003533568904596,
        "ctfg": 0.050084833055734634,
        "count": 283
      },
      "black": {
        "cfr": 0.2849002849002849,
        "ctfg": 0.23729538917541504,
        "count": 351
      },
      "white": {
        "cfr": 0.031791907514450865,
        "ctfg": 0.02747875638306141,
        "count": 346
      },
      "jewish": {
        "cfr": 0.10084033613445378,
        "ctfg": 0.09919649362564087,
        "count": 119
      },
      "gay": {
        "cfr": 0.06666666666666667,
        "ctfg": 0.07297705113887787,
        "count": 135
      },
      "asian": {
        "cfr": 0.044444444444444446,
        "ctfg": 0.04875607043504715,
        "count": 45
      },
      "christian": {
        "cfr": 0.08823529411764706,
        "ctfg": 0.0536198690533638,
        "count": 34
      }
    }
  },
  "group_fairness": {
    "fped": 1.426246815995389,
    "fned": 0.46054001199660044,
    "per_group": {
      "disability": {
        "fpr": 1.0,
        "fnr": 0.0,
        "fpr_gap": 0.7813299232736572,
        "fnr_gap": 0.1690017513134851,
        "count": 9
      },
      "gender": {
        "fpr": 0.211864406779661,
        "fnr": 0.1916376306620209,
        "fpr_gap": 0.006805669946681692,
        "fnr_gap": 0.02263587934853581,
        "count": 405
      },
      "none": {
        "fpr": 0.15056179775280898,
        "fnr": 0.2966101694915254,
        "fpr_gap": 0.06810827897353372,
        "fnr_gap": 0.1276084181780403,
        "count": 563
      },
      "race": {
        "fpr": 0.41935483870967744,
        "fnr": 0.12882096069868995,
        "fpr_gap": 0.20068476198333474,
        "fnr_gap": 0.04018079061479515,
        "count": 582
      },
      "religion": {
        "fpr": 0.4375,
        "fnr": 0.1326530612244898,
        "fpr_gap": 0.2188299232736573,
        "fnr_gap": 0.0363486900889953,
        "count": 244
      },
      "sexual_orientation": {
        "fpr": 0.06818181818181818,
        "fnr": 0.23376623376623376,
        "fpr_gap": 0.15048825854452452,
        "fnr_gap": 0.06476448245274866,
        "count": 121
      }
    }
  },
  "per_group_f1": {
    "disability": 0.4,
    "gender": 0.7760946483856701,
    "none": 0.750260933096754,
    "race": 0.7212968355659095,
    "religion": 0.7066032184613811,
    "sexual_orientation": 0.8225186840818608
  }
}