{
  "task": {
    "accuracy": 0.8014553014553014,
    "macro_f1": 0.7897484309114731,
    "binary_f1": 0.8393608074011774,
    "auc_roc": 0.8897165201266679,
    "precision": 0.8074433656957929,
    "recall": 0.8739054290718039
  },
  "causal": {
    "cfr": 0.10606060606060606,
    "ctfg": 0.10210106521844864,
    "n_pairs": 2640,
    "mean_prob_orig": 0.6470497846603394,
    "mean_prob_cf": 0.5929558277130127,
    "per_group": {
      "men": {
        "cfr": 0.09545983701979045,
        "ctfg": 0.09265241771936417,
        "count": 859
      },
      "disabled": {
        "cfr": 0.044444444444444446,
        "ctfg": 0.04626772552728653,
        "count": 90
      },
      "women": {
        "cfr": 0.09788359788359788,
        "ctfg": 0.09042118489742279,
        "count": 378
      },
      "muslim": {
        "cfr": 0.09540636042402827,
        "ctfg": 0.09328935295343399,
        "count": 283
      },
      "black": {
        "cfr": 0.2222222222222222,
        "ctfg": 0.20065833628177643,
        "count": 351
      },
      "white": {
        "cfr": 0.04046242774566474,
        "ctfg": 0.054666850715875626,
        "count": 346
      },
      "jewish": {
        "cfr": 0.08403361344537816,
        "ctfg": 0.09383584558963776,
        "count": 119
      },
      "gay": {
        "cfr": 0.15555555555555556,
        "ctfg": 0.13479015231132507,
        "count": 135
      },
      "asian": {
        "cfr": 0.08888888888888889,
        "ctfg": 0.06509475409984589,
        "count": 45
      },
      "christian": {
        "cfr": 0.08823529411764706,
        "ctfg": 0.10517608374357224,
        "count": 34
      }
    }
  },
  "group_fairness": {
    "fped": 1.3759286306280594,
    "fned": 0.4006744153231452,
    "per_group": {
      "disability": {
        "fpr": 1.0,
        "fnr": 0.0,
        "fpr_gap": 0.6956521739130435,
        "fnr_gap": 0.12609457092819615,
        "count": 9
      },
      "gender": {
        "fpr": 0.3474576271186441,
        "fnr": 0.1289198606271777,
        "fpr_gap": 0.043109801031687545,
        "fnr_gap": 0.002825289698981548,
        "count": 405
      },
      "none": {
        "fpr": 0.21797752808988763,
        "fnr": 0.2288135593220339,
        "fpr_gap": 0.08637029799706891,
        "fnr_gap": 0.10271898839383775,
        "count": 563
      },
      "race": {
        "fpr": 0.5161290322580645,
        "fnr": 0.09388646288209607,
        "fpr_gap": 0.21178120617110796,
        "fnr_gap": 0.03220810804610008,
        "count": 582
      },
      "religion": {
        "fpr": 0.5208333333333334,
        "fnr": 0.09693877551020408,
        "fpr_gap": 0.21648550724637683,
        "fnr_gap": 0.02915579541799207,
        "count": 244
      },
      "sexual_orientation": {
        "fpr": 0.18181818181818182,
        "fnr": 0.23376623376623376,
        "fpr_gap": 0.12252964426877472,
        "fnr_gap": 0.10767166283803761,
        "count": 121
      }
    }
  },
  "per_group_f1": {
    "disability": 0.4,
    "gender": 0.7644225032812313,
    "none": 0.7217758648174717,
    "race": 0.7072200621535598,
    "religion": 0.7002791736460078,
    "sexual_orientation": 0.7770691609977325
  }
}