{
  "task": {
    "accuracy": 0.8076923076923077,
    "macro_f1": 0.8021506954241303,
    "binary_f1": 0.8352626892252893,
    "auc_roc": 0.8862217315160283,
    "precision": 0.8496376811594203,
    "recall": 0.8213660245183888
  },
  "causal": {
    "cfr": 0.13787878787878788,
    "ctfg": 0.1275005042552948,
    "n_pairs": 2640,
    "mean_prob_orig": 0.5948413014411926,
    "mean_prob_cf": 0.5098453760147095,
    "per_group": {
      "men": {
        "cfr": 0.11175785797438882,
        "ctfg": 0.11094881594181061,
        "count": 859
      },
      "disabled": {
        "cfr": 0.4888888888888889,
        "ctfg": 0.4109164774417877,
        "count": 90
      },
      "women": {
        "cfr": 0.10582010582010581,
        "ctfg": 0.09705393016338348,
        "count": 378
      },
      "muslim": {
        "cfr": 0.09540636042402827,
        "ctfg": 0.07758361101150513,
        "count": 283
      },
      "black": {
        "cfr": 0.2792022792022792,
        "ctfg": 0.26428040862083435,
        "count": 351
      },
      "white": {
        "cfr": 0.046242774566473986,
        "ctfg": 0.04910695180296898,
        "count": 346
      },
      "jewish": {
        "cfr": 0.15126050420168066,
        "ctfg": 0.11112614721059799,
        "count": 119
      },
      "gay": {
        "cfr": 0.14074074074074075,
        "ctfg": 0.1184639260172844,
        "count": 135
      },
      "asian": {
        "cfr": 0.06666666666666667,
        "ctfg": 0.07488648593425751,
        "count": 45
      },
      "christian": {
        "cfr": 0.08823529411764706,
        "ctfg": 0.09798026829957962,
        "count": 34
      }
    }
  },
  "group_fairness": {
    "fped": 0.9998884648937364,
    "fned": 0.3768080574210539,
    "per_group": {
      "disability": {
        "fpr": 0.6666666666666666,
        "fnr": 0.16666666666666666,
        "fpr_gap": 0.45439045183290705,
        "fnr_gap": 0.011967308814944538,
        "count": 9
      },
      "gender": {
        "fpr": 0.2457627118644068,
        "fnr": 0.21254355400696864,
        "fpr_gap": 0.03348649703064721,
        "fnr_gap": 0.03390957852535745,
        "count": 405
      },
      "none": {
        "fpr": 0.15056179775280898,
        "fnr": 0.3050847457627119,
        "fpr_gap": 0.0617144170809506,
        "fnr_gap": 0.1264507702811007,
        "count": 563
      },
      "race": {
        "fpr": 0.3387096774193548,
        "fnr": 0.13973799126637554,
        "fpr_gap": 0.12643346258559524,
        "fnr_gap": 0.03889598421523566,
        "count": 582
      },
      "religion": {
        "fpr": 0.4375,
        "fnr": 0.10714285714285714,
        "fpr_gap": 0.22522378516624042,
        "fnr_gap": 0.07149111833875406,
        "count": 244
      },
      "sexual_orientation": {
        "fpr": 0.11363636363636363,
        "fnr": 0.2727272727272727,
        "fpr_gap": 0.09863985119739595,
        "fnr_gap": 0.09409329724566151,
        "count": 121
      }
    }
  },
  "per_group_f1": {
    "disability": 0.5846153846153845,
    "gender": 0.7490637219805034,
    "none": 0.7471626706430698,
    "race": 0.7444195873726076,
    "religion": 0.7276785714285714,
    "sexual_orientation": 0.7807971014492754
  }
}