{
  "task": {
    "accuracy": 0.7915800415800416,
    "macro_f1": 0.7810990669691179,
    "binary_f1": 0.828997867803838,
    "auc_roc": 0.8706749051558489,
    "precision": 0.8079800498753117,
    "recall": 0.851138353765324
  },
  "causal": {
    "cfr": 0.048863636363636366,
    "ctfg": 0.04077525436878204,
    "n_pairs": 2640,
    "mean_prob_orig": 0.6286211013793945,
    "mean_prob_cf": 0.6191588044166565,
    "per_group": {
      "men": {
        "cfr": 0.051222351571594875,
        "ctfg": 0.03933882713317871,
        "count": 859
      },
      "disabled": {
        "cfr": 0.022222222222222223,
        "ctfg": 0.01938527636229992,
        "count": 90
      },
      "women": {
        "cfr": 0.05291005291005291,
        "ctfg": 0.043654244393110275,
        "count": 378
      },
      "muslim": {
        "cfr": 0.0176678445229682,
        "ctfg": 0.03485701605677605,
        "count": 283
      },
      "black": {
        "cfr": 0.06837606837606838,
        "ctfg": 0.05650746822357178,
        "count": 351
      },
      "white": {
        "cfr": 0.04046242774566474,
        "ctfg": 0.028339114040136337,
        "count": 346
      },
      "jewish": {
        "cfr": 0.058823529411764705,
        "ctfg": 0.039369095116853714,
        "count": 119
      },
      "gay": {
        "cfr": 0.06666666666666667,
        "ctfg": 0.055490925908088684,
        "count": 135
      },
      "asian": {
        "cfr": 0.06666666666666667,
        "ctfg": 0.054106950759887695,
        "count": 45
      },
      "christian": {
        "cfr": 0.029411764705882353,
        "ctfg": 0.04393045976758003,
        "count": 34
      }
    }
  },
  "group_fairness": {
    "fped": 1.412839011354285,
    "fned": 0.2822676604063093,
    "per_group": {
      "disability": {
        "fpr": 1.0,
        "fnr": 0.16666666666666666,
        "fpr_gap": 0.7046035805626598,
        "fnr_gap": 0.017805020431990642,
        "count": 9
      },
      "gender": {
        "fpr": 0.3644067796610169,
        "fnr": 0.156794425087108,
        "fpr_gap": 0.06901036022367679,
        "fnr_gap": 0.007932778852431988,
        "count": 405
      },
      "none": {
        "fpr": 0.20449438202247192,
        "fnr": 0.2457627118644068,
        "fpr_gap": 0.09090203741486821,
        "fnr_gap": 0.09690106562973078,
        "count": 563
      },
      "race": {
        "fpr": 0.4838709677419355,
        "fnr": 0.11353711790393013,
        "fpr_gap": 0.18847454830459537,
        "fnr_gap": 0.03532452833074588,
        "count": 582
      },
      "religion": {
        "fpr": 0.5416666666666666,
        "fnr": 0.12244897959183673,
        "fpr_gap": 0.2462702472293265,
        "fnr_gap": 0.026412666642839283,
        "count": 244
      },
      "sexual_orientation": {
        "fpr": 0.18181818181818182,
        "fnr": 0.24675324675324675,
        "fpr_gap": 0.1135782376191583,
        "fnr_gap": 0.09789160051857074,
        "count": 121
      }
    }
  },
  "per_group_f1": {
    "disability": 0.35714285714285715,
    "gender": 0.7382029734970912,
    "none": 0.7261939500048633,
    "race": 0.706060606060606,
    "religion": 0.670590776541743,
    "sexual_orientation": 0.7692307692307693
  }
}