{
  "task": {
    "accuracy": 0.8627232142857143,
    "macro_f1": 0.857659298293198,
    "binary_f1": 0.8308115543328748,
    "auc_roc": 0.9348272182549454,
    "precision": 0.8507042253521127,
    "recall": 0.8118279569892473
  },
  "causal": {
    "cfr": 0.024572649572649572,
    "ctfg": 0.01942354254424572,
    "n_pairs": 936,
    "mean_prob_orig": 0.4541616141796112,
    "mean_prob_cf": 0.4555301368236542,
    "per_group": {
      "asian": {
        "cfr": 0.014705882352941176,
        "ctfg": 0.02404211461544037,
        "count": 68
      },
      "muslim": {
        "cfr": 0.031914893617021274,
        "ctfg": 0.014670420438051224,
        "count": 94
      },
      "disabled": {
        "cfr": 0.023255813953488372,
        "ctfg": 0.019672585651278496,
        "count": 43
      },
      "white": {
        "cfr": 0.08196721311475409,
        "ctfg": 0.03165217489004135,
        "count": 61
      },
      "men": {
        "cfr": 0.01837270341207349,
        "ctfg": 0.01813630200922489,
        "count": 381
      },
      "women": {
        "cfr": 0.027624309392265192,
        "ctfg": 0.01657206006348133,
        "count": 181
      },
      "jewish": {
        "cfr": 0.0,
        "ctfg": 0.015997691079974174,
        "count": 43
      },
      "black": {
        "cfr": 0.0,
        "ctfg": 0.01600031368434429,
        "count": 33
      },
      "gay": {
        "cfr": 0.047619047619047616,
        "ctfg": 0.03742972016334534,
        "count": 21
      },
      "christian": {
        "cfr": 0.0,
        "ctfg": 0.04349451884627342,
        "count": 11
      }
    }
  },
  "group_fairness": {
    "fped": 0.45552683837375096,
    "fned": 1.059637372319519,
    "per_group": {
      "asian": {
        "fpr": 0.10256410256410256,
        "fnr": 0.2903225806451613,
        "fpr_gap": 0.0014190643961636273,
        "fnr_gap": 0.10215053763440862,
        "count": 70
      },
      "black": {
        "fpr": 0.1794871794871795,
        "fnr": 0.09375,
        "fpr_gap": 0.07834214131924055,
        "fnr_gap": 0.09442204301075269,
        "count": 71
      },
      "chinese": {
        "fpr": 0.08888888888888889,
        "fnr": 0.16,
        "fpr_gap": 0.012256149279050041,
        "fnr_gap": 0.028172043010752684,
        "count": 70
      },
      "jewish": {
        "fpr": 0.11904761904761904,
        "fnr": 0.25925925925925924,
        "fpr_gap": 0.017902580879680108,
        "fnr_gap": 0.07108721624850656,
        "count": 69
      },
      "latino": {
        "fpr": 0.13043478260869565,
        "fnr": 0.30303030303030304,
        "fpr_gap": 0.029289744440756715,
        "fnr_gap": 0.11485826001955035,
        "count": 56
      },
      "lgbtq": {
        "fpr": 0.11904761904761904,
        "fnr": 0.23333333333333334,
        "fpr_gap": 0.017902580879680108,
        "fnr_gap": 0.04516129032258065,
        "count": 72
      },
      "mental_dis": {
        "fpr": 0.11904761904761904,
        "fnr": 0.13793103448275862,
        "fpr_gap": 0.017902580879680108,
        "fnr_gap": 0.05024100852799407,
        "count": 71
      },
      "mexican": {
        "fpr": 0.022727272727272728,
        "fnr": 0.28,
        "fpr_gap": 0.0784177654406662,
        "fnr_gap": 0.09182795698924734,
        "count": 69
      },
      "middle_east": {
        "fpr": 0.02564102564102564,
        "fnr": 0.13333333333333333,
        "fpr_gap": 0.0755040125269133,
        "fnr_gap": 0.054838709677419356,
        "count": 69
      },
      "muslim": {
        "fpr": 0.07692307692307693,
        "fnr": 0.06666666666666667,
        "fpr_gap": 0.024221961244862006,
        "fnr_gap": 0.12150537634408602,
        "count": 69
      },
      "native_american": {
        "fpr": 0.07142857142857142,
        "fnr": 0.21428571428571427,
        "fpr_gap": 0.02971646673936751,
        "fnr_gap": 0.026113671274961586,
        "count": 70
      },
      "physical_dis": {
        "fpr": 0.0975609756097561,
        "fnr": 0.25925925925925924,
        "fpr_gap": 0.0035840625581828323,
        "fnr_gap": 0.07108721624850656,
        "count": 68
      },
      "women": {
        "fpr": 0.1702127659574468,
        "fnr": 0.0,
        "fpr_gap": 0.06906772778950787,
        "fnr_gap": 0.1881720430107527,
        "count": 72
      }
    }
  },
  "per_group_f1": {
    "asian": 0.8076516592686536,
    "black": 0.8589030206677265,
    "chinese": 0.8755555555555554,
    "jewish": 0.8148479427549196,
    "latino": 0.767188999040614,
    "lgbtq": 0.8267842822774659,
    "mental_dis": 0.8695119460894425,
    "mexican": 0.8665377176015474,
    "middle_east": 0.9252761533463287,
    "muslim": 0.9265488609750905,
    "native_american": 0.8633702016916069,
    "physical_dis": 0.8274509803921568,
    "women": 0.884522854851644
  }
}