{
  "task": {
    "accuracy": 0.8582589285714286,
    "macro_f1": 0.8527701979720191,
    "binary_f1": 0.8243430152143845,
    "auc_roc": 0.937074201756546,
    "precision": 0.8490028490028491,
    "recall": 0.8010752688172043
  },
  "causal": {
    "cfr": 0.02564102564102564,
    "ctfg": 0.025181744247674942,
    "n_pairs": 936,
    "mean_prob_orig": 0.46460607647895813,
    "mean_prob_cf": 0.4664836823940277,
    "per_group": {
      "asian": {
        "cfr": 0.07352941176470588,
        "ctfg": 0.034486595541238785,
        "count": 68
      },
      "muslim": {
        "cfr": 0.0,
        "ctfg": 0.01794997788965702,
        "count": 94
      },
      "disabled": {
        "cfr": 0.023255813953488372,
        "ctfg": 0.022422922775149345,
        "count": 43
      },
      "white": {
        "cfr": 0.01639344262295082,
        "ctfg": 0.03693503141403198,
        "count": 61
      },
      "men": {
        "cfr": 0.023622047244094488,
        "ctfg": 0.024244939908385277,
        "count": 381
      },
      "women": {
        "cfr": 0.027624309392265192,
        "ctfg": 0.022642849013209343,
        "count": 181
      },
      "jewish": {
        "cfr": 0.023255813953488372,
        "ctfg": 0.015126205049455166,
        "count": 43
      },
      "black": {
        "cfr": 0.030303030303030304,
        "ctfg": 0.02784653753042221,
        "count": 33
      },
      "gay": {
        "cfr": 0.047619047619047616,
        "ctfg": 0.04641430824995041,
        "count": 21
      },
      "christian": {
        "cfr": 0.0,
        "ctfg": 0.040069300681352615,
        "count": 11
      }
    }
  },
  "group_fairness": {
    "fped": 0.5599849363898457,
    "fned": 1.0803006681037826,
    "per_group": {
      "asian": {
        "fpr": 0.10256410256410256,
        "fnr": 0.3225806451612903,
        "fpr_gap": 0.0014190643961636273,
        "fnr_gap": 0.12365591397849462,
        "count": 70
      },
      "black": {
        "fpr": 0.20512820512820512,
        "fnr": 0.125,
        "fpr_gap": 0.10398316696026619,
        "fnr_gap": 0.07392473118279569,
        "count": 71
      },
      "chinese": {
        "fpr": 0.044444444444444446,
        "fnr": 0.12,
        "fpr_gap": 0.05670059372349449,
        "fnr_gap": 0.0789247311827957,
        "count": 70
      },
      "jewish": {
        "fpr": 0.14285714285714285,
        "fnr": 0.18518518518518517,
        "fpr_gap": 0.041712104689203916,
        "fnr_gap": 0.013739545997610514,
        "count": 69
      },
      "latino": {
        "fpr": 0.13043478260869565,
        "fnr": 0.30303030303030304,
        "fpr_gap": 0.029289744440756715,
        "fnr_gap": 0.10410557184750735,
        "count": 56
      },
      "lgbtq": {
        "fpr": 0.09523809523809523,
        "fnr": 0.16666666666666666,
        "fpr_gap": 0.0059069429298437,
        "fnr_gap": 0.03225806451612903,
        "count": 72
      },
      "mental_dis": {
        "fpr": 0.14285714285714285,
        "fnr": 0.13793103448275862,
        "fpr_gap": 0.041712104689203916,
        "fnr_gap": 0.06099369670003707,
        "count": 71
      },
      "mexican": {
        "fpr": 0.022727272727272728,
        "fnr": 0.32,
        "fpr_gap": 0.0784177654406662,
        "fnr_gap": 0.12107526881720432,
        "count": 69
      },
      "middle_east": {
        "fpr": 0.05128205128205128,
        "fnr": 0.16666666666666666,
        "fpr_gap": 0.04986298688588765,
        "fnr_gap": 0.03225806451612903,
        "count": 69
      },
      "muslim": {
        "fpr": 0.07692307692307693,
        "fnr": 0.1,
        "fpr_gap": 0.024221961244862006,
        "fnr_gap": 0.09892473118279568,
        "count": 69
      },
      "native_american": {
        "fpr": 0.07142857142857142,
        "fnr": 0.35714285714285715,
        "fpr_gap": 0.02971646673936751,
        "fnr_gap": 0.15821812596006146,
        "count": 70
      },
      "physical_dis": {
        "fpr": 0.07317073170731707,
        "fnr": 0.2222222222222222,
        "fpr_gap": 0.027974306460621864,
        "fnr_gap": 0.02329749103942652,
        "count": 68
      },
      "women": {
        "fpr": 0.1702127659574468,
        "fnr": 0.04,
        "fpr_gap": 0.06906772778950787,
        "fnr_gap": 0.15892473118279568,
        "count": 72
      }
    }
  },
  "per_group_f1": {
    "asian": 0.7916666666666666,
    "black": 0.8306836248012719,
    "chinese": 0.9215070643642072,
    "jewish": 0.8337349397590361,
    "latino": 0.767188999040614,
    "lgbtq": 0.8707876370887337,
    "mental_dis": 0.8556910569105691,
    "mexican": 0.8479804161566709,
    "middle_east": 0.8953866146848602,
    "muslim": 0.9115384615384616,
    "native_american": 0.7959183673469388,
    "physical_dis": 0.8588235294117648,
    "women": 0.8693284936479129
  }
}