{
  "task": {
    "accuracy": 0.8705357142857143,
    "macro_f1": 0.8650910676829142,
    "binary_f1": 0.8379888268156425,
    "auc_roc": 0.9382156488549617,
    "precision": 0.872093023255814,
    "recall": 0.8064516129032258
  },
  "causal": {
    "cfr": 0.030982905982905984,
    "ctfg": 0.025132277980446815,
    "n_pairs": 936,
    "mean_prob_orig": 0.4515626132488251,
    "mean_prob_cf": 0.45347586274147034,
    "per_group": {
      "asian": {
        "cfr": 0.058823529411764705,
        "ctfg": 0.03979289159178734,
        "count": 68
      },
      "muslim": {
        "cfr": 0.02127659574468085,
        "ctfg": 0.015253039076924324,
        "count": 94
      },
      "disabled": {
        "cfr": 0.0,
        "ctfg": 0.01918705925345421,
        "count": 43
      },
      "white": {
        "cfr": 0.01639344262295082,
        "ctfg": 0.03700157627463341,
        "count": 61
      },
      "men": {
        "cfr": 0.03674540682414698,
        "ctfg": 0.027480298653244972,
        "count": 381
      },
      "women": {
        "cfr": 0.027624309392265192,
        "ctfg": 0.02043304592370987,
        "count": 181
      },
      "jewish": {
        "cfr": 0.046511627906976744,
        "ctfg": 0.020898103713989258,
        "count": 43
      },
      "black": {
        "cfr": 0.030303030303030304,
        "ctfg": 0.02270619384944439,
        "count": 33
      },
      "gay": {
        "cfr": 0.0,
        "ctfg": 0.014524787664413452,
        "count": 21
      },
      "christian": {
        "cfr": 0.0,
        "ctfg": 0.016422661021351814,
        "count": 11
      }
    }
  },
  "group_fairness": {
    "fped": 0.4995646278432719,
    "fned": 0.8685352324826741,
    "per_group": {
      "asian": {
        "fpr": 0.10256410256410256,
        "fnr": 0.3548387096774194,
        "fpr_gap": 0.018594636915247598,
        "fnr_gap": 0.16129032258064518,
        "count": 70
      },
      "black": {
        "fpr": 0.15384615384615385,
        "fnr": 0.15625,
        "fpr_gap": 0.06987668819729889,
        "fnr_gap": 0.03729838709677419,
        "count": 71
      },
      "chinese": {
        "fpr": 0.044444444444444446,
        "fnr": 0.12,
        "fpr_gap": 0.03952502120441052,
        "fnr_gap": 0.07354838709677419,
        "count": 70
      },
      "jewish": {
        "fpr": 0.11904761904761904,
        "fnr": 0.18518518518518517,
        "fpr_gap": 0.03507815339876408,
        "fnr_gap": 0.008363201911589013,
        "count": 69
      },
      "latino": {
        "fpr": 0.13043478260869565,
        "fnr": 0.2727272727272727,
        "fpr_gap": 0.046465316959840686,
        "fnr_gap": 0.07917888563049852,
        "count": 56
      },
      "lgbtq": {
        "fpr": 0.09523809523809523,
        "fnr": 0.2,
        "fpr_gap": 0.01126862958924027,
        "fnr_gap": 0.006451612903225823,
        "count": 72
      },
      "mental_dis": {
        "fpr": 0.11904761904761904,
        "fnr": 0.1724137931034483,
        "fpr_gap": 0.03507815339876408,
        "fnr_gap": 0.0211345939933259,
        "count": 71
      },
      "mexican": {
        "fpr": 0.022727272727272728,
        "fnr": 0.24,
        "fpr_gap": 0.061242192921582235,
        "fnr_gap": 0.0464516129032258,
        "count": 69
      },
      "middle_east": {
        "fpr": 0.02564102564102564,
        "fnr": 0.16666666666666666,
        "fpr_gap": 0.05832844000782932,
        "fnr_gap": 0.02688172043010753,
        "count": 69
      },
      "muslim": {
        "fpr": 0.05128205128205128,
        "fnr": 0.1,
        "fpr_gap": 0.03268741436680368,
        "fnr_gap": 0.09354838709677418,
        "count": 69
      },
      "native_american": {
        "fpr": 0.07142857142857142,
        "fnr": 0.2857142857142857,
        "fpr_gap": 0.012540894220283538,
        "fnr_gap": 0.09216589861751151,
        "count": 70
      },
      "physical_dis": {
        "fpr": 0.04878048780487805,
        "fnr": 0.2222222222222222,
        "fpr_gap": 0.03518897784397691,
        "fnr_gap": 0.02867383512544802,
        "count": 68
      },
      "women": {
        "fpr": 0.1276595744680851,
        "fnr": 0.0,
        "fpr_gap": 0.04369010881923013,
        "fnr_gap": 0.1935483870967742,
        "count": 72
      }
    }
  },
  "per_group_f1": {
    "asian": 0.7754010695187166,
    "black": 0.8439560439560441,
    "chinese": 0.9215070643642072,
    "jewish": 0.8478835978835979,
    "latino": 0.7846153846153846,
    "lgbtq": 0.855653568564555,
    "mental_dis": 0.8542692939244663,
    "mexican": 0.8845878136200717,
    "middle_east": 0.909843205574913,
    "muslim": 0.9259815490238146,
    "native_american": 0.8303591099361093,
    "physical_dis": 0.8734883720930232,
    "women": 0.9123376623376623
  }
}