{
  "task": {
    "accuracy": 0.8582589285714286,
    "macro_f1": 0.8541156259815517,
    "binary_f1": 0.829530201342282,
    "auc_roc": 0.9294098333743741,
    "precision": 0.8284182305630027,
    "recall": 0.8306451612903226
  },
  "causal": {
    "cfr": 0.023504273504273504,
    "ctfg": 0.02779407985508442,
    "n_pairs": 936,
    "mean_prob_orig": 0.4859139323234558,
    "mean_prob_cf": 0.4872783422470093,
    "per_group": {
      "asian": {
        "cfr": 0.04411764705882353,
        "ctfg": 0.0411977544426918,
        "count": 68
      },
      "muslim": {
        "cfr": 0.0,
        "ctfg": 0.02465205453336239,
        "count": 94
      },
      "disabled": {
        "cfr": 0.023255813953488372,
        "ctfg": 0.028442474082112312,
        "count": 43
      },
      "white": {
        "cfr": 0.04918032786885246,
        "ctfg": 0.04030098021030426,
        "count": 61
      },
      "men": {
        "cfr": 0.028871391076115485,
        "ctfg": 0.02599187009036541,
        "count": 381
      },
      "women": {
        "cfr": 0.022099447513812154,
        "ctfg": 0.022477423772215843,
        "count": 181
      },
      "jewish": {
        "cfr": 0.0,
        "ctfg": 0.023307429626584053,
        "count": 43
      },
      "black": {
        "cfr": 0.0,
        "ctfg": 0.03474178537726402,
        "count": 33
      },
      "gay": {
        "cfr": 0.0,
        "ctfg": 0.04481464624404907,
        "count": 21
      },
      "christian": {
        "cfr": 0.0,
        "ctfg": 0.014001087285578251,
        "count": 11
      }
    }
  },
  "group_fairness": {
    "fped": 0.5498670664845834,
    "fned": 0.8803039940428705,
    "per_group": {
      "asian": {
        "fpr": 0.1794871794871795,
        "fnr": 0.22580645161290322,
        "fpr_gap": 0.05734977490702682,
        "fnr_gap": 0.05645161290322581,
        "count": 70
      },
      "black": {
        "fpr": 0.15384615384615385,
        "fnr": 0.09375,
        "fpr_gap": 0.03170874926600119,
        "fnr_gap": 0.07560483870967741,
        "count": 71
      },
      "chinese": {
        "fpr": 0.15555555555555556,
        "fnr": 0.12,
        "fpr_gap": 0.03341815097540289,
        "fnr_gap": 0.04935483870967741,
        "count": 70
      },
      "jewish": {
        "fpr": 0.14285714285714285,
        "fnr": 0.2222222222222222,
        "fpr_gap": 0.020719738276990182,
        "fnr_gap": 0.0528673835125448,
        "count": 69
      },
      "latino": {
        "fpr": 0.13043478260869565,
        "fnr": 0.36363636363636365,
        "fpr_gap": 0.008297378028542982,
        "fnr_gap": 0.19428152492668624,
        "count": 56
      },
      "lgbtq": {
        "fpr": 0.11904761904761904,
        "fnr": 0.2,
        "fpr_gap": 0.003089785532533626,
        "fnr_gap": 0.030645161290322603,
        "count": 72
      },
      "mental_dis": {
        "fpr": 0.09523809523809523,
        "fnr": 0.20689655172413793,
        "fpr_gap": 0.026899309342057434,
        "fnr_gap": 0.03754171301446052,
        "count": 71
      },
      "mexican": {
        "fpr": 0.022727272727272728,
        "fnr": 0.16,
        "fpr_gap": 0.09941013185287995,
        "fnr_gap": 0.009354838709677404,
        "count": 69
      },
      "middle_east": {
        "fpr": 0.05128205128205128,
        "fnr": 0.1,
        "fpr_gap": 0.07085535329810139,
        "fnr_gap": 0.0693548387096774,
        "count": 69
      },
      "muslim": {
        "fpr": 0.05128205128205128,
        "fnr": 0.1,
        "fpr_gap": 0.07085535329810139,
        "fnr_gap": 0.0693548387096774,
        "count": 69
      },
      "native_american": {
        "fpr": 0.11904761904761904,
        "fnr": 0.21428571428571427,
        "fpr_gap": 0.003089785532533626,
        "fnr_gap": 0.044930875576036866,
        "count": 70
      },
      "physical_dis": {
        "fpr": 0.21951219512195122,
        "fnr": 0.14814814814814814,
        "fpr_gap": 0.09737479054179855,
        "fnr_gap": 0.021206690561529268,
        "count": 68
      },
      "women": {
        "fpr": 0.14893617021276595,
        "fnr": 0.0,
        "fpr_gap": 0.026798765632613283,
        "fnr_gap": 0.1693548387096774,
        "count": 72
      }
    }
  },
  "per_group_f1": {
    "asian": 0.7973531844499586,
    "black": 0.8728358208955223,
    "chinese": 0.8492678725236864,
    "jewish": 0.8174603174603174,
    "latino": 0.7320574162679425,
    "lgbtq": 0.842073778664008,
    "mental_dis": 0.8525747508305648,
    "mexican": 0.9193359831657704,
    "middle_east": 0.9259815490238146,
    "muslim": 0.9259815490238146,
    "native_american": 0.8352941176470587,
    "physical_dis": 0.8054149240589918,
    "women": 0.8983666061705989
  }
}