{
  "task": {
    "accuracy": 0.8582589285714286,
    "macro_f1": 0.8530303323840336,
    "binary_f1": 0.8253094910591472,
    "auc_roc": 0.9283196872691455,
    "precision": 0.8450704225352113,
    "recall": 0.8064516129032258
  },
  "causal": {
    "cfr": 0.016025641025641024,
    "ctfg": 0.02059297449886799,
    "n_pairs": 936,
    "mean_prob_orig": 0.4763657748699188,
    "mean_prob_cf": 0.47697141766548157,
    "per_group": {
      "asian": {
        "cfr": 0.058823529411764705,
        "ctfg": 0.03323547542095184,
        "count": 68
      },
      "muslim": {
        "cfr": 0.010638297872340425,
        "ctfg": 0.01996627077460289,
        "count": 94
      },
      "disabled": {
        "cfr": 0.0,
        "ctfg": 0.01923324726521969,
        "count": 43
      },
      "white": {
        "cfr": 0.0,
        "ctfg": 0.02627456560730934,
        "count": 61
      },
      "men": {
        "cfr": 0.013123359580052493,
        "ctfg": 0.018737347796559334,
        "count": 381
      },
      "women": {
        "cfr": 0.022099447513812154,
        "ctfg": 0.019092781469225883,
        "count": 181
      },
      "jewish": {
        "cfr": 0.023255813953488372,
        "ctfg": 0.022391535341739655,
        "count": 43
      },
      "black": {
        "cfr": 0.0,
        "ctfg": 0.012813393026590347,
        "count": 33
      },
      "gay": {
        "cfr": 0.0,
        "ctfg": 0.025587694719433784,
        "count": 21
      },
      "christian": {
        "cfr": 0.0,
        "ctfg": 0.017332877963781357,
        "count": 11
      }
    }
  },
  "group_fairness": {
    "fped": 0.5226608328227139,
    "fned": 0.788334646186426,
    "per_group": {
      "asian": {
        "fpr": 0.15384615384615385,
        "fnr": 0.2903225806451613,
        "fpr_gap": 0.04888432178508516,
        "fnr_gap": 0.09677419354838712,
        "count": 70
      },
      "black": {
        "fpr": 0.15384615384615385,
        "fnr": 0.15625,
        "fpr_gap": 0.04888432178508516,
        "fnr_gap": 0.03729838709677419,
        "count": 71
      },
      "chinese": {
        "fpr": 0.08888888888888889,
        "fnr": 0.2,
        "fpr_gap": 0.016072943172179804,
        "fnr_gap": 0.006451612903225823,
        "count": 70
      },
      "jewish": {
        "fpr": 0.09523809523809523,
        "fnr": 0.14814814814814814,
        "fpr_gap": 0.009723736822973464,
        "fnr_gap": 0.04540023894862605,
        "count": 69
      },
      "latino": {
        "fpr": 0.17391304347826086,
        "fnr": 0.30303030303030304,
        "fpr_gap": 0.06895121141719217,
        "fnr_gap": 0.10948191593352885,
        "count": 56
      },
      "lgbtq": {
        "fpr": 0.11904761904761904,
        "fnr": 0.26666666666666666,
        "fpr_gap": 0.014085786986550344,
        "fnr_gap": 0.07311827956989247,
        "count": 72
      },
      "mental_dis": {
        "fpr": 0.11904761904761904,
        "fnr": 0.20689655172413793,
        "fpr_gap": 0.014085786986550344,
        "fnr_gap": 0.01334816462736374,
        "count": 71
      },
      "mexican": {
        "fpr": 0.022727272727272728,
        "fnr": 0.24,
        "fpr_gap": 0.08223455933379598,
        "fnr_gap": 0.0464516129032258,
        "count": 69
      },
      "middle_east": {
        "fpr": 0.02564102564102564,
        "fnr": 0.16666666666666666,
        "fpr_gap": 0.07932080642004305,
        "fnr_gap": 0.02688172043010753,
        "count": 69
      },
      "muslim": {
        "fpr": 0.05128205128205128,
        "fnr": 0.13333333333333333,
        "fpr_gap": 0.053679780779017416,
        "fnr_gap": 0.06021505376344086,
        "count": 69
      },
      "native_american": {
        "fpr": 0.11904761904761904,
        "fnr": 0.14285714285714285,
        "fpr_gap": 0.014085786986550344,
        "fnr_gap": 0.05069124423963134,
        "count": 70
      },
      "physical_dis": {
        "fpr": 0.0975609756097561,
        "fnr": 0.2222222222222222,
        "fpr_gap": 0.007400856451312596,
        "fnr_gap": 0.02867383512544802,
        "count": 68
      },
      "women": {
        "fpr": 0.1702127659574468,
        "fnr": 0.0,
        "fpr_gap": 0.06525093389637811,
        "fnr_gap": 0.1935483870967742,
        "count": 72
      }
    }
  },
  "per_group_f1": {
    "asian": 0.7802887633396107,
    "black": 0.8439560439560441,
    "chinese": 0.8587127158555731,
    "jewish": 0.8783068783068784,
    "latino": 0.7487179487179487,
    "lgbtq": 0.8112522686025407,
    "mental_dis": 0.8388028895768834,
    "mexican": 0.8845878136200717,
    "middle_east": 0.909843205574913,
    "muslim": 0.9107758620689654,
    "native_american": 0.8668357641090678,
    "physical_dis": 0.8443223443223443,
    "women": 0.884522854851644
  }
}