{
  "task": {
    "accuracy": 0.8459821428571429,
    "macro_f1": 0.8409090909090909,
    "binary_f1": 0.8125,
    "auc_roc": 0.9277784617910203,
    "precision": 0.8214285714285714,
    "recall": 0.803763440860215
  },
  "causal": {
    "cfr": 0.04487179487179487,
    "ctfg": 0.04802710562944412,
    "n_pairs": 936,
    "mean_prob_orig": 0.4620111882686615,
    "mean_prob_cf": 0.4764266610145569,
    "per_group": {
      "asian": {
        "cfr": 0.07352941176470588,
        "ctfg": 0.06583314388990402,
        "count": 68
      },
      "muslim": {
        "cfr": 0.0,
        "ctfg": 0.033041808754205704,
        "count": 94
      },
      "disabled": {
        "cfr": 0.06976744186046512,
        "ctfg": 0.06664489209651947,
        "count": 43
      },
      "white": {
        "cfr": 0.11475409836065574,
        "ctfg": 0.09269817173480988,
        "count": 61
      },
      "men": {
        "cfr": 0.04461942257217848,
        "ctfg": 0.041083503514528275,
        "count": 381
      },
      "women": {
        "cfr": 0.022099447513812154,
        "ctfg": 0.042859774082899094,
        "count": 181
      },
      "jewish": {
        "cfr": 0.046511627906976744,
        "ctfg": 0.037357162684202194,
        "count": 43
      },
      "black": {
        "cfr": 0.030303030303030304,
        "ctfg": 0.042692624032497406,
        "count": 33
      },
      "gay": {
        "cfr": 0.047619047619047616,
        "ctfg": 0.03245808556675911,
        "count": 21
      },
      "christian": {
        "cfr": 0.18181818181818182,
        "ctfg": 0.15847241878509521,
        "count": 11
      }
    }
  },
  "group_fairness": {
    "fped": 0.6402966299813915,
    "fned": 1.1884708792731595,
    "per_group": {
      "asian": {
        "fpr": 0.10256410256410256,
        "fnr": 0.3548387096774194,
        "fpr_gap": 0.021481698962614995,
        "fnr_gap": 0.15860215053763443,
        "count": 70
      },
      "black": {
        "fpr": 0.1794871794871795,
        "fnr": 0.09375,
        "fpr_gap": 0.05544137796046193,
        "fnr_gap": 0.10248655913978494,
        "count": 71
      },
      "chinese": {
        "fpr": 0.08888888888888889,
        "fnr": 0.12,
        "fpr_gap": 0.03515691263782866,
        "fnr_gap": 0.07623655913978494,
        "count": 70
      },
      "jewish": {
        "fpr": 0.11904761904761904,
        "fnr": 0.1111111111111111,
        "fpr_gap": 0.004998182479098515,
        "fnr_gap": 0.08512544802867383,
        "count": 69
      },
      "latino": {
        "fpr": 0.2608695652173913,
        "fnr": 0.30303030303030304,
        "fpr_gap": 0.13682376369067373,
        "fnr_gap": 0.1067937438905181,
        "count": 56
      },
      "lgbtq": {
        "fpr": 0.09523809523809523,
        "fnr": 0.2,
        "fpr_gap": 0.028807706288622323,
        "fnr_gap": 0.0037634408602150726,
        "count": 72
      },
      "mental_dis": {
        "fpr": 0.16666666666666666,
        "fnr": 0.1724137931034483,
        "fpr_gap": 0.0426208651399491,
        "fnr_gap": 0.02382276603633665,
        "count": 71
      },
      "mexican": {
        "fpr": 0.022727272727272728,
        "fnr": 0.36,
        "fpr_gap": 0.10131852879944483,
        "fnr_gap": 0.16376344086021505,
        "count": 69
      },
      "middle_east": {
        "fpr": 0.02564102564102564,
        "fnr": 0.1,
        "fpr_gap": 0.09840477588569191,
        "fnr_gap": 0.09623655913978493,
        "count": 69
      },
      "muslim": {
        "fpr": 0.1282051282051282,
        "fnr": 0.13333333333333333,
        "fpr_gap": 0.004159326678410638,
        "fnr_gap": 0.06290322580645161,
        "count": 69
      },
      "native_american": {
        "fpr": 0.16666666666666666,
        "fnr": 0.2857142857142857,
        "fpr_gap": 0.0426208651399491,
        "fnr_gap": 0.08947772657450076,
        "count": 70
      },
      "physical_dis": {
        "fpr": 0.14634146341463414,
        "fnr": 0.25925925925925924,
        "fpr_gap": 0.022295661887916582,
        "fnr_gap": 0.0630227001194743,
        "count": 68
      },
      "women": {
        "fpr": 0.1702127659574468,
        "fnr": 0.04,
        "fpr_gap": 0.04616696443072925,
        "fnr_gap": 0.15623655913978493,
        "count": 72
      }
    }
  },
  "per_group_f1": {
    "asian": 0.7754010695187166,
    "black": 0.8589030206677265,
    "chinese": 0.8920467063229787,
    "jewish": 0.8797909407665505,
    "latino": 0.7109677419354838,
    "lgbtq": 0.855653568564555,
    "mental_dis": 0.8268292682926829,
    "mexican": 0.8288690476190477,
    "middle_east": 0.9405172413793104,
    "muslim": 0.8677879497551628,
    "native_american": 0.7754010695187166,
    "physical_dis": 0.7990452375539896,
    "women": 0.8693284936479129
  }
}