{
  "task": {
    "accuracy": 0.8616071428571429,
    "macro_f1": 0.8564392001199096,
    "binary_f1": 0.8292011019283746,
    "auc_roc": 0.9358301526717557,
    "precision": 0.8502824858757062,
    "recall": 0.8091397849462365
  },
  "causal": {
    "cfr": 0.01282051282051282,
    "ctfg": 0.017943039536476135,
    "n_pairs": 936,
    "mean_prob_orig": 0.4706331491470337,
    "mean_prob_cf": 0.47229963541030884,
    "per_group": {
      "asian": {
        "cfr": 0.04411764705882353,
        "ctfg": 0.023880742490291595,
        "count": 68
      },
      "muslim": {
        "cfr": 0.0,
        "ctfg": 0.01644207164645195,
        "count": 94
      },
      "disabled": {
        "cfr": 0.023255813953488372,
        "ctfg": 0.022171782329678535,
        "count": 43
      },
      "white": {
        "cfr": 0.01639344262295082,
        "ctfg": 0.02605113759636879,
        "count": 61
      },
      "men": {
        "cfr": 0.013123359580052493,
        "ctfg": 0.01733175851404667,
        "count": 381
      },
      "women": {
        "cfr": 0.0,
        "ctfg": 0.014600134454667568,
        "count": 181
      },
      "jewish": {
        "cfr": 0.023255813953488372,
        "ctfg": 0.01579335331916809,
        "count": 43
      },
      "black": {
        "cfr": 0.0,
        "ctfg": 0.015348860993981361,
        "count": 33
      },
      "gay": {
        "cfr": 0.0,
        "ctfg": 0.02132032997906208,
        "count": 21
      },
      "christian": {
        "cfr": 0.09090909090909091,
        "ctfg": 0.018486833199858665,
        "count": 11
      }
    }
  },
  "group_fairness": {
    "fped": 0.48691732487959904,
    "fned": 0.9006772255367917,
    "per_group": {
      "asian": {
        "fpr": 0.15384615384615385,
        "fnr": 0.3225806451612903,
        "fpr_gap": 0.05270111567821492,
        "fnr_gap": 0.13172043010752688,
        "count": 70
      },
      "black": {
        "fpr": 0.15384615384615385,
        "fnr": 0.15625,
        "fpr_gap": 0.05270111567821492,
        "fnr_gap": 0.03461021505376344,
        "count": 71
      },
      "chinese": {
        "fpr": 0.08888888888888889,
        "fnr": 0.2,
        "fpr_gap": 0.012256149279050041,
        "fnr_gap": 0.009139784946236573,
        "count": 70
      },
      "jewish": {
        "fpr": 0.09523809523809523,
        "fnr": 0.14814814814814814,
        "fpr_gap": 0.0059069429298437,
        "fnr_gap": 0.0427120669056153,
        "count": 69
      },
      "latino": {
        "fpr": 0.08695652173913043,
        "fnr": 0.30303030303030304,
        "fpr_gap": 0.0141885164288085,
        "fnr_gap": 0.1121700879765396,
        "count": 56
      },
      "lgbtq": {
        "fpr": 0.047619047619047616,
        "fnr": 0.16666666666666666,
        "fpr_gap": 0.05352599054889132,
        "fnr_gap": 0.02419354838709678,
        "count": 72
      },
      "mental_dis": {
        "fpr": 0.09523809523809523,
        "fnr": 0.13793103448275862,
        "fpr_gap": 0.0059069429298437,
        "fnr_gap": 0.05292918057100482,
        "count": 71
      },
      "mexican": {
        "fpr": 0.022727272727272728,
        "fnr": 0.32,
        "fpr_gap": 0.0784177654406662,
        "fnr_gap": 0.12913978494623657,
        "count": 69
      },
      "middle_east": {
        "fpr": 0.05128205128205128,
        "fnr": 0.13333333333333333,
        "fpr_gap": 0.04986298688588765,
        "fnr_gap": 0.057526881720430106,
        "count": 69
      },
      "muslim": {
        "fpr": 0.10256410256410256,
        "fnr": 0.1,
        "fpr_gap": 0.0014190643961636273,
        "fnr_gap": 0.09086021505376343,
        "count": 69
      },
      "native_american": {
        "fpr": 0.14285714285714285,
        "fnr": 0.25,
        "fpr_gap": 0.041712104689203916,
        "fnr_gap": 0.05913978494623656,
        "count": 70
      },
      "physical_dis": {
        "fpr": 0.07317073170731707,
        "fnr": 0.18518518518518517,
        "fpr_gap": 0.027974306460621864,
        "fnr_gap": 0.005675029868578263,
        "count": 68
      },
      "women": {
        "fpr": 0.19148936170212766,
        "fnr": 0.04,
        "fpr_gap": 0.09034432353418873,
        "fnr_gap": 0.15086021505376343,
        "count": 72
      }
    }
  },
  "per_group_f1": {
    "asian": 0.7645079899074853,
    "black": 0.8439560439560441,
    "chinese": 0.8587127158555731,
    "jewish": 0.8783068783068784,
    "latino": 0.7854406130268199,
    "lgbtq": 0.8983666061705988,
    "mental_dis": 0.8834154351395731,
    "mexican": 0.8479804161566709,
    "middle_east": 0.9107758620689654,
    "muslim": 0.8971684053651268,
    "native_american": 0.8053475935828878,
    "physical_dis": 0.8754578754578755,
    "women": 0.855653568564555
  }
}