{
  "task": {
    "accuracy": 0.8537946428571429,
    "macro_f1": 0.8458837694506485,
    "binary_f1": 0.8109668109668109,
    "auc_roc": 0.9285223261922351,
    "precision": 0.8753894080996885,
    "recall": 0.7553763440860215
  },
  "causal": {
    "cfr": 0.03632478632478633,
    "ctfg": 0.03807196021080017,
    "n_pairs": 936,
    "mean_prob_orig": 0.4263511002063751,
    "mean_prob_cf": 0.4270656108856201,
    "per_group": {
      "asian": {
        "cfr": 0.029411764705882353,
        "ctfg": 0.050865430384874344,
        "count": 68
      },
      "muslim": {
        "cfr": 0.05319148936170213,
        "ctfg": 0.03272024169564247,
        "count": 94
      },
      "disabled": {
        "cfr": 0.023255813953488372,
        "ctfg": 0.04544495791196823,
        "count": 43
      },
      "white": {
        "cfr": 0.04918032786885246,
        "ctfg": 0.07631009817123413,
        "count": 61
      },
      "men": {
        "cfr": 0.04199475065616798,
        "ctfg": 0.03446123003959656,
        "count": 381
      },
      "women": {
        "cfr": 0.022099447513812154,
        "ctfg": 0.03258899971842766,
        "count": 181
      },
      "jewish": {
        "cfr": 0.023255813953488372,
        "ctfg": 0.03029792197048664,
        "count": 43
      },
      "black": {
        "cfr": 0.0,
        "ctfg": 0.03255105018615723,
        "count": 33
      },
      "gay": {
        "cfr": 0.09523809523809523,
        "ctfg": 0.04266700893640518,
        "count": 21
      },
      "christian": {
        "cfr": 0.0,
        "ctfg": 0.017310285940766335,
        "count": 11
      }
    }
  },
  "group_fairness": {
    "fped": 0.4275134389981899,
    "fned": 1.2098199799520715,
    "per_group": {
      "asian": {
        "fpr": 0.10256410256410256,
        "fnr": 0.3548387096774194,
        "fpr_gap": 0.02622822470150714,
        "fnr_gap": 0.11021505376344087,
        "count": 70
      },
      "black": {
        "fpr": 0.15384615384615385,
        "fnr": 0.15625,
        "fpr_gap": 0.07751027598355843,
        "fnr_gap": 0.0883736559139785,
        "count": 71
      },
      "chinese": {
        "fpr": 0.022222222222222223,
        "fnr": 0.12,
        "fpr_gap": 0.054113655640373196,
        "fnr_gap": 0.1246236559139785,
        "count": 70
      },
      "jewish": {
        "fpr": 0.09523809523809523,
        "fnr": 0.2222222222222222,
        "fpr_gap": 0.01890221737549981,
        "fnr_gap": 0.02240143369175629,
        "count": 69
      },
      "latino": {
        "fpr": 0.13043478260869565,
        "fnr": 0.3939393939393939,
        "fpr_gap": 0.054098904746100226,
        "fnr_gap": 0.14931573802541542,
        "count": 56
      },
      "lgbtq": {
        "fpr": 0.07142857142857142,
        "fnr": 0.3,
        "fpr_gap": 0.0049073064340239975,
        "fnr_gap": 0.05537634408602149,
        "count": 72
      },
      "mental_dis": {
        "fpr": 0.07142857142857142,
        "fnr": 0.20689655172413793,
        "fpr_gap": 0.0049073064340239975,
        "fnr_gap": 0.03772710418984057,
        "count": 71
      },
      "mexican": {
        "fpr": 0.022727272727272728,
        "fnr": 0.44,
        "fpr_gap": 0.053608605135322694,
        "fnr_gap": 0.1953763440860215,
        "count": 69
      },
      "middle_east": {
        "fpr": 0.05128205128205128,
        "fnr": 0.2,
        "fpr_gap": 0.025053826580544142,
        "fnr_gap": 0.04462365591397849,
        "count": 69
      },
      "muslim": {
        "fpr": 0.07692307692307693,
        "fnr": 0.16666666666666666,
        "fpr_gap": 0.0005871990604815053,
        "fnr_gap": 0.07795698924731184,
        "count": 69
      },
      "native_american": {
        "fpr": 0.047619047619047616,
        "fnr": 0.32142857142857145,
        "fpr_gap": 0.028716830243547806,
        "fnr_gap": 0.07680491551459295,
        "count": 70
      },
      "physical_dis": {
        "fpr": 0.04878048780487805,
        "fnr": 0.2222222222222222,
        "fpr_gap": 0.02755539005771737,
        "fnr_gap": 0.02240143369175629,
        "count": 68
      },
      "women": {
        "fpr": 0.1276595744680851,
        "fnr": 0.04,
        "fpr_gap": 0.051323696605489674,
        "fnr_gap": 0.2046236559139785,
        "count": 72
      }
    }
  },
  "per_group_f1": {
    "asian": 0.7754010695187166,
    "black": 0.8439560439560441,
    "chinese": 0.9365942028985507,
    "jewish": 0.8457066189624329,
    "latino": 0.7142857142857143,
    "lgbtq": 0.8222222222222222,
    "mental_dis": 0.8664576802507837,
    "mexican": 0.7887755102040817,
    "middle_east": 0.8797909407665505,
    "muslim": 0.8810344827586207,
    "native_american": 0.8273155416012559,
    "physical_dis": 0.8734883720930232,
    "women": 0.8970377936670071
  }
}