{
  "task": {
    "accuracy": 0.8604910714285714,
    "macro_f1": 0.8542788036810215,
    "binary_f1": 0.8241912798874824,
    "auc_roc": 0.9321570015595503,
    "precision": 0.8643067846607669,
    "recall": 0.7876344086021505
  },
  "causal": {
    "cfr": 0.05235042735042735,
    "ctfg": 0.0493389293551445,
    "n_pairs": 936,
    "mean_prob_orig": 0.44874176383018494,
    "mean_prob_cf": 0.4540461599826813,
    "per_group": {
      "asian": {
        "cfr": 0.029411764705882353,
        "ctfg": 0.05659912899136543,
        "count": 68
      },
      "muslim": {
        "cfr": 0.031914893617021274,
        "ctfg": 0.035800714045763016,
        "count": 94
      },
      "disabled": {
        "cfr": 0.023255813953488372,
        "ctfg": 0.05811705067753792,
        "count": 43
      },
      "white": {
        "cfr": 0.08196721311475409,
        "ctfg": 0.08125607669353485,
        "count": 61
      },
      "men": {
        "cfr": 0.05511811023622047,
        "ctfg": 0.04620971158146858,
        "count": 381
      },
      "women": {
        "cfr": 0.055248618784530384,
        "ctfg": 0.03899059072136879,
        "count": 181
      },
      "jewish": {
        "cfr": 0.046511627906976744,
        "ctfg": 0.041649892926216125,
        "count": 43
      },
      "black": {
        "cfr": 0.030303030303030304,
        "ctfg": 0.062275294214487076,
        "count": 33
      },
      "gay": {
        "cfr": 0.14285714285714285,
        "ctfg": 0.09966546297073364,
        "count": 21
      },
      "christian": {
        "cfr": 0.09090909090909091,
        "ctfg": 0.0826699435710907,
        "count": 11
      }
    }
  },
  "group_fairness": {
    "fped": 0.47956201623166483,
    "fned": 1.254900175680209,
    "per_group": {
      "asian": {
        "fpr": 0.05128205128205128,
        "fnr": 0.3870967741935484,
        "fpr_gap": 0.036504208259933446,
        "fnr_gap": 0.1747311827956989,
        "count": 70
      },
      "black": {
        "fpr": 0.1794871794871795,
        "fnr": 0.09375,
        "fpr_gap": 0.09170091994519476,
        "fnr_gap": 0.11861559139784947,
        "count": 71
      },
      "chinese": {
        "fpr": 0.044444444444444446,
        "fnr": 0.12,
        "fpr_gap": 0.04334181509754028,
        "fnr_gap": 0.09236559139784947,
        "count": 70
      },
      "jewish": {
        "fpr": 0.07142857142857142,
        "fnr": 0.1111111111111111,
        "fpr_gap": 0.016357688113413302,
        "fnr_gap": 0.10125448028673836,
        "count": 69
      },
      "latino": {
        "fpr": 0.13043478260869565,
        "fnr": 0.3333333333333333,
        "fpr_gap": 0.04264852306671092,
        "fnr_gap": 0.12096774193548385,
        "count": 56
      },
      "lgbtq": {
        "fpr": 0.07142857142857142,
        "fnr": 0.23333333333333334,
        "fpr_gap": 0.016357688113413302,
        "fnr_gap": 0.02096774193548387,
        "count": 72
      },
      "mental_dis": {
        "fpr": 0.09523809523809523,
        "fnr": 0.2413793103448276,
        "fpr_gap": 0.0074518356961105064,
        "fnr_gap": 0.02901371894697813,
        "count": 71
      },
      "mexican": {
        "fpr": 0.022727272727272728,
        "fnr": 0.36,
        "fpr_gap": 0.065058986814712,
        "fnr_gap": 0.14763440860215052,
        "count": 69
      },
      "middle_east": {
        "fpr": 0.05128205128205128,
        "fnr": 0.16666666666666666,
        "fpr_gap": 0.036504208259933446,
        "fnr_gap": 0.04569892473118281,
        "count": 69
      },
      "muslim": {
        "fpr": 0.1282051282051282,
        "fnr": 0.1,
        "fpr_gap": 0.04041886866314347,
        "fnr_gap": 0.11236559139784946,
        "count": 69
      },
      "native_american": {
        "fpr": 0.09523809523809523,
        "fnr": 0.32142857142857145,
        "fpr_gap": 0.0074518356961105064,
        "fnr_gap": 0.10906298003072198,
        "count": 70
      },
      "physical_dis": {
        "fpr": 0.07317073170731707,
        "fnr": 0.2222222222222222,
        "fpr_gap": 0.014615527834667658,
        "fnr_gap": 0.009856630824372742,
        "count": 68
      },
      "women": {
        "fpr": 0.14893617021276595,
        "fnr": 0.04,
        "fpr_gap": 0.061149910670781224,
        "fnr_gap": 0.17236559139784946,
        "count": 72
      }
    }
  },
  "per_group_f1": {
    "asian": 0.7858391608391608,
    "black": 0.8589030206677265,
    "chinese": 0.9215070643642072,
    "jewish": 0.9087301587301587,
    "latino": 0.7496807151979565,
    "lgbtq": 0.8538961038961039,
    "mental_dis": 0.8367816091954023,
    "mexican": 0.8288690476190477,
    "middle_east": 0.8953866146848602,
    "muslim": 0.8828522920203736,
    "native_american": 0.7995153117426748,
    "physical_dis": 0.8588235294117648,
    "women": 0.8831168831168832
  }
}