{
  "task": {
    "accuracy": 0.8571428571428571,
    "macro_f1": 0.8512731931757468,
    "binary_f1": 0.8217270194986073,
    "auc_roc": 0.9293559673315276,
    "precision": 0.8526011560693642,
    "recall": 0.793010752688172
  },
  "causal": {
    "cfr": 0.026709401709401708,
    "ctfg": 0.0313173271715641,
    "n_pairs": 936,
    "mean_prob_orig": 0.45688530802726746,
    "mean_prob_cf": 0.459911972284317,
    "per_group": {
      "asian": {
        "cfr": 0.014705882352941176,
        "ctfg": 0.04699566960334778,
        "count": 68
      },
      "muslim": {
        "cfr": 0.031914893617021274,
        "ctfg": 0.02951262891292572,
        "count": 94
      },
      "disabled": {
        "cfr": 0.046511627906976744,
        "ctfg": 0.04311426356434822,
        "count": 43
      },
      "white": {
        "cfr": 0.04918032786885246,
        "ctfg": 0.05633191764354706,
        "count": 61
      },
      "men": {
        "cfr": 0.01837270341207349,
        "ctfg": 0.02761457860469818,
        "count": 381
      },
      "women": {
        "cfr": 0.03314917127071823,
        "ctfg": 0.028249161317944527,
        "count": 181
      },
      "jewish": {
        "cfr": 0.046511627906976744,
        "ctfg": 0.01675821654498577,
        "count": 43
      },
      "black": {
        "cfr": 0.030303030303030304,
        "ctfg": 0.02822454646229744,
        "count": 33
      },
      "gay": {
        "cfr": 0.0,
        "ctfg": 0.02414504624903202,
        "count": 21
      },
      "christian": {
        "cfr": 0.0,
        "ctfg": 0.02360518090426922,
        "count": 11
      }
    }
  },
  "group_fairness": {
    "fped": 0.5538193462547899,
    "fned": 0.9256295240930947,
    "per_group": {
      "asian": {
        "fpr": 0.10256410256410256,
        "fnr": 0.3225806451612903,
        "fpr_gap": 0.005235858289293405,
        "fnr_gap": 0.11559139784946235,
        "count": 70
      },
      "black": {
        "fpr": 0.1794871794871795,
        "fnr": 0.15625,
        "fpr_gap": 0.08215893521237033,
        "fnr_gap": 0.05073924731182797,
        "count": 71
      },
      "chinese": {
        "fpr": 0.044444444444444446,
        "fnr": 0.16,
        "fpr_gap": 0.05288379983036471,
        "fnr_gap": 0.046989247311827964,
        "count": 70
      },
      "jewish": {
        "fpr": 0.09523809523809523,
        "fnr": 0.25925925925925924,
        "fpr_gap": 0.002090149036713923,
        "fnr_gap": 0.05227001194743128,
        "count": 69
      },
      "latino": {
        "fpr": 0.13043478260869565,
        "fnr": 0.30303030303030304,
        "fpr_gap": 0.03310653833388649,
        "fnr_gap": 0.09604105571847507,
        "count": 56
      },
      "lgbtq": {
        "fpr": 0.11904761904761904,
        "fnr": 0.23333333333333334,
        "fpr_gap": 0.021719374772809885,
        "fnr_gap": 0.02634408602150537,
        "count": 72
      },
      "mental_dis": {
        "fpr": 0.14285714285714285,
        "fnr": 0.1724137931034483,
        "fpr_gap": 0.04552889858233369,
        "fnr_gap": 0.03457545420837968,
        "count": 71
      },
      "mexican": {
        "fpr": 0.022727272727272728,
        "fnr": 0.36,
        "fpr_gap": 0.07460097154753642,
        "fnr_gap": 0.15301075268817202,
        "count": 69
      },
      "middle_east": {
        "fpr": 0.02564102564102564,
        "fnr": 0.13333333333333333,
        "fpr_gap": 0.07168721863378352,
        "fnr_gap": 0.07365591397849464,
        "count": 69
      },
      "muslim": {
        "fpr": 0.05128205128205128,
        "fnr": 0.16666666666666666,
        "fpr_gap": 0.046046192992757876,
        "fnr_gap": 0.04032258064516131,
        "count": 69
      },
      "native_american": {
        "fpr": 0.11904761904761904,
        "fnr": 0.21428571428571427,
        "fpr_gap": 0.021719374772809885,
        "fnr_gap": 0.007296466973886306,
        "count": 70
      },
      "physical_dis": {
        "fpr": 0.07317073170731707,
        "fnr": 0.18518518518518517,
        "fpr_gap": 0.024157512567492087,
        "fnr_gap": 0.021804062126642793,
        "count": 68
      },
      "women": {
        "fpr": 0.1702127659574468,
        "fnr": 0.0,
        "fpr_gap": 0.07288452168263765,
        "fnr_gap": 0.20698924731182797,
        "count": 72
      }
    }
  },
  "per_group_f1": {
    "asian": 0.7916666666666666,
    "black": 0.8301435406698565,
    "chinese": 0.904891304347826,
    "jewish": 0.8289384719405004,
    "latino": 0.767188999040614,
    "lgbtq": 0.8267842822774659,
    "mental_dis": 0.8405146007759852,
    "mexican": 0.8288690476190477,
    "middle_east": 0.9252761533463287,
    "muslim": 0.8953866146848602,
    "native_american": 0.8352941176470587,
    "physical_dis": 0.8754578754578755,
    "women": 0.884522854851644
  }
}