{
  "task": {
    "accuracy": 0.8582589285714286,
    "macro_f1": 0.8531577813135947,
    "binary_f1": 0.8257887517146776,
    "auc_roc": 0.9342398218829517,
    "precision": 0.8431372549019608,
    "recall": 0.8091397849462365
  },
  "causal": {
    "cfr": 0.022435897435897436,
    "ctfg": 0.02403966337442398,
    "n_pairs": 936,
    "mean_prob_orig": 0.46602851152420044,
    "mean_prob_cf": 0.4698145389556885,
    "per_group": {
      "asian": {
        "cfr": 0.058823529411764705,
        "ctfg": 0.04296652600169182,
        "count": 68
      },
      "muslim": {
        "cfr": 0.0,
        "ctfg": 0.015470336191356182,
        "count": 94
      },
      "disabled": {
        "cfr": 0.023255813953488372,
        "ctfg": 0.02591524086892605,
        "count": 43
      },
      "white": {
        "cfr": 0.0,
        "ctfg": 0.027022991329431534,
        "count": 61
      },
      "men": {
        "cfr": 0.031496062992125984,
        "ctfg": 0.02652900665998459,
        "count": 381
      },
      "women": {
        "cfr": 0.0055248618784530384,
        "ctfg": 0.01758437417447567,
        "count": 181
      },
      "jewish": {
        "cfr": 0.046511627906976744,
        "ctfg": 0.027324926108121872,
        "count": 43
      },
      "black": {
        "cfr": 0.0,
        "ctfg": 0.007873610593378544,
        "count": 33
      },
      "gay": {
        "cfr": 0.0,
        "ctfg": 0.01422481145709753,
        "count": 21
      },
      "christian": {
        "cfr": 0.09090909090909091,
        "ctfg": 0.030780529603362083,
        "count": 11
      }
    }
  },
  "group_fairness": {
    "fped": 0.5566241904907979,
    "fned": 0.7715840084193812,
    "per_group": {
      "asian": {
        "fpr": 0.15384615384615385,
        "fnr": 0.3225806451612903,
        "fpr_gap": 0.04697592483852027,
        "fnr_gap": 0.13172043010752688,
        "count": 70
      },
      "black": {
        "fpr": 0.15384615384615385,
        "fnr": 0.125,
        "fpr_gap": 0.04697592483852027,
        "fnr_gap": 0.06586021505376344,
        "count": 71
      },
      "chinese": {
        "fpr": 0.044444444444444446,
        "fnr": 0.2,
        "fpr_gap": 0.06242578456318914,
        "fnr_gap": 0.009139784946236573,
        "count": 70
      },
      "jewish": {
        "fpr": 0.09523809523809523,
        "fnr": 0.18518518518518517,
        "fpr_gap": 0.011632133769538353,
        "fnr_gap": 0.005675029868578263,
        "count": 69
      },
      "latino": {
        "fpr": 0.17391304347826086,
        "fnr": 0.24242424242424243,
        "fpr_gap": 0.06704281447062728,
        "fnr_gap": 0.05156402737047899,
        "count": 56
      },
      "lgbtq": {
        "fpr": 0.07142857142857142,
        "fnr": 0.2,
        "fpr_gap": 0.03544165757906216,
        "fnr_gap": 0.009139784946236573,
        "count": 72
      },
      "mental_dis": {
        "fpr": 0.14285714285714285,
        "fnr": 0.13793103448275862,
        "fpr_gap": 0.035986913849509264,
        "fnr_gap": 0.05292918057100482,
        "count": 71
      },
      "mexican": {
        "fpr": 0.022727272727272728,
        "fnr": 0.28,
        "fpr_gap": 0.08414295628036086,
        "fnr_gap": 0.08913978494623659,
        "count": 69
      },
      "middle_east": {
        "fpr": 0.05128205128205128,
        "fnr": 0.13333333333333333,
        "fpr_gap": 0.055588177725582305,
        "fnr_gap": 0.057526881720430106,
        "count": 69
      },
      "muslim": {
        "fpr": 0.10256410256410256,
        "fnr": 0.13333333333333333,
        "fpr_gap": 0.004306126443531025,
        "fnr_gap": 0.057526881720430106,
        "count": 69
      },
      "native_american": {
        "fpr": 0.11904761904761904,
        "fnr": 0.25,
        "fpr_gap": 0.012177390039985456,
        "fnr_gap": 0.05913978494623656,
        "count": 70
      },
      "physical_dis": {
        "fpr": 0.0975609756097561,
        "fnr": 0.2222222222222222,
        "fpr_gap": 0.009309253397877484,
        "fnr_gap": 0.03136200716845877,
        "count": 68
      },
      "women": {
        "fpr": 0.19148936170212766,
        "fnr": 0.04,
        "fpr_gap": 0.08461913269449407,
        "fnr_gap": 0.15086021505376343,
        "count": 72
      }
    }
  },
  "per_group_f1": {
    "asian": 0.7645079899074853,
    "black": 0.8584529505582137,
    "chinese": 0.8878975062914666,
    "jewish": 0.8621531631520533,
    "latino": 0.7832258064516129,
    "lgbtq": 0.8693284936479129,
    "mental_dis": 0.8556910569105691,
    "mexican": 0.8665377176015474,
    "middle_east": 0.9107758620689654,
    "muslim": 0.882051282051282,
    "native_american": 0.8191214470284238,
    "physical_dis": 0.8443223443223443,
    "women": 0.855653568564555
  }
}