{
  "task": {
    "accuracy": 0.859375,
    "macro_f1": 0.8547430830039526,
    "binary_f1": 0.828804347826087,
    "auc_roc": 0.9278477181318229,
    "precision": 0.8379120879120879,
    "recall": 0.8198924731182796
  },
  "causal": {
    "cfr": 0.02564102564102564,
    "ctfg": 0.019877120852470398,
    "n_pairs": 936,
    "mean_prob_orig": 0.4625944495201111,
    "mean_prob_cf": 0.4645019471645355,
    "per_group": {
      "asian": {
        "cfr": 0.014705882352941176,
        "ctfg": 0.02126365341246128,
        "count": 68
      },
      "muslim": {
        "cfr": 0.02127659574468085,
        "ctfg": 0.012076794169843197,
        "count": 94
      },
      "disabled": {
        "cfr": 0.0,
        "ctfg": 0.022804096341133118,
        "count": 43
      },
      "white": {
        "cfr": 0.01639344262295082,
        "ctfg": 0.03258947655558586,
        "count": 61
      },
      "men": {
        "cfr": 0.03412073490813648,
        "ctfg": 0.020443979650735855,
        "count": 381
      },
      "women": {
        "cfr": 0.016574585635359115,
        "ctfg": 0.01800774782896042,
        "count": 181
      },
      "jewish": {
        "cfr": 0.023255813953488372,
        "ctfg": 0.016016127541661263,
        "count": 43
      },
      "black": {
        "cfr": 0.0,
        "ctfg": 0.017763538286089897,
        "count": 33
      },
      "gay": {
        "cfr": 0.047619047619047616,
        "ctfg": 0.019457846879959106,
        "count": 21
      },
      "christian": {
        "cfr": 0.18181818181818182,
        "ctfg": 0.029385359957814217,
        "count": 11
      }
    }
  },
  "group_fairness": {
    "fped": 0.5955297500848857,
    "fned": 1.0516600375276683,
    "per_group": {
      "asian": {
        "fpr": 0.10256410256410256,
        "fnr": 0.3870967741935484,
        "fpr_gap": 0.010031317283225677,
        "fnr_gap": 0.20698924731182794,
        "count": 70
      },
      "black": {
        "fpr": 0.15384615384615385,
        "fnr": 0.125,
        "fpr_gap": 0.04125073399882562,
        "fnr_gap": 0.05510752688172044,
        "count": 71
      },
      "chinese": {
        "fpr": 0.1111111111111111,
        "fnr": 0.16,
        "fpr_gap": 0.0014843087362171326,
        "fnr_gap": 0.020107526881720433,
        "count": 70
      },
      "jewish": {
        "fpr": 0.14285714285714285,
        "fnr": 0.1111111111111111,
        "fpr_gap": 0.03026172300981461,
        "fnr_gap": 0.06899641577060933,
        "count": 69
      },
      "latino": {
        "fpr": 0.17391304347826086,
        "fnr": 0.2727272727272727,
        "fpr_gap": 0.06131762363093263,
        "fnr_gap": 0.09261974584555227,
        "count": 56
      },
      "lgbtq": {
        "fpr": 0.11904761904761904,
        "fnr": 0.13333333333333333,
        "fpr_gap": 0.0064521992002908035,
        "fnr_gap": 0.046774193548387105,
        "count": 72
      },
      "mental_dis": {
        "fpr": 0.16666666666666666,
        "fnr": 0.13793103448275862,
        "fpr_gap": 0.05407124681933842,
        "fnr_gap": 0.04217649239896182,
        "count": 71
      },
      "mexican": {
        "fpr": 0.022727272727272728,
        "fnr": 0.28,
        "fpr_gap": 0.0898681471200555,
        "fnr_gap": 0.09989247311827959,
        "count": 69
      },
      "middle_east": {
        "fpr": 0.02564102564102564,
        "fnr": 0.13333333333333333,
        "fpr_gap": 0.0869543942063026,
        "fnr_gap": 0.046774193548387105,
        "count": 69
      },
      "muslim": {
        "fpr": 0.02564102564102564,
        "fnr": 0.1,
        "fpr_gap": 0.0869543942063026,
        "fnr_gap": 0.08010752688172043,
        "count": 69
      },
      "native_american": {
        "fpr": 0.09523809523809523,
        "fnr": 0.25,
        "fpr_gap": 0.017357324609233005,
        "fnr_gap": 0.06989247311827956,
        "count": 70
      },
      "physical_dis": {
        "fpr": 0.12195121951219512,
        "fnr": 0.2222222222222222,
        "fpr_gap": 0.009355799664866882,
        "fnr_gap": 0.04211469534050177,
        "count": 68
      },
      "women": {
        "fpr": 0.2127659574468085,
        "fnr": 0.0,
        "fpr_gap": 0.10017053759948027,
        "fnr_gap": 0.18010752688172044,
        "count": 72
      }
    }
  },
  "per_group_f1": {
    "asian": 0.7588285960378984,
    "black": 0.8584529505582137,
    "chinese": 0.8612029081295438,
    "jewish": 0.8654970760233919,
    "latino": 0.7659916425586629,
    "lgbtq": 0.8720126407268418,
    "mental_dis": 0.8419348310058692,
    "mexican": 0.8665377176015474,
    "middle_east": 0.9252761533463287,
    "muslim": 0.9405172413793104,
    "native_american": 0.833008024289742,
    "physical_dis": 0.8299613548533757,
    "women": 0.8571428571428572
  }
}