{
  "task": {
    "accuracy": 0.8504464285714286,
    "macro_f1": 0.8460149388492161,
    "binary_f1": 0.8198924731182795,
    "auc_roc": 0.9284761552983667,
    "precision": 0.8198924731182796,
    "recall": 0.8198924731182796
  },
  "causal": {
    "cfr": 0.022435897435897436,
    "ctfg": 0.03069441206753254,
    "n_pairs": 936,
    "mean_prob_orig": 0.4901268482208252,
    "mean_prob_cf": 0.49351516366004944,
    "per_group": {
      "asian": {
        "cfr": 0.0,
        "ctfg": 0.026860475540161133,
        "count": 68
      },
      "muslim": {
        "cfr": 0.0,
        "ctfg": 0.01634187251329422,
        "count": 94
      },
      "disabled": {
        "cfr": 0.023255813953488372,
        "ctfg": 0.05603494122624397,
        "count": 43
      },
      "white": {
        "cfr": 0.08196721311475409,
        "ctfg": 0.056521568447351456,
        "count": 61
      },
      "men": {
        "cfr": 0.02099737532808399,
        "ctfg": 0.030292600393295288,
        "count": 381
      },
      "women": {
        "cfr": 0.027624309392265192,
        "ctfg": 0.026327744126319885,
        "count": 181
      },
      "jewish": {
        "cfr": 0.023255813953488372,
        "ctfg": 0.02731441892683506,
        "count": 43
      },
      "black": {
        "cfr": 0.0,
        "ctfg": 0.03785369545221329,
        "count": 33
      },
      "gay": {
        "cfr": 0.0,
        "ctfg": 0.02855582721531391,
        "count": 21
      },
      "christian": {
        "cfr": 0.09090909090909091,
        "ctfg": 0.016348497942090034,
        "count": 11
      }
    }
  },
  "group_fairness": {
    "fped": 0.8424905210980634,
    "fned": 0.897833445959141,
    "per_group": {
      "asian": {
        "fpr": 0.10256410256410256,
        "fnr": 0.41935483870967744,
        "fpr_gap": 0.02529849285574476,
        "fnr_gap": 0.239247311827957,
        "count": 70
      },
      "black": {
        "fpr": 0.23076923076923078,
        "fnr": 0.125,
        "fpr_gap": 0.10290663534938346,
        "fnr_gap": 0.05510752688172044,
        "count": 71
      },
      "chinese": {
        "fpr": 0.1111111111111111,
        "fnr": 0.16,
        "fpr_gap": 0.016751484308736214,
        "fnr_gap": 0.020107526881720433,
        "count": 70
      },
      "jewish": {
        "fpr": 0.14285714285714285,
        "fnr": 0.2222222222222222,
        "fpr_gap": 0.01499454743729553,
        "fnr_gap": 0.04211469534050177,
        "count": 69
      },
      "latino": {
        "fpr": 0.2608695652173913,
        "fnr": 0.2727272727272727,
        "fpr_gap": 0.13300696979754398,
        "fnr_gap": 0.09261974584555227,
        "count": 56
      },
      "lgbtq": {
        "fpr": 0.11904761904761904,
        "fnr": 0.13333333333333333,
        "fpr_gap": 0.008814976372228278,
        "fnr_gap": 0.046774193548387105,
        "count": 72
      },
      "mental_dis": {
        "fpr": 0.21428571428571427,
        "fnr": 0.13793103448275862,
        "fpr_gap": 0.08642311886586695,
        "fnr_gap": 0.04217649239896182,
        "count": 71
      },
      "mexican": {
        "fpr": 0.022727272727272728,
        "fnr": 0.2,
        "fpr_gap": 0.10513532269257458,
        "fnr_gap": 0.019892473118279574,
        "count": 69
      },
      "middle_east": {
        "fpr": 0.02564102564102564,
        "fnr": 0.13333333333333333,
        "fpr_gap": 0.10222156977882169,
        "fnr_gap": 0.046774193548387105,
        "count": 69
      },
      "muslim": {
        "fpr": 0.02564102564102564,
        "fnr": 0.13333333333333333,
        "fpr_gap": 0.10222156977882169,
        "fnr_gap": 0.046774193548387105,
        "count": 69
      },
      "native_american": {
        "fpr": 0.09523809523809523,
        "fnr": 0.21428571428571427,
        "fpr_gap": 0.032624500181752086,
        "fnr_gap": 0.03417818740399384,
        "count": 70
      },
      "physical_dis": {
        "fpr": 0.12195121951219512,
        "fnr": 0.14814814814814814,
        "fpr_gap": 0.0059113759076522,
        "fnr_gap": 0.0319593787335723,
        "count": 68
      },
      "women": {
        "fpr": 0.23404255319148937,
        "fnr": 0.0,
        "fpr_gap": 0.10617995777164205,
        "fnr_gap": 0.18010752688172044,
        "count": 72
      }
    }
  },
  "per_group_f1": {
    "asian": 0.7419214920841466,
    "black": 0.8167560055588644,
    "chinese": 0.8612029081295438,
    "jewish": 0.8174603174603174,
    "latino": 0.727891156462585,
    "lgbtq": 0.8720126407268418,
    "mental_dis": 0.8145469158127385,
    "mexican": 0.9021739130434783,
    "middle_east": 0.9252761533463287,
    "muslim": 0.9252761533463287,
    "native_american": 0.8492678725236864,
    "physical_dis": 0.8626262626262626,
    "women": 0.8435710053328067
  }
}