{
  "task": {
    "accuracy": 0.8582589285714286,
    "macro_f1": 0.8549664729776405,
    "binary_f1": 0.8331143232588699,
    "auc_roc": 0.9257956784043339,
    "precision": 0.8149100257069408,
    "recall": 0.8521505376344086
  },
  "causal": {
    "cfr": 0.014957264957264958,
    "ctfg": 0.015663407742977142,
    "n_pairs": 936,
    "mean_prob_orig": 0.47780922055244446,
    "mean_prob_cf": 0.47728338837623596,
    "per_group": {
      "asian": {
        "cfr": 0.029411764705882353,
        "ctfg": 0.020217085257172585,
        "count": 68
      },
      "muslim": {
        "cfr": 0.010638297872340425,
        "ctfg": 0.019427863880991936,
        "count": 94
      },
      "disabled": {
        "cfr": 0.0,
        "ctfg": 0.019241882488131523,
        "count": 43
      },
      "white": {
        "cfr": 0.0,
        "ctfg": 0.016480641439557076,
        "count": 61
      },
      "men": {
        "cfr": 0.02099737532808399,
        "ctfg": 0.01501256600022316,
        "count": 381
      },
      "women": {
        "cfr": 0.011049723756906077,
        "ctfg": 0.011944817379117012,
        "count": 181
      },
      "jewish": {
        "cfr": 0.023255813953488372,
        "ctfg": 0.015603369101881981,
        "count": 43
      },
      "black": {
        "cfr": 0.0,
        "ctfg": 0.014988301321864128,
        "count": 33
      },
      "gay": {
        "cfr": 0.0,
        "ctfg": 0.021574823185801506,
        "count": 21
      },
      "christian": {
        "cfr": 0.0,
        "ctfg": 0.011529001407325268,
        "count": 11
      }
    }
  },
  "group_fairness": {
    "fped": 0.7443942896788986,
    "fned": 0.6244476874524149,
    "per_group": {
      "asian": {
        "fpr": 0.15384615384615385,
        "fnr": 0.2903225806451613,
        "fpr_gap": 0.016441573693482092,
        "fnr_gap": 0.1424731182795699,
        "count": 70
      },
      "black": {
        "fpr": 0.1794871794871795,
        "fnr": 0.09375,
        "fpr_gap": 0.042082599334507725,
        "fnr_gap": 0.054099462365591405,
        "count": 71
      },
      "chinese": {
        "fpr": 0.1111111111111111,
        "fnr": 0.16,
        "fpr_gap": 0.026293469041560658,
        "fnr_gap": 0.012150537634408598,
        "count": 70
      },
      "jewish": {
        "fpr": 0.16666666666666666,
        "fnr": 0.14814814814814814,
        "fpr_gap": 0.029262086513994895,
        "fnr_gap": 0.0002986857825567346,
        "count": 69
      },
      "latino": {
        "fpr": 0.30434782608695654,
        "fnr": 0.21212121212121213,
        "fpr_gap": 0.16694324593428478,
        "fnr_gap": 0.06427174975562072,
        "count": 56
      },
      "lgbtq": {
        "fpr": 0.19047619047619047,
        "fnr": 0.13333333333333333,
        "fpr_gap": 0.0530716103235187,
        "fnr_gap": 0.014516129032258074,
        "count": 72
      },
      "mental_dis": {
        "fpr": 0.14285714285714285,
        "fnr": 0.13793103448275862,
        "fpr_gap": 0.005452562704471087,
        "fnr_gap": 0.009918427882832787,
        "count": 71
      },
      "mexican": {
        "fpr": 0.022727272727272728,
        "fnr": 0.2,
        "fpr_gap": 0.11467730742539903,
        "fnr_gap": 0.052150537634408606,
        "count": 69
      },
      "middle_east": {
        "fpr": 0.05128205128205128,
        "fnr": 0.06666666666666667,
        "fpr_gap": 0.08612252887062048,
        "fnr_gap": 0.08118279569892474,
        "count": 69
      },
      "muslim": {
        "fpr": 0.02564102564102564,
        "fnr": 0.13333333333333333,
        "fpr_gap": 0.11176355451164613,
        "fnr_gap": 0.014516129032258074,
        "count": 69
      },
      "native_american": {
        "fpr": 0.16666666666666666,
        "fnr": 0.17857142857142858,
        "fpr_gap": 0.029262086513994895,
        "fnr_gap": 0.03072196620583717,
        "count": 70
      },
      "physical_dis": {
        "fpr": 0.14634146341463414,
        "fnr": 0.14814814814814814,
        "fpr_gap": 0.008936883261962375,
        "fnr_gap": 0.0002986857825567346,
        "count": 68
      },
      "women": {
        "fpr": 0.19148936170212766,
        "fnr": 0.0,
        "fpr_gap": 0.054084781549455896,
        "fnr_gap": 0.1478494623655914,
        "count": 72
      }
    }
  },
  "per_group_f1": {
    "asian": 0.7802887633396107,
    "black": 0.8589030206677265,
    "chinese": 0.8612029081295438,
    "jewish": 0.8356075373619233,
    "latino": 0.7417654808959157,
    "lgbtq": 0.83125,
    "mental_dis": 0.8556910569105691,
    "mexican": 0.9021739130434783,
    "middle_east": 0.941025641025641,
    "muslim": 0.9252761533463287,
    "native_american": 0.8233809924306139,
    "physical_dis": 0.8482142857142858,
    "women": 0.8707876370887337
  }
}