{
  "task": {
    "accuracy": 0.8604910714285714,
    "macro_f1": 0.8579860648826166,
    "binary_f1": 0.8391248391248392,
    "auc_roc": 0.9322108676023969,
    "precision": 0.8049382716049382,
    "recall": 0.8763440860215054
  },
  "causal": {
    "cfr": 0.016025641025641024,
    "ctfg": 0.01941889151930809,
    "n_pairs": 936,
    "mean_prob_orig": 0.5058455467224121,
    "mean_prob_cf": 0.5092767477035522,
    "per_group": {
      "asian": {
        "cfr": 0.058823529411764705,
        "ctfg": 0.025862358510494232,
        "count": 68
      },
      "muslim": {
        "cfr": 0.0,
        "ctfg": 0.020552514120936394,
        "count": 94
      },
      "disabled": {
        "cfr": 0.0,
        "ctfg": 0.018103305250406265,
        "count": 43
      },
      "white": {
        "cfr": 0.03278688524590164,
        "ctfg": 0.023051796481013298,
        "count": 61
      },
      "men": {
        "cfr": 0.02099737532808399,
        "ctfg": 0.018614111468195915,
        "count": 381
      },
      "women": {
        "cfr": 0.0055248618784530384,
        "ctfg": 0.015934735536575317,
        "count": 181
      },
      "jewish": {
        "cfr": 0.0,
        "ctfg": 0.019937902688980103,
        "count": 43
      },
      "black": {
        "cfr": 0.0,
        "ctfg": 0.020438959822058678,
        "count": 33
      },
      "gay": {
        "cfr": 0.0,
        "ctfg": 0.02387213706970215,
        "count": 21
      },
      "christian": {
        "cfr": 0.0,
        "ctfg": 0.026510046795010567,
        "count": 11
      }
    }
  },
  "group_fairness": {
    "fped": 0.7510510703323598,
    "fned": 0.5466123534727539,
    "per_group": {
      "asian": {
        "fpr": 0.1794871794871795,
        "fnr": 0.22580645161290322,
        "fpr_gap": 0.028723820708553532,
        "fnr_gap": 0.1021505376344086,
        "count": 70
      },
      "black": {
        "fpr": 0.20512820512820512,
        "fnr": 0.0625,
        "fpr_gap": 0.054364846349579166,
        "fnr_gap": 0.061155913978494625,
        "count": 71
      },
      "chinese": {
        "fpr": 0.08888888888888889,
        "fnr": 0.12,
        "fpr_gap": 0.06187446988973706,
        "fnr_gap": 0.0036559139784946293,
        "count": 70
      },
      "jewish": {
        "fpr": 0.19047619047619047,
        "fnr": 0.1111111111111111,
        "fpr_gap": 0.03971283169756451,
        "fnr_gap": 0.01254480286738352,
        "count": 69
      },
      "latino": {
        "fpr": 0.30434782608695654,
        "fnr": 0.18181818181818182,
        "fpr_gap": 0.15358446730833059,
        "fnr_gap": 0.0581622678396872,
        "count": 56
      },
      "lgbtq": {
        "fpr": 0.16666666666666666,
        "fnr": 0.13333333333333333,
        "fpr_gap": 0.015903307888040702,
        "fnr_gap": 0.009677419354838707,
        "count": 72
      },
      "mental_dis": {
        "fpr": 0.16666666666666666,
        "fnr": 0.10344827586206896,
        "fpr_gap": 0.015903307888040702,
        "fnr_gap": 0.02020763811642566,
        "count": 71
      },
      "mexican": {
        "fpr": 0.045454545454545456,
        "fnr": 0.2,
        "fpr_gap": 0.1053088133240805,
        "fnr_gap": 0.07634408602150539,
        "count": 69
      },
      "middle_east": {
        "fpr": 0.05128205128205128,
        "fnr": 0.1,
        "fpr_gap": 0.09948130749657468,
        "fnr_gap": 0.02365591397849462,
        "count": 69
      },
      "muslim": {
        "fpr": 0.10256410256410256,
        "fnr": 0.1,
        "fpr_gap": 0.048199256214523395,
        "fnr_gap": 0.02365591397849462,
        "count": 69
      },
      "native_american": {
        "fpr": 0.16666666666666666,
        "fnr": 0.14285714285714285,
        "fpr_gap": 0.015903307888040702,
        "fnr_gap": 0.019201228878648224,
        "count": 70
      },
      "physical_dis": {
        "fpr": 0.12195121951219512,
        "fnr": 0.1111111111111111,
        "fpr_gap": 0.028812139266430836,
        "fnr_gap": 0.01254480286738352,
        "count": 68
      },
      "women": {
        "fpr": 0.23404255319148937,
        "fnr": 0.0,
        "fpr_gap": 0.08327919441286341,
        "fnr_gap": 0.12365591397849462,
        "count": 72
      }
    }
  },
  "per_group_f1": {
    "asian": 0.7973531844499586,
    "black": 0.8591269841269842,
    "chinese": 0.8920467063229787,
    "jewish": 0.8371594078523921,
    "latino": 0.7585406301824212,
    "lgbtq": 0.8447971781305115,
    "mental_dis": 0.8568548387096775,
    "mexican": 0.8870703764320786,
    "middle_east": 0.9259815490238146,
    "muslim": 0.8971684053651268,
    "native_american": 0.8388784264490479,
    "physical_dis": 0.8785714285714286,
    "women": 0.8435710053328067
  }
}