{
  "task": {
    "accuracy": 0.8526785714285714,
    "macro_f1": 0.849204406364749,
    "binary_f1": 0.8263157894736842,
    "auc_roc": 0.9290173807764919,
    "precision": 0.8092783505154639,
    "recall": 0.8440860215053764
  },
  "causal": {
    "cfr": 0.027777777777777776,
    "ctfg": 0.033279288560152054,
    "n_pairs": 936,
    "mean_prob_orig": 0.5013492703437805,
    "mean_prob_cf": 0.5065357685089111,
    "per_group": {
      "asian": {
        "cfr": 0.04411764705882353,
        "ctfg": 0.04841133952140808,
        "count": 68
      },
      "muslim": {
        "cfr": 0.031914893617021274,
        "ctfg": 0.03381076827645302,
        "count": 94
      },
      "disabled": {
        "cfr": 0.046511627906976744,
        "ctfg": 0.04716991260647774,
        "count": 43
      },
      "white": {
        "cfr": 0.01639344262295082,
        "ctfg": 0.04038812592625618,
        "count": 61
      },
      "men": {
        "cfr": 0.031496062992125984,
        "ctfg": 0.029765505343675613,
        "count": 381
      },
      "women": {
        "cfr": 0.022099447513812154,
        "ctfg": 0.027713483199477196,
        "count": 181
      },
      "jewish": {
        "cfr": 0.0,
        "ctfg": 0.026216931641101837,
        "count": 43
      },
      "black": {
        "cfr": 0.030303030303030304,
        "ctfg": 0.030984120443463326,
        "count": 33
      },
      "gay": {
        "cfr": 0.0,
        "ctfg": 0.0726892277598381,
        "count": 21
      },
      "christian": {
        "cfr": 0.0,
        "ctfg": 0.014015824533998966,
        "count": 11
      }
    }
  },
  "group_fairness": {
    "fped": 0.5628122853680206,
    "fned": 0.7562624844771674,
    "per_group": {
      "asian": {
        "fpr": 0.1794871794871795,
        "fnr": 0.22580645161290322,
        "fpr_gap": 0.03826580544137795,
        "fnr_gap": 0.06989247311827956,
        "count": 70
      },
      "black": {
        "fpr": 0.1794871794871795,
        "fnr": 0.125,
        "fpr_gap": 0.03826580544137795,
        "fnr_gap": 0.030913978494623656,
        "count": 71
      },
      "chinese": {
        "fpr": 0.08888888888888889,
        "fnr": 0.12,
        "fpr_gap": 0.05233248515691265,
        "fnr_gap": 0.03591397849462366,
        "count": 70
      },
      "jewish": {
        "fpr": 0.14285714285714285,
        "fnr": 0.18518518518518517,
        "fpr_gap": 0.0016357688113413094,
        "fnr_gap": 0.02927120669056152,
        "count": 69
      },
      "latino": {
        "fpr": 0.2608695652173913,
        "fnr": 0.3333333333333333,
        "fpr_gap": 0.11964819117158976,
        "fnr_gap": 0.17741935483870966,
        "count": 56
      },
      "lgbtq": {
        "fpr": 0.16666666666666666,
        "fnr": 0.13333333333333333,
        "fpr_gap": 0.025445292620865118,
        "fnr_gap": 0.022580645161290325,
        "count": 72
      },
      "mental_dis": {
        "fpr": 0.14285714285714285,
        "fnr": 0.20689655172413793,
        "fpr_gap": 0.0016357688113413094,
        "fnr_gap": 0.05098257322951427,
        "count": 71
      },
      "mexican": {
        "fpr": 0.06818181818181818,
        "fnr": 0.16,
        "fpr_gap": 0.07303955586398336,
        "fnr_gap": 0.004086021505376347,
        "count": 69
      },
      "middle_east": {
        "fpr": 0.05128205128205128,
        "fnr": 0.06666666666666667,
        "fpr_gap": 0.08993932276375026,
        "fnr_gap": 0.08924731182795699,
        "count": 69
      },
      "muslim": {
        "fpr": 0.10256410256410256,
        "fnr": 0.13333333333333333,
        "fpr_gap": 0.03865727148169898,
        "fnr_gap": 0.022580645161290325,
        "count": 69
      },
      "native_american": {
        "fpr": 0.16666666666666666,
        "fnr": 0.17857142857142858,
        "fpr_gap": 0.025445292620865118,
        "fnr_gap": 0.02265745007680492,
        "count": 70
      },
      "physical_dis": {
        "fpr": 0.17073170731707318,
        "fnr": 0.1111111111111111,
        "fpr_gap": 0.029510333271271644,
        "fnr_gap": 0.04480286738351255,
        "count": 68
      },
      "women": {
        "fpr": 0.1702127659574468,
        "fnr": 0.0,
        "fpr_gap": 0.028991391911645265,
        "fnr_gap": 0.15591397849462366,
        "count": 72
      }
    }
  },
  "per_group_f1": {
    "asian": 0.7973531844499586,
    "black": 0.8445771144278607,
    "chinese": 0.8920467063229787,
    "jewish": 0.8337349397590361,
    "latino": 0.6939890710382512,
    "lgbtq": 0.8447971781305115,
    "mental_dis": 0.8251231527093597,
    "mexican": 0.8892455858747994,
    "middle_east": 0.941025641025641,
    "muslim": 0.882051282051282,
    "native_american": 0.8233809924306139,
    "physical_dis": 0.8496905393457117,
    "women": 0.884522854851644
  }
}