{
  "task": {
    "accuracy": 0.8638392857142857,
    "macro_f1": 0.8607242055908061,
    "binary_f1": 0.8398950131233597,
    "auc_roc": 0.9373666174177133,
    "precision": 0.8205128205128205,
    "recall": 0.8602150537634409
  },
  "causal": {
    "cfr": 0.0202991452991453,
    "ctfg": 0.023953985422849655,
    "n_pairs": 936,
    "mean_prob_orig": 0.510996401309967,
    "mean_prob_cf": 0.5139598846435547,
    "per_group": {
      "asian": {
        "cfr": 0.04411764705882353,
        "ctfg": 0.039460714906454086,
        "count": 68
      },
      "muslim": {
        "cfr": 0.02127659574468085,
        "ctfg": 0.023882711306214333,
        "count": 94
      },
      "disabled": {
        "cfr": 0.0,
        "ctfg": 0.018062986433506012,
        "count": 43
      },
      "white": {
        "cfr": 0.01639344262295082,
        "ctfg": 0.023485099896788597,
        "count": 61
      },
      "men": {
        "cfr": 0.026246719160104987,
        "ctfg": 0.02371712401509285,
        "count": 381
      },
      "women": {
        "cfr": 0.0055248618784530384,
        "ctfg": 0.020054923370480537,
        "count": 181
      },
      "jewish": {
        "cfr": 0.0,
        "ctfg": 0.022349759936332703,
        "count": 43
      },
      "black": {
        "cfr": 0.06060606060606061,
        "ctfg": 0.02912629209458828,
        "count": 33
      },
      "gay": {
        "cfr": 0.0,
        "ctfg": 0.023873962461948395,
        "count": 21
      },
      "christian": {
        "cfr": 0.0,
        "ctfg": 0.01760011911392212,
        "count": 11
      }
    }
  },
  "group_fairness": {
    "fped": 0.6043568804180104,
    "fned": 0.6156254878891143,
    "per_group": {
      "asian": {
        "fpr": 0.1794871794871795,
        "fnr": 0.2903225806451613,
        "fpr_gap": 0.0458993932276375,
        "fnr_gap": 0.15053763440860218,
        "count": 70
      },
      "black": {
        "fpr": 0.20512820512820512,
        "fnr": 0.125,
        "fpr_gap": 0.07154041886866314,
        "fnr_gap": 0.014784946236559127,
        "count": 71
      },
      "chinese": {
        "fpr": 0.1111111111111111,
        "fnr": 0.12,
        "fpr_gap": 0.02247667514843088,
        "fnr_gap": 0.01978494623655913,
        "count": 70
      },
      "jewish": {
        "fpr": 0.14285714285714285,
        "fnr": 0.1111111111111111,
        "fpr_gap": 0.009269356597600864,
        "fnr_gap": 0.02867383512544802,
        "count": 69
      },
      "latino": {
        "fpr": 0.21739130434782608,
        "fnr": 0.21212121212121213,
        "fpr_gap": 0.0838035180882841,
        "fnr_gap": 0.072336265884653,
        "count": 56
      },
      "lgbtq": {
        "fpr": 0.14285714285714285,
        "fnr": 0.1,
        "fpr_gap": 0.009269356597600864,
        "fnr_gap": 0.03978494623655912,
        "count": 72
      },
      "mental_dis": {
        "fpr": 0.14285714285714285,
        "fnr": 0.10344827586206896,
        "fpr_gap": 0.009269356597600864,
        "fnr_gap": 0.03633667037449016,
        "count": 71
      },
      "mexican": {
        "fpr": 0.045454545454545456,
        "fnr": 0.16,
        "fpr_gap": 0.08813324080499653,
        "fnr_gap": 0.020215053763440877,
        "count": 69
      },
      "middle_east": {
        "fpr": 0.05128205128205128,
        "fnr": 0.1,
        "fpr_gap": 0.0823057349774907,
        "fnr_gap": 0.03978494623655912,
        "count": 69
      },
      "muslim": {
        "fpr": 0.05128205128205128,
        "fnr": 0.13333333333333333,
        "fpr_gap": 0.0823057349774907,
        "fnr_gap": 0.006451612903225795,
        "count": 69
      },
      "native_american": {
        "fpr": 0.14285714285714285,
        "fnr": 0.17857142857142858,
        "fpr_gap": 0.009269356597600864,
        "fnr_gap": 0.03878648233486945,
        "count": 70
      },
      "physical_dis": {
        "fpr": 0.12195121951219512,
        "fnr": 0.14814814814814814,
        "fpr_gap": 0.011636566747346866,
        "fnr_gap": 0.008363201911589013,
        "count": 68
      },
      "women": {
        "fpr": 0.2127659574468085,
        "fnr": 0.0,
        "fpr_gap": 0.07917817118726653,
        "fnr_gap": 0.13978494623655913,
        "count": 72
      }
    }
  },
  "per_group_f1": {
    "asian": 0.7666666666666666,
    "black": 0.8306836248012719,
    "chinese": 0.8776223776223777,
    "jewish": 0.8654970760233919,
    "latino": 0.78125,
    "lgbtq": 0.873015873015873,
    "mental_dis": 0.8706739526411658,
    "mexican": 0.9041666666666666,
    "middle_east": 0.9259815490238146,
    "muslim": 0.9107758620689654,
    "native_american": 0.8372437116888607,
    "physical_dis": 0.8626262626262626,
    "women": 0.8571428571428572
  }
}