{
  "task": {
    "accuracy": 0.8549107142857143,
    "macro_f1": 0.8494927098031311,
    "binary_f1": 0.8209366391184573,
    "auc_roc": 0.9296073421981449,
    "precision": 0.8418079096045198,
    "recall": 0.8010752688172043
  },
  "causal": {
    "cfr": 0.017094017094017096,
    "ctfg": 0.016900837421417236,
    "n_pairs": 936,
    "mean_prob_orig": 0.47145429253578186,
    "mean_prob_cf": 0.47326093912124634,
    "per_group": {
      "asian": {
        "cfr": 0.029411764705882353,
        "ctfg": 0.0280805304646492,
        "count": 68
      },
      "muslim": {
        "cfr": 0.0,
        "ctfg": 0.009556135162711143,
        "count": 94
      },
      "disabled": {
        "cfr": 0.023255813953488372,
        "ctfg": 0.018288802355527878,
        "count": 43
      },
      "white": {
        "cfr": 0.03278688524590164,
        "ctfg": 0.026644600555300713,
        "count": 61
      },
      "men": {
        "cfr": 0.026246719160104987,
        "ctfg": 0.018413815647363663,
        "count": 381
      },
      "women": {
        "cfr": 0.0055248618784530384,
        "ctfg": 0.010930035263299942,
        "count": 181
      },
      "jewish": {
        "cfr": 0.0,
        "ctfg": 0.01629963517189026,
        "count": 43
      },
      "black": {
        "cfr": 0.0,
        "ctfg": 0.010403087362647057,
        "count": 33
      },
      "gay": {
        "cfr": 0.0,
        "ctfg": 0.011989501304924488,
        "count": 21
      },
      "christian": {
        "cfr": 0.0,
        "ctfg": 0.02815684862434864,
        "count": 11
      }
    }
  },
  "group_fairness": {
    "fped": 0.5926019346091524,
    "fned": 0.8711287560439395,
    "per_group": {
      "asian": {
        "fpr": 0.15384615384615385,
        "fnr": 0.3225806451612903,
        "fpr_gap": 0.04697592483852027,
        "fnr_gap": 0.12365591397849462,
        "count": 70
      },
      "black": {
        "fpr": 0.1794871794871795,
        "fnr": 0.15625,
        "fpr_gap": 0.0726169504795459,
        "fnr_gap": 0.04267473118279569,
        "count": 71
      },
      "chinese": {
        "fpr": 0.044444444444444446,
        "fnr": 0.12,
        "fpr_gap": 0.06242578456318914,
        "fnr_gap": 0.0789247311827957,
        "count": 70
      },
      "jewish": {
        "fpr": 0.14285714285714285,
        "fnr": 0.25925925925925924,
        "fpr_gap": 0.035986913849509264,
        "fnr_gap": 0.060334528076463556,
        "count": 69
      },
      "latino": {
        "fpr": 0.13043478260869565,
        "fnr": 0.30303030303030304,
        "fpr_gap": 0.023564553601062063,
        "fnr_gap": 0.10410557184750735,
        "count": 56
      },
      "lgbtq": {
        "fpr": 0.09523809523809523,
        "fnr": 0.16666666666666666,
        "fpr_gap": 0.011632133769538353,
        "fnr_gap": 0.03225806451612903,
        "count": 72
      },
      "mental_dis": {
        "fpr": 0.16666666666666666,
        "fnr": 0.1724137931034483,
        "fpr_gap": 0.05979643765903307,
        "fnr_gap": 0.0265109380793474,
        "count": 71
      },
      "mexican": {
        "fpr": 0.022727272727272728,
        "fnr": 0.28,
        "fpr_gap": 0.08414295628036086,
        "fnr_gap": 0.08107526881720434,
        "count": 69
      },
      "middle_east": {
        "fpr": 0.02564102564102564,
        "fnr": 0.13333333333333333,
        "fpr_gap": 0.08122920336660794,
        "fnr_gap": 0.06559139784946236,
        "count": 69
      },
      "muslim": {
        "fpr": 0.07692307692307693,
        "fnr": 0.16666666666666666,
        "fpr_gap": 0.029947152084556658,
        "fnr_gap": 0.03225806451612903,
        "count": 69
      },
      "native_american": {
        "fpr": 0.09523809523809523,
        "fnr": 0.25,
        "fpr_gap": 0.011632133769538353,
        "fnr_gap": 0.05107526881720431,
        "count": 70
      },
      "physical_dis": {
        "fpr": 0.0975609756097561,
        "fnr": 0.18518518518518517,
        "fpr_gap": 0.009309253397877484,
        "fnr_gap": 0.013739545997610514,
        "count": 68
      },
      "women": {
        "fpr": 0.1702127659574468,
        "fnr": 0.04,
        "fpr_gap": 0.06334253694981322,
        "fnr_gap": 0.15892473118279568,
        "count": 72
      }
    }
  },
  "per_group_f1": {
    "asian": 0.7645079899074853,
    "black": 0.8301435406698565,
    "chinese": 0.9215070643642072,
    "jewish": 0.8008879023307436,
    "latino": 0.767188999040614,
    "lgbtq": 0.8707876370887337,
    "mental_dis": 0.8268292682926829,
    "mexican": 0.8665377176015474,
    "middle_east": 0.9252761533463287,
    "muslim": 0.8810344827586207,
    "native_american": 0.833008024289742,
    "physical_dis": 0.860877472152762,
    "women": 0.8693284936479129
  }
}