{
  "task": {
    "accuracy": 0.8537946428571429,
    "macro_f1": 0.8468346088851482,
    "binary_f1": 0.8141843971631205,
    "auc_roc": 0.9250005130099319,
    "precision": 0.8618618618618619,
    "recall": 0.771505376344086
  },
  "causal": {
    "cfr": 0.023504273504273504,
    "ctfg": 0.02731427736580372,
    "n_pairs": 936,
    "mean_prob_orig": 0.44900017976760864,
    "mean_prob_cf": 0.4507629871368408,
    "per_group": {
      "asian": {
        "cfr": 0.014705882352941176,
        "ctfg": 0.03363550826907158,
        "count": 68
      },
      "muslim": {
        "cfr": 0.0,
        "ctfg": 0.01840054802596569,
        "count": 94
      },
      "disabled": {
        "cfr": 0.023255813953488372,
        "ctfg": 0.05292463302612305,
        "count": 43
      },
      "white": {
        "cfr": 0.08196721311475409,
        "ctfg": 0.04733293876051903,
        "count": 61
      },
      "men": {
        "cfr": 0.03412073490813648,
        "ctfg": 0.026269562542438507,
        "count": 381
      },
      "women": {
        "cfr": 0.011049723756906077,
        "ctfg": 0.022501463070511818,
        "count": 181
      },
      "jewish": {
        "cfr": 0.0,
        "ctfg": 0.019763071089982986,
        "count": 43
      },
      "black": {
        "cfr": 0.0,
        "ctfg": 0.01944092847406864,
        "count": 33
      },
      "gay": {
        "cfr": 0.0,
        "ctfg": 0.03029515966773033,
        "count": 21
      },
      "christian": {
        "cfr": 0.0,
        "ctfg": 0.01610906794667244,
        "count": 11
      }
    }
  },
  "group_fairness": {
    "fped": 0.555007172699835,
    "fned": 1.1921273644062853,
    "per_group": {
      "asian": {
        "fpr": 0.15384615384615385,
        "fnr": 0.3870967741935484,
        "fpr_gap": 0.06605989430416913,
        "fnr_gap": 0.1586021505376344,
        "count": 70
      },
      "black": {
        "fpr": 0.1794871794871795,
        "fnr": 0.15625,
        "fpr_gap": 0.09170091994519476,
        "fnr_gap": 0.07224462365591397,
        "count": 71
      },
      "chinese": {
        "fpr": 0.044444444444444446,
        "fnr": 0.16,
        "fpr_gap": 0.04334181509754028,
        "fnr_gap": 0.06849462365591397,
        "count": 70
      },
      "jewish": {
        "fpr": 0.07142857142857142,
        "fnr": 0.2222222222222222,
        "fpr_gap": 0.016357688113413302,
        "fnr_gap": 0.00627240143369176,
        "count": 69
      },
      "latino": {
        "fpr": 0.08695652173913043,
        "fnr": 0.3939393939393939,
        "fpr_gap": 0.000829737802854294,
        "fnr_gap": 0.16544477028347995,
        "count": 56
      },
      "lgbtq": {
        "fpr": 0.047619047619047616,
        "fnr": 0.16666666666666666,
        "fpr_gap": 0.04016721192293711,
        "fnr_gap": 0.06182795698924731,
        "count": 72
      },
      "mental_dis": {
        "fpr": 0.11904761904761904,
        "fnr": 0.13793103448275862,
        "fpr_gap": 0.031261359505634315,
        "fnr_gap": 0.09056358917315535,
        "count": 71
      },
      "mexican": {
        "fpr": 0.0,
        "fnr": 0.36,
        "fpr_gap": 0.08778625954198473,
        "fnr_gap": 0.13150537634408602,
        "count": 69
      },
      "middle_east": {
        "fpr": 0.05128205128205128,
        "fnr": 0.16666666666666666,
        "fpr_gap": 0.036504208259933446,
        "fnr_gap": 0.06182795698924731,
        "count": 69
      },
      "muslim": {
        "fpr": 0.05128205128205128,
        "fnr": 0.16666666666666666,
        "fpr_gap": 0.036504208259933446,
        "fnr_gap": 0.06182795698924731,
        "count": 69
      },
      "native_american": {
        "fpr": 0.09523809523809523,
        "fnr": 0.2857142857142857,
        "fpr_gap": 0.0074518356961105064,
        "fnr_gap": 0.05721966205837173,
        "count": 70
      },
      "physical_dis": {
        "fpr": 0.07317073170731707,
        "fnr": 0.2962962962962963,
        "fpr_gap": 0.014615527834667658,
        "fnr_gap": 0.06780167264038231,
        "count": 68
      },
      "women": {
        "fpr": 0.1702127659574468,
        "fnr": 0.04,
        "fpr_gap": 0.08242650641546208,
        "fnr_gap": 0.18849462365591396,
        "count": 72
      }
    }
  },
  "per_group_f1": {
    "asian": 0.732142857142857,
    "black": 0.8301435406698565,
    "chinese": 0.904891304347826,
    "jewish": 0.8600405679513186,
    "latino": 0.7320574162679425,
    "lgbtq": 0.8983666061705988,
    "mental_dis": 0.8695119460894425,
    "mexican": 0.8438521498617048,
    "middle_east": 0.8953866146848602,
    "muslim": 0.8953866146848602,
    "native_american": 0.8164335664335665,
    "physical_dis": 0.8245367112362186,
    "women": 0.8693284936479129
  }
}