{
  "task": {
    "accuracy": 0.8549107142857143,
    "macro_f1": 0.8483767670719325,
    "binary_f1": 0.8169014084507042,
    "auc_roc": 0.9251518509398342,
    "precision": 0.8579881656804734,
    "recall": 0.7795698924731183
  },
  "causal": {
    "cfr": 0.03739316239316239,
    "ctfg": 0.038254786282777786,
    "n_pairs": 936,
    "mean_prob_orig": 0.4471193850040436,
    "mean_prob_cf": 0.45102038979530334,
    "per_group": {
      "asian": {
        "cfr": 0.058823529411764705,
        "ctfg": 0.04188151657581329,
        "count": 68
      },
      "muslim": {
        "cfr": 0.010638297872340425,
        "ctfg": 0.0251975916326046,
        "count": 94
      },
      "disabled": {
        "cfr": 0.046511627906976744,
        "ctfg": 0.06376267224550247,
        "count": 43
      },
      "white": {
        "cfr": 0.03278688524590164,
        "ctfg": 0.046987809240818024,
        "count": 61
      },
      "men": {
        "cfr": 0.03674540682414698,
        "ctfg": 0.034742388874292374,
        "count": 381
      },
      "women": {
        "cfr": 0.03867403314917127,
        "ctfg": 0.03617772459983826,
        "count": 181
      },
      "jewish": {
        "cfr": 0.046511627906976744,
        "ctfg": 0.03111160546541214,
        "count": 43
      },
      "black": {
        "cfr": 0.030303030303030304,
        "ctfg": 0.03670068457722664,
        "count": 33
      },
      "gay": {
        "cfr": 0.09523809523809523,
        "ctfg": 0.09135909378528595,
        "count": 21
      },
      "christian": {
        "cfr": 0.0,
        "ctfg": 0.06631205230951309,
        "count": 11
      }
    }
  },
  "group_fairness": {
    "fped": 0.5422024126755793,
    "fned": 0.9521559743041945,
    "per_group": {
      "asian": {
        "fpr": 0.07692307692307693,
        "fnr": 0.2903225806451613,
        "fpr_gap": 0.014679976512037576,
        "fnr_gap": 0.06989247311827959,
        "count": 70
      },
      "black": {
        "fpr": 0.1794871794871795,
        "fnr": 0.09375,
        "fpr_gap": 0.08788412605206498,
        "fnr_gap": 0.12668010752688172,
        "count": 71
      },
      "chinese": {
        "fpr": 0.044444444444444446,
        "fnr": 0.2,
        "fpr_gap": 0.04715860899067006,
        "fnr_gap": 0.020430107526881708,
        "count": 70
      },
      "jewish": {
        "fpr": 0.09523809523809523,
        "fnr": 0.25925925925925924,
        "fpr_gap": 0.003635041802980729,
        "fnr_gap": 0.038829151732377526,
        "count": 69
      },
      "latino": {
        "fpr": 0.17391304347826086,
        "fnr": 0.3333333333333333,
        "fpr_gap": 0.08230999004314636,
        "fnr_gap": 0.1129032258064516,
        "count": 56
      },
      "lgbtq": {
        "fpr": 0.14285714285714285,
        "fnr": 0.26666666666666666,
        "fpr_gap": 0.051254089422028346,
        "fnr_gap": 0.046236559139784944,
        "count": 72
      },
      "mental_dis": {
        "fpr": 0.09523809523809523,
        "fnr": 0.20689655172413793,
        "fpr_gap": 0.003635041802980729,
        "fnr_gap": 0.01353355580274379,
        "count": 71
      },
      "mexican": {
        "fpr": 0.0,
        "fnr": 0.32,
        "fpr_gap": 0.0916030534351145,
        "fnr_gap": 0.09956989247311829,
        "count": 69
      },
      "middle_east": {
        "fpr": 0.02564102564102564,
        "fnr": 0.16666666666666666,
        "fpr_gap": 0.06596202779408886,
        "fnr_gap": 0.05376344086021506,
        "count": 69
      },
      "muslim": {
        "fpr": 0.07692307692307693,
        "fnr": 0.13333333333333333,
        "fpr_gap": 0.014679976512037576,
        "fnr_gap": 0.08709677419354839,
        "count": 69
      },
      "native_american": {
        "fpr": 0.09523809523809523,
        "fnr": 0.32142857142857145,
        "fpr_gap": 0.003635041802980729,
        "fnr_gap": 0.10099846390168973,
        "count": 70
      },
      "physical_dis": {
        "fpr": 0.07317073170731707,
        "fnr": 0.2222222222222222,
        "fpr_gap": 0.018432321727797435,
        "fnr_gap": 0.001792114695340491,
        "count": 68
      },
      "women": {
        "fpr": 0.14893617021276595,
        "fnr": 0.04,
        "fpr_gap": 0.05733311677765145,
        "fnr_gap": 0.1804301075268817,
        "count": 72
      }
    }
  },
  "per_group_f1": {
    "asian": 0.8214285714285714,
    "black": 0.8589030206677265,
    "chinese": 0.8878975062914666,
    "jewish": 0.8289384719405004,
    "latino": 0.7313719219699393,
    "lgbtq": 0.7979149959903769,
    "mental_dis": 0.8525747508305648,
    "mexican": 0.8630952380952381,
    "middle_east": 0.909843205574913,
    "muslim": 0.8963741686333405,
    "native_american": 0.7995153117426748,
    "physical_dis": 0.8588235294117648,
    "women": 0.8831168831168832
  }
}