{
  "task": {
    "accuracy": 0.8694196428571429,
    "macro_f1": 0.8641169585488804,
    "binary_f1": 0.8372739916550765,
    "auc_roc": 0.931077115652959,
    "precision": 0.8674351585014409,
    "recall": 0.8091397849462365
  },
  "causal": {
    "cfr": 0.035256410256410256,
    "ctfg": 0.021539002656936646,
    "n_pairs": 936,
    "mean_prob_orig": 0.4446501135826111,
    "mean_prob_cf": 0.4462185204029083,
    "per_group": {
      "asian": {
        "cfr": 0.058823529411764705,
        "ctfg": 0.029415292665362358,
        "count": 68
      },
      "muslim": {
        "cfr": 0.05319148936170213,
        "ctfg": 0.016920967027544975,
        "count": 94
      },
      "disabled": {
        "cfr": 0.023255813953488372,
        "ctfg": 0.022300980985164642,
        "count": 43
      },
      "white": {
        "cfr": 0.03278688524590164,
        "ctfg": 0.029674051329493523,
        "count": 61
      },
      "men": {
        "cfr": 0.03412073490813648,
        "ctfg": 0.021493520587682724,
        "count": 381
      },
      "women": {
        "cfr": 0.022099447513812154,
        "ctfg": 0.017499668523669243,
        "count": 181
      },
      "jewish": {
        "cfr": 0.0,
        "ctfg": 0.011195619590580463,
        "count": 43
      },
      "black": {
        "cfr": 0.030303030303030304,
        "ctfg": 0.024033894762396812,
        "count": 33
      },
      "gay": {
        "cfr": 0.047619047619047616,
        "ctfg": 0.03499782830476761,
        "count": 21
      },
      "christian": {
        "cfr": 0.18181818181818182,
        "ctfg": 0.03951643034815788,
        "count": 11
      }
    }
  },
  "group_fairness": {
    "fped": 0.4528524716089638,
    "fned": 1.0812398797284781,
    "per_group": {
      "asian": {
        "fpr": 0.07692307692307693,
        "fnr": 0.3870967741935484,
        "fpr_gap": 0.010863182618907799,
        "fnr_gap": 0.19623655913978494,
        "count": 70
      },
      "black": {
        "fpr": 0.1794871794871795,
        "fnr": 0.09375,
        "fpr_gap": 0.09170091994519476,
        "fnr_gap": 0.09711021505376344,
        "count": 71
      },
      "chinese": {
        "fpr": 0.06666666666666667,
        "fnr": 0.12,
        "fpr_gap": 0.02111959287531806,
        "fnr_gap": 0.07086021505376344,
        "count": 70
      },
      "jewish": {
        "fpr": 0.11904761904761904,
        "fnr": 0.2222222222222222,
        "fpr_gap": 0.031261359505634315,
        "fnr_gap": 0.03136200716845877,
        "count": 69
      },
      "latino": {
        "fpr": 0.08695652173913043,
        "fnr": 0.24242424242424243,
        "fpr_gap": 0.000829737802854294,
        "fnr_gap": 0.05156402737047899,
        "count": 56
      },
      "lgbtq": {
        "fpr": 0.07142857142857142,
        "fnr": 0.16666666666666666,
        "fpr_gap": 0.016357688113413302,
        "fnr_gap": 0.02419354838709678,
        "count": 72
      },
      "mental_dis": {
        "fpr": 0.14285714285714285,
        "fnr": 0.13793103448275862,
        "fpr_gap": 0.05507088331515812,
        "fnr_gap": 0.05292918057100482,
        "count": 71
      },
      "mexican": {
        "fpr": 0.022727272727272728,
        "fnr": 0.28,
        "fpr_gap": 0.065058986814712,
        "fnr_gap": 0.08913978494623659,
        "count": 69
      },
      "middle_east": {
        "fpr": 0.02564102564102564,
        "fnr": 0.16666666666666666,
        "fpr_gap": 0.062145233900959086,
        "fnr_gap": 0.02419354838709678,
        "count": 69
      },
      "muslim": {
        "fpr": 0.05128205128205128,
        "fnr": 0.1,
        "fpr_gap": 0.036504208259933446,
        "fnr_gap": 0.09086021505376343,
        "count": 69
      },
      "native_american": {
        "fpr": 0.09523809523809523,
        "fnr": 0.32142857142857145,
        "fpr_gap": 0.0074518356961105064,
        "fnr_gap": 0.13056835637480801,
        "count": 70
      },
      "physical_dis": {
        "fpr": 0.07317073170731707,
        "fnr": 0.2222222222222222,
        "fpr_gap": 0.014615527834667658,
        "fnr_gap": 0.03136200716845877,
        "count": 68
      },
      "women": {
        "fpr": 0.1276595744680851,
        "fnr": 0.0,
        "fpr_gap": 0.03987331492610037,
        "fnr_gap": 0.19086021505376344,
        "count": 72
      }
    }
  },
  "per_group_f1": {
    "asian": 0.7722836694860117,
    "black": 0.8589030206677265,
    "chinese": 0.9066666666666667,
    "jewish": 0.8315205327413984,
    "latino": 0.8205128205128205,
    "lgbtq": 0.884522854851644,
    "mental_dis": 0.8556910569105691,
    "mexican": 0.8665377176015474,
    "middle_east": 0.909843205574913,
    "muslim": 0.9259815490238146,
    "native_american": 0.7995153117426748,
    "physical_dis": 0.8588235294117648,
    "women": 0.9123376623376623
  }
}