{
  "task": {
    "accuracy": 0.8404017857142857,
    "macro_f1": 0.8365812253602144,
    "binary_f1": 0.8115942028985508,
    "auc_roc": 0.9217172494459491,
    "precision": 0.7958656330749354,
    "recall": 0.8279569892473119
  },
  "causal": {
    "cfr": 0.03739316239316239,
    "ctfg": 0.03024393878877163,
    "n_pairs": 936,
    "mean_prob_orig": 0.48166370391845703,
    "mean_prob_cf": 0.4844118356704712,
    "per_group": {
      "asian": {
        "cfr": 0.058823529411764705,
        "ctfg": 0.03963926434516907,
        "count": 68
      },
      "muslim": {
        "cfr": 0.031914893617021274,
        "ctfg": 0.03680078685283661,
        "count": 94
      },
      "disabled": {
        "cfr": 0.023255813953488372,
        "ctfg": 0.02247263304889202,
        "count": 43
      },
      "white": {
        "cfr": 0.04918032786885246,
        "ctfg": 0.05435416102409363,
        "count": 61
      },
      "men": {
        "cfr": 0.03937007874015748,
        "ctfg": 0.02466094307601452,
        "count": 381
      },
      "women": {
        "cfr": 0.03314917127071823,
        "ctfg": 0.022419968619942665,
        "count": 181
      },
      "jewish": {
        "cfr": 0.046511627906976744,
        "ctfg": 0.03800273314118385,
        "count": 43
      },
      "black": {
        "cfr": 0.030303030303030304,
        "ctfg": 0.046219393610954285,
        "count": 33
      },
      "gay": {
        "cfr": 0.0,
        "ctfg": 0.0432569682598114,
        "count": 21
      },
      "christian": {
        "cfr": 0.0,
        "ctfg": 0.031824272125959396,
        "count": 11
      }
    }
  },
  "group_fairness": {
    "fped": 0.8390087405950167,
    "fned": 0.7913508790163406,
    "per_group": {
      "asian": {
        "fpr": 0.1794871794871795,
        "fnr": 0.3870967741935484,
        "fpr_gap": 0.028723820708553532,
        "fnr_gap": 0.2150537634408602,
        "count": 70
      },
      "black": {
        "fpr": 0.2564102564102564,
        "fnr": 0.09375,
        "fpr_gap": 0.10564689763163043,
        "fnr_gap": 0.07829301075268819,
        "count": 71
      },
      "chinese": {
        "fpr": 0.15555555555555556,
        "fnr": 0.16,
        "fpr_gap": 0.0047921967769296026,
        "fnr_gap": 0.012043010752688182,
        "count": 70
      },
      "jewish": {
        "fpr": 0.11904761904761904,
        "fnr": 0.14814814814814814,
        "fpr_gap": 0.031715739731006914,
        "fnr_gap": 0.023894862604540046,
        "count": 69
      },
      "latino": {
        "fpr": 0.17391304347826086,
        "fnr": 0.24242424242424243,
        "fpr_gap": 0.02314968469963491,
        "fnr_gap": 0.07038123167155425,
        "count": 56
      },
      "lgbtq": {
        "fpr": 0.2619047619047619,
        "fnr": 0.13333333333333333,
        "fpr_gap": 0.11114140312613596,
        "fnr_gap": 0.038709677419354854,
        "count": 72
      },
      "mental_dis": {
        "fpr": 0.16666666666666666,
        "fnr": 0.1724137931034483,
        "fpr_gap": 0.015903307888040702,
        "fnr_gap": 0.0003707823507601016,
        "count": 71
      },
      "mexican": {
        "fpr": 0.06818181818181818,
        "fnr": 0.16,
        "fpr_gap": 0.08258154059680778,
        "fnr_gap": 0.012043010752688182,
        "count": 69
      },
      "middle_east": {
        "fpr": 0.07692307692307693,
        "fnr": 0.16666666666666666,
        "fpr_gap": 0.07384028185554903,
        "fnr_gap": 0.005376344086021528,
        "count": 69
      },
      "muslim": {
        "fpr": 0.0,
        "fnr": 0.1,
        "fpr_gap": 0.15076335877862596,
        "fnr_gap": 0.07204301075268818,
        "count": 69
      },
      "native_american": {
        "fpr": 0.11904761904761904,
        "fnr": 0.25,
        "fpr_gap": 0.031715739731006914,
        "fnr_gap": 0.07795698924731181,
        "count": 70
      },
      "physical_dis": {
        "fpr": 0.0975609756097561,
        "fnr": 0.18518518518518517,
        "fpr_gap": 0.053202383168869855,
        "fnr_gap": 0.01314217443249699,
        "count": 68
      },
      "women": {
        "fpr": 0.2765957446808511,
        "fnr": 0.0,
        "fpr_gap": 0.12583238590222512,
        "fnr_gap": 0.17204301075268819,
        "count": 72
      }
    }
  },
  "per_group_f1": {
    "asian": 0.7188755020080322,
    "black": 0.8169014084507042,
    "chinese": 0.833008024289742,
    "jewish": 0.8639649507119387,
    "latino": 0.7832258064516129,
    "lgbtq": 0.7906571040899399,
    "mental_dis": 0.8268292682926829,
    "mexican": 0.8892455858747994,
    "middle_east": 0.8810344827586207,
    "muslim": 0.9551656920077973,
    "native_american": 0.8191214470284238,
    "physical_dis": 0.860877472152762,
    "women": 0.8165784832451499
  }
}