{
  "task": {
    "accuracy": 0.8549107142857143,
    "macro_f1": 0.848228990764484,
    "binary_f1": 0.8163841807909604,
    "auc_roc": 0.9346091890338997,
    "precision": 0.8601190476190477,
    "recall": 0.7768817204301075
  },
  "causal": {
    "cfr": 0.038461538461538464,
    "ctfg": 0.04120804741978645,
    "n_pairs": 936,
    "mean_prob_orig": 0.44739967584609985,
    "mean_prob_cf": 0.45522424578666687,
    "per_group": {
      "asian": {
        "cfr": 0.058823529411764705,
        "ctfg": 0.047301847487688065,
        "count": 68
      },
      "muslim": {
        "cfr": 0.031914893617021274,
        "ctfg": 0.04244334250688553,
        "count": 94
      },
      "disabled": {
        "cfr": 0.023255813953488372,
        "ctfg": 0.064330093562603,
        "count": 43
      },
      "white": {
        "cfr": 0.08196721311475409,
        "ctfg": 0.0858694389462471,
        "count": 61
      },
      "men": {
        "cfr": 0.04199475065616798,
        "ctfg": 0.032601259648799896,
        "count": 381
      },
      "women": {
        "cfr": 0.027624309392265192,
        "ctfg": 0.038109373301267624,
        "count": 181
      },
      "jewish": {
        "cfr": 0.0,
        "ctfg": 0.02425229363143444,
        "count": 43
      },
      "black": {
        "cfr": 0.030303030303030304,
        "ctfg": 0.04412684217095375,
        "count": 33
      },
      "gay": {
        "cfr": 0.0,
        "ctfg": 0.0403595045208931,
        "count": 21
      },
      "christian": {
        "cfr": 0.09090909090909091,
        "ctfg": 0.0631677582859993,
        "count": 11
      }
    }
  },
  "group_fairness": {
    "fped": 0.5623985605185908,
    "fned": 1.001741488592156,
    "per_group": {
      "asian": {
        "fpr": 0.10256410256410256,
        "fnr": 0.3548387096774194,
        "fpr_gap": 0.012869446075552946,
        "fnr_gap": 0.1317204301075269,
        "count": 70
      },
      "black": {
        "fpr": 0.1794871794871795,
        "fnr": 0.15625,
        "fpr_gap": 0.08979252299862987,
        "fnr_gap": 0.06686827956989247,
        "count": 71
      },
      "chinese": {
        "fpr": 0.022222222222222223,
        "fnr": 0.2,
        "fpr_gap": 0.06747243426632739,
        "fnr_gap": 0.023118279569892458,
        "count": 70
      },
      "jewish": {
        "fpr": 0.07142857142857142,
        "fnr": 0.25925925925925924,
        "fpr_gap": 0.01826608505997819,
        "fnr_gap": 0.036140979689366776,
        "count": 69
      },
      "latino": {
        "fpr": 0.13043478260869565,
        "fnr": 0.30303030303030304,
        "fpr_gap": 0.040740126120146034,
        "fnr_gap": 0.07991202346041057,
        "count": 56
      },
      "lgbtq": {
        "fpr": 0.09523809523809523,
        "fnr": 0.23333333333333334,
        "fpr_gap": 0.005543438749545618,
        "fnr_gap": 0.010215053763440868,
        "count": 72
      },
      "mental_dis": {
        "fpr": 0.14285714285714285,
        "fnr": 0.1724137931034483,
        "fpr_gap": 0.053162486368593234,
        "fnr_gap": 0.05070448646644418,
        "count": 71
      },
      "mexican": {
        "fpr": 0.022727272727272728,
        "fnr": 0.4,
        "fpr_gap": 0.0669673837612769,
        "fnr_gap": 0.17688172043010755,
        "count": 69
      },
      "middle_east": {
        "fpr": 0.02564102564102564,
        "fnr": 0.13333333333333333,
        "fpr_gap": 0.06405363084752397,
        "fnr_gap": 0.08978494623655914,
        "count": 69
      },
      "muslim": {
        "fpr": 0.05128205128205128,
        "fnr": 0.13333333333333333,
        "fpr_gap": 0.038412605206498335,
        "fnr_gap": 0.08978494623655914,
        "count": 69
      },
      "native_american": {
        "fpr": 0.11904761904761904,
        "fnr": 0.2857142857142857,
        "fpr_gap": 0.029352962559069426,
        "fnr_gap": 0.06259600614439323,
        "count": 70
      },
      "physical_dis": {
        "fpr": 0.07317073170731707,
        "fnr": 0.2222222222222222,
        "fpr_gap": 0.016523924781232546,
        "fnr_gap": 0.0008960573476702594,
        "count": 68
      },
      "women": {
        "fpr": 0.14893617021276595,
        "fnr": 0.04,
        "fpr_gap": 0.059241513724216335,
        "fnr_gap": 0.18311827956989246,
        "count": 72
      }
    }
  },
  "per_group_f1": {
    "asian": 0.7754010695187166,
    "black": 0.8301435406698565,
    "chinese": 0.9028677150786308,
    "jewish": 0.8431818181818183,
    "latino": 0.767188999040614,
    "lgbtq": 0.8402903811252269,
    "mental_dis": 0.8405146007759852,
    "mexican": 0.8091526276087504,
    "middle_east": 0.9252761533463287,
    "muslim": 0.9107758620689654,
    "native_american": 0.8026458468878769,
    "physical_dis": 0.8588235294117648,
    "women": 0.8831168831168832
  }
}