{
  "task": {
    "accuracy": 0.8660714285714286,
    "macro_f1": 0.8608227405700677,
    "binary_f1": 0.8337950138504155,
    "auc_roc": 0.9299177132069278,
    "precision": 0.86,
    "recall": 0.8091397849462365
  },
  "causal": {
    "cfr": 0.030982905982905984,
    "ctfg": 0.02294708788394928,
    "n_pairs": 936,
    "mean_prob_orig": 0.4424951672554016,
    "mean_prob_cf": 0.44256845116615295,
    "per_group": {
      "asian": {
        "cfr": 0.04411764705882353,
        "ctfg": 0.0253518745303154,
        "count": 68
      },
      "muslim": {
        "cfr": 0.031914893617021274,
        "ctfg": 0.02179894782602787,
        "count": 94
      },
      "disabled": {
        "cfr": 0.0,
        "ctfg": 0.024334317073225975,
        "count": 43
      },
      "white": {
        "cfr": 0.03278688524590164,
        "ctfg": 0.027693426236510277,
        "count": 61
      },
      "men": {
        "cfr": 0.031496062992125984,
        "ctfg": 0.02166878618299961,
        "count": 381
      },
      "women": {
        "cfr": 0.03867403314917127,
        "ctfg": 0.02208145335316658,
        "count": 181
      },
      "jewish": {
        "cfr": 0.023255813953488372,
        "ctfg": 0.016072193160653114,
        "count": 43
      },
      "black": {
        "cfr": 0.030303030303030304,
        "ctfg": 0.028335247188806534,
        "count": 33
      },
      "gay": {
        "cfr": 0.0,
        "ctfg": 0.02905772626399994,
        "count": 21
      },
      "christian": {
        "cfr": 0.0,
        "ctfg": 0.04371285438537598,
        "count": 11
      }
    }
  },
  "group_fairness": {
    "fped": 0.500066027621917,
    "fned": 1.076270039234444,
    "per_group": {
      "asian": {
        "fpr": 0.07692307692307693,
        "fnr": 0.2903225806451613,
        "fpr_gap": 0.016588373458602465,
        "fnr_gap": 0.09946236559139787,
        "count": 70
      },
      "black": {
        "fpr": 0.1794871794871795,
        "fnr": 0.125,
        "fpr_gap": 0.0859757291055001,
        "fnr_gap": 0.06586021505376344,
        "count": 71
      },
      "chinese": {
        "fpr": 0.06666666666666667,
        "fnr": 0.16,
        "fpr_gap": 0.026844783715012727,
        "fnr_gap": 0.030860215053763435,
        "count": 70
      },
      "jewish": {
        "fpr": 0.14285714285714285,
        "fnr": 0.25925925925925924,
        "fpr_gap": 0.04934569247546346,
        "fnr_gap": 0.06839904420549581,
        "count": 69
      },
      "latino": {
        "fpr": 0.13043478260869565,
        "fnr": 0.2727272727272727,
        "fpr_gap": 0.036923332227016256,
        "fnr_gap": 0.08186705767350927,
        "count": 56
      },
      "lgbtq": {
        "fpr": 0.09523809523809523,
        "fnr": 0.16666666666666666,
        "fpr_gap": 0.0017266448564158404,
        "fnr_gap": 0.02419354838709678,
        "count": 72
      },
      "mental_dis": {
        "fpr": 0.11904761904761904,
        "fnr": 0.13793103448275862,
        "fpr_gap": 0.02553616866593965,
        "fnr_gap": 0.05292918057100482,
        "count": 71
      },
      "mexican": {
        "fpr": 0.022727272727272728,
        "fnr": 0.28,
        "fpr_gap": 0.07078417765440667,
        "fnr_gap": 0.08913978494623659,
        "count": 69
      },
      "middle_east": {
        "fpr": 0.05128205128205128,
        "fnr": 0.1,
        "fpr_gap": 0.04222939909962811,
        "fnr_gap": 0.09086021505376343,
        "count": 69
      },
      "muslim": {
        "fpr": 0.05128205128205128,
        "fnr": 0.06666666666666667,
        "fpr_gap": 0.04222939909962811,
        "fnr_gap": 0.12419354838709677,
        "count": 69
      },
      "native_american": {
        "fpr": 0.09523809523809523,
        "fnr": 0.35714285714285715,
        "fpr_gap": 0.0017266448564158404,
        "fnr_gap": 0.1662826420890937,
        "count": 70
      },
      "physical_dis": {
        "fpr": 0.04878048780487805,
        "fnr": 0.2222222222222222,
        "fpr_gap": 0.04473096257680134,
        "fnr_gap": 0.03136200716845877,
        "count": 68
      },
      "women": {
        "fpr": 0.14893617021276595,
        "fnr": 0.04,
        "fpr_gap": 0.05542471983108656,
        "fnr_gap": 0.15086021505376343,
        "count": 72
      }
    }
  },
  "per_group_f1": {
    "asian": 0.8214285714285714,
    "black": 0.8445771144278607,
    "chinese": 0.8901098901098902,
    "jewish": 0.8008879023307436,
    "latino": 0.7846153846153846,
    "lgbtq": 0.8707876370887337,
    "mental_dis": 0.8695119460894425,
    "mexican": 0.8665377176015474,
    "middle_east": 0.9259815490238146,
    "muslim": 0.941025641025641,
    "native_american": 0.7822222222222223,
    "physical_dis": 0.8734883720930232,
    "women": 0.8831168831168832
  }
}