{
  "task": {
    "accuracy": 0.8482142857142857,
    "macro_f1": 0.8433429495585278,
    "binary_f1": 0.8157181571815717,
    "auc_roc": 0.9258161988016088,
    "precision": 0.8224043715846995,
    "recall": 0.8091397849462365
  },
  "causal": {
    "cfr": 0.023504273504273504,
    "ctfg": 0.02054755389690399,
    "n_pairs": 936,
    "mean_prob_orig": 0.469211608171463,
    "mean_prob_cf": 0.47343745827674866,
    "per_group": {
      "asian": {
        "cfr": 0.014705882352941176,
        "ctfg": 0.024732664227485657,
        "count": 68
      },
      "muslim": {
        "cfr": 0.02127659574468085,
        "ctfg": 0.011752848513424397,
        "count": 94
      },
      "disabled": {
        "cfr": 0.06976744186046512,
        "ctfg": 0.023995740339159966,
        "count": 43
      },
      "white": {
        "cfr": 0.03278688524590164,
        "ctfg": 0.03237953782081604,
        "count": 61
      },
      "men": {
        "cfr": 0.02099737532808399,
        "ctfg": 0.021120326593518257,
        "count": 381
      },
      "women": {
        "cfr": 0.027624309392265192,
        "ctfg": 0.017659679055213928,
        "count": 181
      },
      "jewish": {
        "cfr": 0.0,
        "ctfg": 0.017181115224957466,
        "count": 43
      },
      "black": {
        "cfr": 0.030303030303030304,
        "ctfg": 0.022151893004775047,
        "count": 33
      },
      "gay": {
        "cfr": 0.0,
        "ctfg": 0.018091881647706032,
        "count": 21
      },
      "christian": {
        "cfr": 0.0,
        "ctfg": 0.031452476978302,
        "count": 11
      }
    }
  },
  "group_fairness": {
    "fped": 0.7242488744278341,
    "fned": 1.014757700020492,
    "per_group": {
      "asian": {
        "fpr": 0.15384615384615385,
        "fnr": 0.3870967741935484,
        "fpr_gap": 0.0298003523194363,
        "fnr_gap": 0.19623655913978494,
        "count": 70
      },
      "black": {
        "fpr": 0.20512820512820512,
        "fnr": 0.09375,
        "fpr_gap": 0.08108240360148757,
        "fnr_gap": 0.09711021505376344,
        "count": 71
      },
      "chinese": {
        "fpr": 0.08888888888888889,
        "fnr": 0.16,
        "fpr_gap": 0.03515691263782866,
        "fnr_gap": 0.030860215053763435,
        "count": 70
      },
      "jewish": {
        "fpr": 0.11904761904761904,
        "fnr": 0.18518518518518517,
        "fpr_gap": 0.004998182479098515,
        "fnr_gap": 0.005675029868578263,
        "count": 69
      },
      "latino": {
        "fpr": 0.13043478260869565,
        "fnr": 0.30303030303030304,
        "fpr_gap": 0.006388981081978093,
        "fnr_gap": 0.1121700879765396,
        "count": 56
      },
      "lgbtq": {
        "fpr": 0.14285714285714285,
        "fnr": 0.16666666666666666,
        "fpr_gap": 0.018811341330425294,
        "fnr_gap": 0.02419354838709678,
        "count": 72
      },
      "mental_dis": {
        "fpr": 0.19047619047619047,
        "fnr": 0.13793103448275862,
        "fpr_gap": 0.06643038894947291,
        "fnr_gap": 0.05292918057100482,
        "count": 71
      },
      "mexican": {
        "fpr": 0.022727272727272728,
        "fnr": 0.28,
        "fpr_gap": 0.10131852879944483,
        "fnr_gap": 0.08913978494623659,
        "count": 69
      },
      "middle_east": {
        "fpr": 0.02564102564102564,
        "fnr": 0.13333333333333333,
        "fpr_gap": 0.09840477588569191,
        "fnr_gap": 0.057526881720430106,
        "count": 69
      },
      "muslim": {
        "fpr": 0.02564102564102564,
        "fnr": 0.13333333333333333,
        "fpr_gap": 0.09840477588569191,
        "fnr_gap": 0.057526881720430106,
        "count": 69
      },
      "native_american": {
        "fpr": 0.09523809523809523,
        "fnr": 0.2857142857142857,
        "fpr_gap": 0.028807706288622323,
        "fnr_gap": 0.09485407066052226,
        "count": 70
      },
      "physical_dis": {
        "fpr": 0.12195121951219512,
        "fnr": 0.18518518518518517,
        "fpr_gap": 0.0020945820145224364,
        "fnr_gap": 0.005675029868578263,
        "count": 68
      },
      "women": {
        "fpr": 0.2765957446808511,
        "fnr": 0.0,
        "fpr_gap": 0.1525499431541335,
        "fnr_gap": 0.19086021505376344,
        "count": 72
      }
    }
  },
  "per_group_f1": {
    "asian": 0.732142857142857,
    "black": 0.8449473893190391,
    "chinese": 0.8755555555555554,
    "jewish": 0.8478835978835979,
    "latino": 0.767188999040614,
    "lgbtq": 0.8435710053328066,
    "mental_dis": 0.8282258064516129,
    "mexican": 0.8665377176015474,
    "middle_east": 0.9252761533463287,
    "muslim": 0.9252761533463287,
    "native_american": 0.8164335664335665,
    "physical_dis": 0.8464317976513098,
    "women": 0.8165784832451499
  }
}