{
  "task": {
    "accuracy": 0.859375,
    "macro_f1": 0.8543765962386812,
    "binary_f1": 0.8273972602739725,
    "auc_roc": 0.9342500820815891,
    "precision": 0.8435754189944135,
    "recall": 0.8118279569892473
  },
  "causal": {
    "cfr": 0.02564102564102564,
    "ctfg": 0.01869357004761696,
    "n_pairs": 936,
    "mean_prob_orig": 0.4646936357021332,
    "mean_prob_cf": 0.4680866599082947,
    "per_group": {
      "asian": {
        "cfr": 0.029411764705882353,
        "ctfg": 0.02611604519188404,
        "count": 68
      },
      "muslim": {
        "cfr": 0.02127659574468085,
        "ctfg": 0.010225042700767517,
        "count": 94
      },
      "disabled": {
        "cfr": 0.0,
        "ctfg": 0.01648070104420185,
        "count": 43
      },
      "white": {
        "cfr": 0.01639344262295082,
        "ctfg": 0.0259113609790802,
        "count": 61
      },
      "men": {
        "cfr": 0.028871391076115485,
        "ctfg": 0.021745186299085617,
        "count": 381
      },
      "women": {
        "cfr": 0.016574585635359115,
        "ctfg": 0.013907969929277897,
        "count": 181
      },
      "jewish": {
        "cfr": 0.09302325581395349,
        "ctfg": 0.018481777980923653,
        "count": 43
      },
      "black": {
        "cfr": 0.0,
        "ctfg": 0.010340448468923569,
        "count": 33
      },
      "gay": {
        "cfr": 0.0,
        "ctfg": 0.014521666802465916,
        "count": 21
      },
      "christian": {
        "cfr": 0.09090909090909091,
        "ctfg": 0.020700762048363686,
        "count": 11
      }
    }
  },
  "group_fairness": {
    "fped": 0.5160275348652354,
    "fned": 1.0004064882096027,
    "per_group": {
      "asian": {
        "fpr": 0.15384615384615385,
        "fnr": 0.3548387096774194,
        "fpr_gap": 0.04697592483852027,
        "fnr_gap": 0.16666666666666669,
        "count": 70
      },
      "black": {
        "fpr": 0.1794871794871795,
        "fnr": 0.125,
        "fpr_gap": 0.0726169504795459,
        "fnr_gap": 0.06317204301075269,
        "count": 71
      },
      "chinese": {
        "fpr": 0.06666666666666667,
        "fnr": 0.12,
        "fpr_gap": 0.04020356234096692,
        "fnr_gap": 0.06817204301075269,
        "count": 70
      },
      "jewish": {
        "fpr": 0.09523809523809523,
        "fnr": 0.14814814814814814,
        "fpr_gap": 0.011632133769538353,
        "fnr_gap": 0.04002389486260455,
        "count": 69
      },
      "latino": {
        "fpr": 0.08695652173913043,
        "fnr": 0.30303030303030304,
        "fpr_gap": 0.019913707268503153,
        "fnr_gap": 0.11485826001955035,
        "count": 56
      },
      "lgbtq": {
        "fpr": 0.11904761904761904,
        "fnr": 0.23333333333333334,
        "fpr_gap": 0.012177390039985456,
        "fnr_gap": 0.04516129032258065,
        "count": 72
      },
      "mental_dis": {
        "fpr": 0.16666666666666666,
        "fnr": 0.13793103448275862,
        "fpr_gap": 0.05979643765903307,
        "fnr_gap": 0.05024100852799407,
        "count": 71
      },
      "mexican": {
        "fpr": 0.022727272727272728,
        "fnr": 0.32,
        "fpr_gap": 0.08414295628036086,
        "fnr_gap": 0.13182795698924732,
        "count": 69
      },
      "middle_east": {
        "fpr": 0.05128205128205128,
        "fnr": 0.1,
        "fpr_gap": 0.055588177725582305,
        "fnr_gap": 0.08817204301075268,
        "count": 69
      },
      "muslim": {
        "fpr": 0.10256410256410256,
        "fnr": 0.13333333333333333,
        "fpr_gap": 0.004306126443531025,
        "fnr_gap": 0.054838709677419356,
        "count": 69
      },
      "native_american": {
        "fpr": 0.09523809523809523,
        "fnr": 0.21428571428571427,
        "fpr_gap": 0.011632133769538353,
        "fnr_gap": 0.026113671274961586,
        "count": 70
      },
      "physical_dis": {
        "fpr": 0.07317073170731707,
        "fnr": 0.18518518518518517,
        "fpr_gap": 0.03369949730031652,
        "fnr_gap": 0.0029868578255675127,
        "count": 68
      },
      "women": {
        "fpr": 0.1702127659574468,
        "fnr": 0.04,
        "fpr_gap": 0.06334253694981322,
        "fnr_gap": 0.14817204301075268,
        "count": 72
      }
    }
  },
  "per_group_f1": {
    "asian": 0.7484675544282392,
    "black": 0.8445771144278607,
    "chinese": 0.9066666666666667,
    "jewish": 0.8783068783068784,
    "latino": 0.7854406130268199,
    "lgbtq": 0.8267842822774659,
    "mental_dis": 0.8419348310058692,
    "mexican": 0.8479804161566709,
    "middle_east": 0.9259815490238146,
    "muslim": 0.882051282051282,
    "native_american": 0.8492678725236864,
    "physical_dis": 0.8754578754578755,
    "women": 0.8693284936479129
  }
}