{
  "task": {
    "accuracy": 0.8571428571428571,
    "macro_f1": 0.8508531002913026,
    "binary_f1": 0.8202247191011236,
    "auc_roc": 0.9304281580891406,
    "precision": 0.8588235294117647,
    "recall": 0.7849462365591398
  },
  "causal": {
    "cfr": 0.014957264957264958,
    "ctfg": 0.018969645723700523,
    "n_pairs": 936,
    "mean_prob_orig": 0.444652259349823,
    "mean_prob_cf": 0.44633400440216064,
    "per_group": {
      "asian": {
        "cfr": 0.014705882352941176,
        "ctfg": 0.02695634588599205,
        "count": 68
      },
      "muslim": {
        "cfr": 0.0,
        "ctfg": 0.01108626089990139,
        "count": 94
      },
      "disabled": {
        "cfr": 0.046511627906976744,
        "ctfg": 0.02914462238550186,
        "count": 43
      },
      "white": {
        "cfr": 0.01639344262295082,
        "ctfg": 0.030345585197210312,
        "count": 61
      },
      "men": {
        "cfr": 0.02099737532808399,
        "ctfg": 0.01928570680320263,
        "count": 381
      },
      "women": {
        "cfr": 0.0055248618784530384,
        "ctfg": 0.015155200846493244,
        "count": 181
      },
      "jewish": {
        "cfr": 0.023255813953488372,
        "ctfg": 0.01875368133187294,
        "count": 43
      },
      "black": {
        "cfr": 0.0,
        "ctfg": 0.007962013594806194,
        "count": 33
      },
      "gay": {
        "cfr": 0.0,
        "ctfg": 0.01659424975514412,
        "count": 21
      },
      "christian": {
        "cfr": 0.0,
        "ctfg": 0.024324584752321243,
        "count": 11
      }
    }
  },
  "group_fairness": {
    "fped": 0.4967337127368188,
    "fned": 0.92459244438666,
    "per_group": {
      "asian": {
        "fpr": 0.10256410256410256,
        "fnr": 0.3870967741935484,
        "fpr_gap": 0.010961049128988057,
        "fnr_gap": 0.17204301075268816,
        "count": 70
      },
      "black": {
        "fpr": 0.15384615384615385,
        "fnr": 0.125,
        "fpr_gap": 0.06224310041103935,
        "fnr_gap": 0.09005376344086022,
        "count": 71
      },
      "chinese": {
        "fpr": 0.022222222222222223,
        "fnr": 0.16,
        "fpr_gap": 0.06938083121289228,
        "fnr_gap": 0.055053763440860215,
        "count": 70
      },
      "jewish": {
        "fpr": 0.07142857142857142,
        "fnr": 0.2222222222222222,
        "fpr_gap": 0.02017448200654308,
        "fnr_gap": 0.0071684587813619915,
        "count": 69
      },
      "latino": {
        "fpr": 0.13043478260869565,
        "fnr": 0.30303030303030304,
        "fpr_gap": 0.038831729173581145,
        "fnr_gap": 0.08797653958944282,
        "count": 56
      },
      "lgbtq": {
        "fpr": 0.11904761904761904,
        "fnr": 0.2,
        "fpr_gap": 0.027444565612504537,
        "fnr_gap": 0.015053763440860207,
        "count": 72
      },
      "mental_dis": {
        "fpr": 0.14285714285714285,
        "fnr": 0.1724137931034483,
        "fpr_gap": 0.051254089422028346,
        "fnr_gap": 0.04263997033741193,
        "count": 71
      },
      "mexican": {
        "fpr": 0.022727272727272728,
        "fnr": 0.32,
        "fpr_gap": 0.06887578070784178,
        "fnr_gap": 0.10494623655913979,
        "count": 69
      },
      "middle_east": {
        "fpr": 0.02564102564102564,
        "fnr": 0.16666666666666666,
        "fpr_gap": 0.06596202779408886,
        "fnr_gap": 0.04838709677419356,
        "count": 69
      },
      "muslim": {
        "fpr": 0.07692307692307693,
        "fnr": 0.16666666666666666,
        "fpr_gap": 0.014679976512037576,
        "fnr_gap": 0.04838709677419356,
        "count": 69
      },
      "native_american": {
        "fpr": 0.09523809523809523,
        "fnr": 0.2857142857142857,
        "fpr_gap": 0.003635041802980729,
        "fnr_gap": 0.07066052227342548,
        "count": 70
      },
      "physical_dis": {
        "fpr": 0.0975609756097561,
        "fnr": 0.2222222222222222,
        "fpr_gap": 0.005957922174641597,
        "fnr_gap": 0.0071684587813619915,
        "count": 68
      },
      "women": {
        "fpr": 0.14893617021276595,
        "fnr": 0.04,
        "fpr_gap": 0.05733311677765145,
        "fnr_gap": 0.1750537634408602,
        "count": 72
      }
    }
  },
  "per_group_f1": {
    "asian": 0.7588285960378984,
    "black": 0.8584529505582137,
    "chinese": 0.9199267902081905,
    "jewish": 0.8600405679513186,
    "latino": 0.767188999040614,
    "lgbtq": 0.842073778664008,
    "mental_dis": 0.8405146007759852,
    "mexican": 0.8479804161566709,
    "middle_east": 0.909843205574913,
    "muslim": 0.8810344827586207,
    "native_american": 0.8164335664335665,
    "physical_dis": 0.8443223443223443,
    "women": 0.8831168831168832
  }
}