{
  "task": {
    "accuracy": 0.8582589285714286,
    "macro_f1": 0.8530303323840336,
    "binary_f1": 0.8253094910591472,
    "auc_roc": 0.9358429779200526,
    "precision": 0.8450704225352113,
    "recall": 0.8064516129032258
  },
  "causal": {
    "cfr": 0.028846153846153848,
    "ctfg": 0.02229023166000843,
    "n_pairs": 936,
    "mean_prob_orig": 0.4731108844280243,
    "mean_prob_cf": 0.47287338972091675,
    "per_group": {
      "asian": {
        "cfr": 0.014705882352941176,
        "ctfg": 0.029934894293546677,
        "count": 68
      },
      "muslim": {
        "cfr": 0.05319148936170213,
        "ctfg": 0.02149721421301365,
        "count": 94
      },
      "disabled": {
        "cfr": 0.023255813953488372,
        "ctfg": 0.03351796790957451,
        "count": 43
      },
      "white": {
        "cfr": 0.04918032786885246,
        "ctfg": 0.03584679216146469,
        "count": 61
      },
      "men": {
        "cfr": 0.026246719160104987,
        "ctfg": 0.02053103782236576,
        "count": 381
      },
      "women": {
        "cfr": 0.016574585635359115,
        "ctfg": 0.01602836698293686,
        "count": 181
      },
      "jewish": {
        "cfr": 0.046511627906976744,
        "ctfg": 0.025450438261032104,
        "count": 43
      },
      "black": {
        "cfr": 0.030303030303030304,
        "ctfg": 0.022211354225873947,
        "count": 33
      },
      "gay": {
        "cfr": 0.0,
        "ctfg": 0.024064617231488228,
        "count": 21
      },
      "christian": {
        "cfr": 0.09090909090909091,
        "ctfg": 0.01120528019964695,
        "count": 11
      }
    }
  },
  "group_fairness": {
    "fped": 0.6371372189321859,
    "fned": 1.0046160483215545,
    "per_group": {
      "asian": {
        "fpr": 0.20512820512820512,
        "fnr": 0.3870967741935484,
        "fpr_gap": 0.10016637306713642,
        "fnr_gap": 0.1935483870967742,
        "count": 70
      },
      "black": {
        "fpr": 0.20512820512820512,
        "fnr": 0.09375,
        "fpr_gap": 0.10016637306713642,
        "fnr_gap": 0.09979838709677419,
        "count": 71
      },
      "chinese": {
        "fpr": 0.1111111111111111,
        "fnr": 0.16,
        "fpr_gap": 0.006149279050042408,
        "fnr_gap": 0.033548387096774185,
        "count": 70
      },
      "jewish": {
        "fpr": 0.11904761904761904,
        "fnr": 0.14814814814814814,
        "fpr_gap": 0.014085786986550344,
        "fnr_gap": 0.04540023894862605,
        "count": 69
      },
      "latino": {
        "fpr": 0.13043478260869565,
        "fnr": 0.2727272727272727,
        "fpr_gap": 0.025472950547626952,
        "fnr_gap": 0.07917888563049852,
        "count": 56
      },
      "lgbtq": {
        "fpr": 0.07142857142857142,
        "fnr": 0.2,
        "fpr_gap": 0.03353326063249727,
        "fnr_gap": 0.006451612903225823,
        "count": 72
      },
      "mental_dis": {
        "fpr": 0.11904761904761904,
        "fnr": 0.1724137931034483,
        "fpr_gap": 0.014085786986550344,
        "fnr_gap": 0.0211345939933259,
        "count": 71
      },
      "mexican": {
        "fpr": 0.0,
        "fnr": 0.32,
        "fpr_gap": 0.1049618320610687,
        "fnr_gap": 0.12645161290322582,
        "count": 69
      },
      "middle_east": {
        "fpr": 0.05128205128205128,
        "fnr": 0.13333333333333333,
        "fpr_gap": 0.053679780779017416,
        "fnr_gap": 0.06021505376344086,
        "count": 69
      },
      "muslim": {
        "fpr": 0.05128205128205128,
        "fnr": 0.13333333333333333,
        "fpr_gap": 0.053679780779017416,
        "fnr_gap": 0.06021505376344086,
        "count": 69
      },
      "native_american": {
        "fpr": 0.09523809523809523,
        "fnr": 0.25,
        "fpr_gap": 0.009723736822973464,
        "fnr_gap": 0.05645161290322581,
        "count": 70
      },
      "physical_dis": {
        "fpr": 0.04878048780487805,
        "fnr": 0.2222222222222222,
        "fpr_gap": 0.056181344256190646,
        "fnr_gap": 0.02867383512544802,
        "count": 68
      },
      "women": {
        "fpr": 0.1702127659574468,
        "fnr": 0.0,
        "fpr_gap": 0.06525093389637811,
        "fnr_gap": 0.1935483870967742,
        "count": 72
      }
    }
  },
  "per_group_f1": {
    "asian": 0.7056349873843566,
    "black": 0.8449473893190391,
    "chinese": 0.8612029081295438,
    "jewish": 0.8639649507119387,
    "latino": 0.7846153846153846,
    "lgbtq": 0.8693284936479129,
    "mental_dis": 0.8542692939244663,
    "mexican": 0.8630952380952381,
    "middle_east": 0.9107758620689654,
    "muslim": 0.9107758620689654,
    "native_american": 0.833008024289742,
    "physical_dis": 0.8734883720930232,
    "women": 0.884522854851644
  }
}