{
  "task": {
    "accuracy": 0.8560267857142857,
    "macro_f1": 0.8510989414451843,
    "binary_f1": 0.8240109140518417,
    "auc_roc": 0.9322647336452434,
    "precision": 0.8365650969529086,
    "recall": 0.8118279569892473
  },
  "causal": {
    "cfr": 0.029914529914529916,
    "ctfg": 0.021413078531622887,
    "n_pairs": 936,
    "mean_prob_orig": 0.474364697933197,
    "mean_prob_cf": 0.47280916571617126,
    "per_group": {
      "asian": {
        "cfr": 0.04411764705882353,
        "ctfg": 0.03213181719183922,
        "count": 68
      },
      "muslim": {
        "cfr": 0.031914893617021274,
        "ctfg": 0.01791955530643463,
        "count": 94
      },
      "disabled": {
        "cfr": 0.046511627906976744,
        "ctfg": 0.04138211905956268,
        "count": 43
      },
      "white": {
        "cfr": 0.06557377049180328,
        "ctfg": 0.02883441373705864,
        "count": 61
      },
      "men": {
        "cfr": 0.026246719160104987,
        "ctfg": 0.019526652991771698,
        "count": 381
      },
      "women": {
        "cfr": 0.011049723756906077,
        "ctfg": 0.015226630493998528,
        "count": 181
      },
      "jewish": {
        "cfr": 0.06976744186046512,
        "ctfg": 0.024960411712527275,
        "count": 43
      },
      "black": {
        "cfr": 0.030303030303030304,
        "ctfg": 0.02309177629649639,
        "count": 33
      },
      "gay": {
        "cfr": 0.0,
        "ctfg": 0.022451814264059067,
        "count": 21
      },
      "christian": {
        "cfr": 0.0,
        "ctfg": 0.012038142420351505,
        "count": 11
      }
    }
  },
  "group_fairness": {
    "fped": 0.7271394816692647,
    "fned": 0.8572606199983841,
    "per_group": {
      "asian": {
        "fpr": 0.20512820512820512,
        "fnr": 0.3548387096774194,
        "fpr_gap": 0.09253278528087688,
        "fnr_gap": 0.16666666666666669,
        "count": 70
      },
      "black": {
        "fpr": 0.23076923076923078,
        "fnr": 0.09375,
        "fpr_gap": 0.11817381092190254,
        "fnr_gap": 0.09442204301075269,
        "count": 71
      },
      "chinese": {
        "fpr": 0.06666666666666667,
        "fnr": 0.16,
        "fpr_gap": 0.04592875318066157,
        "fnr_gap": 0.028172043010752684,
        "count": 70
      },
      "jewish": {
        "fpr": 0.11904761904761904,
        "fnr": 0.18518518518518517,
        "fpr_gap": 0.0064521992002908035,
        "fnr_gap": 0.0029868578255675127,
        "count": 69
      },
      "latino": {
        "fpr": 0.17391304347826086,
        "fnr": 0.24242424242424243,
        "fpr_gap": 0.06131762363093263,
        "fnr_gap": 0.05425219941348974,
        "count": 56
      },
      "lgbtq": {
        "fpr": 0.11904761904761904,
        "fnr": 0.2,
        "fpr_gap": 0.0064521992002908035,
        "fnr_gap": 0.011827956989247324,
        "count": 72
      },
      "mental_dis": {
        "fpr": 0.11904761904761904,
        "fnr": 0.1724137931034483,
        "fpr_gap": 0.0064521992002908035,
        "fnr_gap": 0.0157582499073044,
        "count": 71
      },
      "mexican": {
        "fpr": 0.022727272727272728,
        "fnr": 0.32,
        "fpr_gap": 0.0898681471200555,
        "fnr_gap": 0.13182795698924732,
        "count": 69
      },
      "middle_east": {
        "fpr": 0.05128205128205128,
        "fnr": 0.13333333333333333,
        "fpr_gap": 0.06131336856527696,
        "fnr_gap": 0.054838709677419356,
        "count": 69
      },
      "muslim": {
        "fpr": 0.02564102564102564,
        "fnr": 0.1,
        "fpr_gap": 0.0869543942063026,
        "fnr_gap": 0.08817204301075268,
        "count": 69
      },
      "native_american": {
        "fpr": 0.14285714285714285,
        "fnr": 0.21428571428571427,
        "fpr_gap": 0.03026172300981461,
        "fnr_gap": 0.026113671274961586,
        "count": 70
      },
      "physical_dis": {
        "fpr": 0.04878048780487805,
        "fnr": 0.2222222222222222,
        "fpr_gap": 0.06381493204245019,
        "fnr_gap": 0.03405017921146952,
        "count": 68
      },
      "women": {
        "fpr": 0.1702127659574468,
        "fnr": 0.04,
        "fpr_gap": 0.05761734611011857,
        "fnr_gap": 0.14817204301075268,
        "count": 72
      }
    }
  },
  "per_group_f1": {
    "asian": 0.7216991002301737,
    "black": 0.8309523809523809,
    "chinese": 0.8901098901098902,
    "jewish": 0.8478835978835979,
    "latino": 0.7832258064516129,
    "lgbtq": 0.842073778664008,
    "mental_dis": 0.8542692939244663,
    "mexican": 0.8479804161566709,
    "middle_east": 0.9107758620689654,
    "muslim": 0.9405172413793104,
    "native_american": 0.8214285714285714,
    "physical_dis": 0.8734883720930232,
    "women": 0.8693284936479129
  }
}