{
  "task": {
    "accuracy": 0.8493303571428571,
    "macro_f1": 0.8444314403853204,
    "binary_f1": 0.8168249660786975,
    "auc_roc": 0.9255879093819258,
    "precision": 0.8246575342465754,
    "recall": 0.8091397849462365
  },
  "causal": {
    "cfr": 0.024572649572649572,
    "ctfg": 0.03163888305425644,
    "n_pairs": 936,
    "mean_prob_orig": 0.4753904938697815,
    "mean_prob_cf": 0.4787810742855072,
    "per_group": {
      "asian": {
        "cfr": 0.014705882352941176,
        "ctfg": 0.0413055494427681,
        "count": 68
      },
      "muslim": {
        "cfr": 0.0425531914893617,
        "ctfg": 0.030823510140180588,
        "count": 94
      },
      "disabled": {
        "cfr": 0.046511627906976744,
        "ctfg": 0.047194160521030426,
        "count": 43
      },
      "white": {
        "cfr": 0.03278688524590164,
        "ctfg": 0.04841329902410507,
        "count": 61
      },
      "men": {
        "cfr": 0.02099737532808399,
        "ctfg": 0.029060937464237213,
        "count": 381
      },
      "women": {
        "cfr": 0.022099447513812154,
        "ctfg": 0.027103381231427193,
        "count": 181
      },
      "jewish": {
        "cfr": 0.0,
        "ctfg": 0.02020500972867012,
        "count": 43
      },
      "black": {
        "cfr": 0.030303030303030304,
        "ctfg": 0.02871728502213955,
        "count": 33
      },
      "gay": {
        "cfr": 0.0,
        "ctfg": 0.03231411799788475,
        "count": 21
      },
      "christian": {
        "cfr": 0.09090909090909091,
        "ctfg": 0.04111213982105255,
        "count": 11
      }
    }
  },
  "group_fairness": {
    "fped": 0.7080108982813162,
    "fned": 1.0530769524526475,
    "per_group": {
      "asian": {
        "fpr": 0.20512820512820512,
        "fnr": 0.3870967741935484,
        "fpr_gap": 0.08299080054805245,
        "fnr_gap": 0.19623655913978494,
        "count": 70
      },
      "black": {
        "fpr": 0.20512820512820512,
        "fnr": 0.15625,
        "fpr_gap": 0.08299080054805245,
        "fnr_gap": 0.03461021505376344,
        "count": 71
      },
      "chinese": {
        "fpr": 0.1111111111111111,
        "fnr": 0.2,
        "fpr_gap": 0.011026293469041562,
        "fnr_gap": 0.009139784946236573,
        "count": 70
      },
      "jewish": {
        "fpr": 0.09523809523809523,
        "fnr": 0.14814814814814814,
        "fpr_gap": 0.026899309342057434,
        "fnr_gap": 0.0427120669056153,
        "count": 69
      },
      "latino": {
        "fpr": 0.21739130434782608,
        "fnr": 0.30303030303030304,
        "fpr_gap": 0.09525389976767341,
        "fnr_gap": 0.1121700879765396,
        "count": 56
      },
      "lgbtq": {
        "fpr": 0.11904761904761904,
        "fnr": 0.16666666666666666,
        "fpr_gap": 0.003089785532533626,
        "fnr_gap": 0.02419354838709678,
        "count": 72
      },
      "mental_dis": {
        "fpr": 0.11904761904761904,
        "fnr": 0.13793103448275862,
        "fpr_gap": 0.003089785532533626,
        "fnr_gap": 0.05292918057100482,
        "count": 71
      },
      "mexican": {
        "fpr": 0.022727272727272728,
        "fnr": 0.36,
        "fpr_gap": 0.09941013185287995,
        "fnr_gap": 0.16913978494623655,
        "count": 69
      },
      "middle_east": {
        "fpr": 0.05128205128205128,
        "fnr": 0.1,
        "fpr_gap": 0.07085535329810139,
        "fnr_gap": 0.09086021505376343,
        "count": 69
      },
      "muslim": {
        "fpr": 0.07692307692307693,
        "fnr": 0.1,
        "fpr_gap": 0.04521432765707574,
        "fnr_gap": 0.09086021505376343,
        "count": 69
      },
      "native_american": {
        "fpr": 0.07142857142857142,
        "fnr": 0.14285714285714285,
        "fpr_gap": 0.05070883315158124,
        "fnr_gap": 0.04800307219662059,
        "count": 70
      },
      "physical_dis": {
        "fpr": 0.0975609756097561,
        "fnr": 0.2222222222222222,
        "fpr_gap": 0.024576428970396566,
        "fnr_gap": 0.03136200716845877,
        "count": 68
      },
      "women": {
        "fpr": 0.23404255319148937,
        "fnr": 0.04,
        "fpr_gap": 0.1119051486113367,
        "fnr_gap": 0.15086021505376343,
        "count": 72
      }
    }
  },
  "per_group_f1": {
    "asian": 0.7056349873843566,
    "black": 0.816318407960199,
    "chinese": 0.8444444444444446,
    "jewish": 0.8783068783068784,
    "latino": 0.7299903567984571,
    "lgbtq": 0.8571428571428572,
    "mental_dis": 0.8695119460894425,
    "mexican": 0.8288690476190477,
    "middle_east": 0.9259815490238146,
    "muslim": 0.9115384615384616,
    "native_american": 0.895187165775401,
    "physical_dis": 0.8443223443223443,
    "women": 0.8285714285714285
  }
}