{
  "task": {
    "accuracy": 0.8359375,
    "macro_f1": 0.8333803502868455,
    "binary_f1": 0.8127388535031848,
    "auc_roc": 0.9173053640318477,
    "precision": 0.7723970944309927,
    "recall": 0.8575268817204301
  },
  "causal": {
    "cfr": 0.03311965811965812,
    "ctfg": 0.032991427928209305,
    "n_pairs": 936,
    "mean_prob_orig": 0.5175178647041321,
    "mean_prob_cf": 0.5240357518196106,
    "per_group": {
      "asian": {
        "cfr": 0.04411764705882353,
        "ctfg": 0.040516335517168045,
        "count": 68
      },
      "muslim": {
        "cfr": 0.05319148936170213,
        "ctfg": 0.035544876009225845,
        "count": 94
      },
      "disabled": {
        "cfr": 0.06976744186046512,
        "ctfg": 0.05653267726302147,
        "count": 43
      },
      "white": {
        "cfr": 0.04918032786885246,
        "ctfg": 0.04417087882757187,
        "count": 61
      },
      "men": {
        "cfr": 0.026246719160104987,
        "ctfg": 0.025301534682512283,
        "count": 381
      },
      "women": {
        "cfr": 0.022099447513812154,
        "ctfg": 0.03218162804841995,
        "count": 181
      },
      "jewish": {
        "cfr": 0.0,
        "ctfg": 0.022257162258028984,
        "count": 43
      },
      "black": {
        "cfr": 0.09090909090909091,
        "ctfg": 0.054205432534217834,
        "count": 33
      },
      "gay": {
        "cfr": 0.0,
        "ctfg": 0.05448884144425392,
        "count": 21
      },
      "christian": {
        "cfr": 0.0,
        "ctfg": 0.02758689410984516,
        "count": 11
      }
    }
  },
  "group_fairness": {
    "fped": 0.9121928745446778,
    "fned": 0.8078203548809778,
    "per_group": {
      "asian": {
        "fpr": 0.2564102564102564,
        "fnr": 0.25806451612903225,
        "fpr_gap": 0.07702094343315716,
        "fnr_gap": 0.11559139784946235,
        "count": 70
      },
      "black": {
        "fpr": 0.23076923076923078,
        "fnr": 0.0625,
        "fpr_gap": 0.05137991779213155,
        "fnr_gap": 0.0799731182795699,
        "count": 71
      },
      "chinese": {
        "fpr": 0.17777777777777778,
        "fnr": 0.16,
        "fpr_gap": 0.0016115351993214455,
        "fnr_gap": 0.0175268817204301,
        "count": 70
      },
      "jewish": {
        "fpr": 0.09523809523809523,
        "fnr": 0.037037037037037035,
        "fpr_gap": 0.084151217739004,
        "fnr_gap": 0.10543608124253287,
        "count": 69
      },
      "latino": {
        "fpr": 0.2608695652173913,
        "fnr": 0.30303030303030304,
        "fpr_gap": 0.08148025224029207,
        "fnr_gap": 0.16055718475073313,
        "count": 56
      },
      "lgbtq": {
        "fpr": 0.23809523809523808,
        "fnr": 0.13333333333333333,
        "fpr_gap": 0.05870592511813885,
        "fnr_gap": 0.009139784946236573,
        "count": 72
      },
      "mental_dis": {
        "fpr": 0.16666666666666666,
        "fnr": 0.1724137931034483,
        "fpr_gap": 0.012722646310432573,
        "fnr_gap": 0.029940674823878383,
        "count": 71
      },
      "mexican": {
        "fpr": 0.06818181818181818,
        "fnr": 0.16,
        "fpr_gap": 0.11120749479528105,
        "fnr_gap": 0.0175268817204301,
        "count": 69
      },
      "middle_east": {
        "fpr": 0.07692307692307693,
        "fnr": 0.13333333333333333,
        "fpr_gap": 0.1024662360540223,
        "fnr_gap": 0.009139784946236573,
        "count": 69
      },
      "muslim": {
        "fpr": 0.07692307692307693,
        "fnr": 0.1,
        "fpr_gap": 0.1024662360540223,
        "fnr_gap": 0.0424731182795699,
        "count": 69
      },
      "native_american": {
        "fpr": 0.21428571428571427,
        "fnr": 0.10714285714285714,
        "fpr_gap": 0.034896401308615044,
        "fnr_gap": 0.03533026113671277,
        "count": 70
      },
      "physical_dis": {
        "fpr": 0.14634146341463414,
        "fnr": 0.18518518518518517,
        "fpr_gap": 0.03304784956246509,
        "fnr_gap": 0.04271206690561527,
        "count": 68
      },
      "women": {
        "fpr": 0.3404255319148936,
        "fnr": 0.0,
        "fpr_gap": 0.16103621893779438,
        "fnr_gap": 0.1424731182795699,
        "count": 72
      }
    }
  },
  "per_group_f1": {
    "asian": 0.740953947368421,
    "black": 0.8450704225352113,
    "chinese": 0.8191214470284237,
    "jewish": 0.9252761533463287,
    "latino": 0.7109677419354838,
    "lgbtq": 0.8041958041958042,
    "mental_dis": 0.8268292682926829,
    "mexican": 0.8892455858747994,
    "middle_east": 0.8963741686333405,
    "muslim": 0.9115384615384616,
    "native_american": 0.8263027295285361,
    "physical_dis": 0.8320987654320988,
    "women": 0.7762237762237761
  }
}