{
  "task": {
    "accuracy": 0.8537946428571429,
    "macro_f1": 0.8479961563913592,
    "binary_f1": 0.8183079056865465,
    "auc_roc": 0.926285602889272,
    "precision": 0.8452722063037249,
    "recall": 0.793010752688172
  },
  "causal": {
    "cfr": 0.018162393162393164,
    "ctfg": 0.016432050615549088,
    "n_pairs": 936,
    "mean_prob_orig": 0.46372756361961365,
    "mean_prob_cf": 0.4672265350818634,
    "per_group": {
      "asian": {
        "cfr": 0.014705882352941176,
        "ctfg": 0.015912054106593132,
        "count": 68
      },
      "muslim": {
        "cfr": 0.031914893617021274,
        "ctfg": 0.00976521149277687,
        "count": 94
      },
      "disabled": {
        "cfr": 0.023255813953488372,
        "ctfg": 0.023266861215233803,
        "count": 43
      },
      "white": {
        "cfr": 0.01639344262295082,
        "ctfg": 0.019912490621209145,
        "count": 61
      },
      "men": {
        "cfr": 0.01837270341207349,
        "ctfg": 0.018901091068983078,
        "count": 381
      },
      "women": {
        "cfr": 0.016574585635359115,
        "ctfg": 0.012892836704850197,
        "count": 181
      },
      "jewish": {
        "cfr": 0.023255813953488372,
        "ctfg": 0.013745475560426712,
        "count": 43
      },
      "black": {
        "cfr": 0.0,
        "ctfg": 0.011998054571449757,
        "count": 33
      },
      "gay": {
        "cfr": 0.0,
        "ctfg": 0.015297602862119675,
        "count": 21
      },
      "christian": {
        "cfr": 0.0,
        "ctfg": 0.02928662858903408,
        "count": 11
      }
    }
  },
  "group_fairness": {
    "fped": 0.5371381830493454,
    "fned": 0.9972602708851319,
    "per_group": {
      "asian": {
        "fpr": 0.15384615384615385,
        "fnr": 0.3870967741935484,
        "fpr_gap": 0.05079271873165003,
        "fnr_gap": 0.1801075268817204,
        "count": 70
      },
      "black": {
        "fpr": 0.1794871794871795,
        "fnr": 0.15625,
        "fpr_gap": 0.07643374437267567,
        "fnr_gap": 0.05073924731182797,
        "count": 71
      },
      "chinese": {
        "fpr": 0.06666666666666667,
        "fnr": 0.16,
        "fpr_gap": 0.036386768447837156,
        "fnr_gap": 0.046989247311827964,
        "count": 70
      },
      "jewish": {
        "fpr": 0.11904761904761904,
        "fnr": 0.18518518518518517,
        "fpr_gap": 0.01599418393311522,
        "fnr_gap": 0.021804062126642793,
        "count": 69
      },
      "latino": {
        "fpr": 0.13043478260869565,
        "fnr": 0.2727272727272727,
        "fpr_gap": 0.027381347494191827,
        "fnr_gap": 0.06573802541544474,
        "count": 56
      },
      "lgbtq": {
        "fpr": 0.047619047619047616,
        "fnr": 0.16666666666666666,
        "fpr_gap": 0.055434387495456205,
        "fnr_gap": 0.04032258064516131,
        "count": 72
      },
      "mental_dis": {
        "fpr": 0.09523809523809523,
        "fnr": 0.1724137931034483,
        "fpr_gap": 0.007815339876408589,
        "fnr_gap": 0.03457545420837968,
        "count": 71
      },
      "mexican": {
        "fpr": 0.022727272727272728,
        "fnr": 0.32,
        "fpr_gap": 0.08032616238723109,
        "fnr_gap": 0.11301075268817204,
        "count": 69
      },
      "middle_east": {
        "fpr": 0.05128205128205128,
        "fnr": 0.13333333333333333,
        "fpr_gap": 0.05177138383245254,
        "fnr_gap": 0.07365591397849464,
        "count": 69
      },
      "muslim": {
        "fpr": 0.10256410256410256,
        "fnr": 0.13333333333333333,
        "fpr_gap": 0.0004893325504012613,
        "fnr_gap": 0.07365591397849464,
        "count": 69
      },
      "native_american": {
        "fpr": 0.11904761904761904,
        "fnr": 0.32142857142857145,
        "fpr_gap": 0.01599418393311522,
        "fnr_gap": 0.11443932411674348,
        "count": 70
      },
      "physical_dis": {
        "fpr": 0.07317073170731707,
        "fnr": 0.2222222222222222,
        "fpr_gap": 0.029882703407186753,
        "fnr_gap": 0.015232974910394242,
        "count": 68
      },
      "women": {
        "fpr": 0.19148936170212766,
        "fnr": 0.04,
        "fpr_gap": 0.08843592658762384,
        "fnr_gap": 0.16698924731182796,
        "count": 72
      }
    }
  },
  "per_group_f1": {
    "asian": 0.732142857142857,
    "black": 0.8301435406698565,
    "chinese": 0.8901098901098902,
    "jewish": 0.8478835978835979,
    "latino": 0.7846153846153846,
    "lgbtq": 0.8983666061705988,
    "mental_dis": 0.8681114551083591,
    "mexican": 0.8479804161566709,
    "middle_east": 0.9107758620689654,
    "muslim": 0.882051282051282,
    "native_american": 0.7858391608391608,
    "physical_dis": 0.8588235294117648,
    "women": 0.855653568564555
  }
}