{
  "task": {
    "accuracy": 0.8515625,
    "macro_f1": 0.845391975608965,
    "binary_f1": 0.8145048814504882,
    "auc_roc": 0.9207681810719857,
    "precision": 0.8463768115942029,
    "recall": 0.7849462365591398
  },
  "causal": {
    "cfr": 0.018162393162393164,
    "ctfg": 0.027357717975974083,
    "n_pairs": 936,
    "mean_prob_orig": 0.44425228238105774,
    "mean_prob_cf": 0.4461214244365692,
    "per_group": {
      "asian": {
        "cfr": 0.029411764705882353,
        "ctfg": 0.0460374653339386,
        "count": 68
      },
      "muslim": {
        "cfr": 0.010638297872340425,
        "ctfg": 0.0195142962038517,
        "count": 94
      },
      "disabled": {
        "cfr": 0.06976744186046512,
        "ctfg": 0.04527536407113075,
        "count": 43
      },
      "white": {
        "cfr": 0.04918032786885246,
        "ctfg": 0.06259697675704956,
        "count": 61
      },
      "men": {
        "cfr": 0.013123359580052493,
        "ctfg": 0.02311914972960949,
        "count": 381
      },
      "women": {
        "cfr": 0.0055248618784530384,
        "ctfg": 0.01881810463964939,
        "count": 181
      },
      "jewish": {
        "cfr": 0.046511627906976744,
        "ctfg": 0.03561076521873474,
        "count": 43
      },
      "black": {
        "cfr": 0.0,
        "ctfg": 0.015143778175115585,
        "count": 33
      },
      "gay": {
        "cfr": 0.0,
        "ctfg": 0.007629202213138342,
        "count": 21
      },
      "christian": {
        "cfr": 0.0,
        "ctfg": 0.042816683650016785,
        "count": 11
      }
    }
  },
  "group_fairness": {
    "fped": 0.5835775728401801,
    "fned": 1.1389907951810065,
    "per_group": {
      "asian": {
        "fpr": 0.1282051282051282,
        "fnr": 0.3225806451612903,
        "fpr_gap": 0.02706009003718926,
        "fnr_gap": 0.1075268817204301,
        "count": 70
      },
      "black": {
        "fpr": 0.1794871794871795,
        "fnr": 0.125,
        "fpr_gap": 0.07834214131924055,
        "fnr_gap": 0.09005376344086022,
        "count": 71
      },
      "chinese": {
        "fpr": 0.06666666666666667,
        "fnr": 0.12,
        "fpr_gap": 0.03447837150127227,
        "fnr_gap": 0.09505376344086022,
        "count": 70
      },
      "jewish": {
        "fpr": 0.11904761904761904,
        "fnr": 0.18518518518518517,
        "fpr_gap": 0.017902580879680108,
        "fnr_gap": 0.029868578255675043,
        "count": 69
      },
      "latino": {
        "fpr": 0.17391304347826086,
        "fnr": 0.3333333333333333,
        "fpr_gap": 0.07276800531032193,
        "fnr_gap": 0.1182795698924731,
        "count": 56
      },
      "lgbtq": {
        "fpr": 0.09523809523809523,
        "fnr": 0.2,
        "fpr_gap": 0.0059069429298437,
        "fnr_gap": 0.015053763440860207,
        "count": 72
      },
      "mental_dis": {
        "fpr": 0.14285714285714285,
        "fnr": 0.13793103448275862,
        "fpr_gap": 0.041712104689203916,
        "fnr_gap": 0.0771227289581016,
        "count": 71
      },
      "mexican": {
        "fpr": 0.0,
        "fnr": 0.4,
        "fpr_gap": 0.10114503816793893,
        "fnr_gap": 0.1849462365591398,
        "count": 69
      },
      "middle_east": {
        "fpr": 0.02564102564102564,
        "fnr": 0.16666666666666666,
        "fpr_gap": 0.0755040125269133,
        "fnr_gap": 0.04838709677419356,
        "count": 69
      },
      "muslim": {
        "fpr": 0.10256410256410256,
        "fnr": 0.16666666666666666,
        "fpr_gap": 0.0014190643961636273,
        "fnr_gap": 0.04838709677419356,
        "count": 69
      },
      "native_american": {
        "fpr": 0.09523809523809523,
        "fnr": 0.35714285714285715,
        "fpr_gap": 0.0059069429298437,
        "fnr_gap": 0.14208909370199693,
        "count": 70
      },
      "physical_dis": {
        "fpr": 0.04878048780487805,
        "fnr": 0.2222222222222222,
        "fpr_gap": 0.05236455036306088,
        "fnr_gap": 0.0071684587813619915,
        "count": 68
      },
      "women": {
        "fpr": 0.1702127659574468,
        "fnr": 0.04,
        "fpr_gap": 0.06906772778950787,
        "fnr_gap": 0.1750537634408602,
        "count": 72
      }
    }
  },
  "per_group_f1": {
    "asian": 0.7780596068484464,
    "black": 0.8445771144278607,
    "chinese": 0.9066666666666667,
    "jewish": 0.8478835978835979,
    "latino": 0.7313719219699393,
    "lgbtq": 0.855653568564555,
    "mental_dis": 0.8556910569105691,
    "mexican": 0.8239795918367345,
    "middle_east": 0.909843205574913,
    "muslim": 0.8667667882428663,
    "native_american": 0.7822222222222223,
    "physical_dis": 0.8734883720930232,
    "women": 0.8693284936479129
  }
}