subgroup,subgroup_auc,bpsn_auc,bnsp_auc
male,0.9255643864423553,0.9235021174438367,0.9682315341580784
female,0.9239050042408821,0.9335000926027166,0.9620732954005463
black,0.8445041548489826,0.8540953006176556,0.9646138460452744
white,0.8453386024788935,0.8517790050677423,0.9689956787449951
muslim,0.8713576329284605,0.8738171898606681,0.9677543007612299
jewish,0.8917171717171717,0.9150647173142632,0.9577370803455183
christian,0.9092035178991701,0.949158331158587,0.9368115395356537
homosexual_gay_or_lesbian,0.8256570387717928,0.8513826322688874,0.964316606380276
psychiatric_or_mental_illness,0.9233027175456869,0.9159802447860814,0.968966651609482
