subgroup,subgroup_auc,bpsn_auc,bnsp_auc
male,0.9302511133102425,0.9223930907559955,0.9696895004787465
female,0.9283279615493356,0.9276586525027898,0.9665831484213266
black,0.8484019173674346,0.8331725026407495,0.9723978948147181
white,0.8523574769308557,0.8359631813010653,0.9735333809154039
muslim,0.8540399746570855,0.8560926640926642,0.9688928876494824
jewish,0.8892424242424243,0.8993564257920832,0.9624492625689768
christian,0.9136435580880025,0.946750974966645,0.9417584403341636
homosexual_gay_or_lesbian,0.8472222222222223,0.8514136408140673,0.9675043969027831
psychiatric_or_mental_illness,0.9265221096487075,0.9180414615986177,0.9695936933309766
