{
  "train": [
    0.17020934868454934,
    0.11127091252356767,
    0.0807897748067975,
    0.050592721140757205,
    0.02486124763963744
  ],
  "val": [
    0.12562240460875687,
    0.12103929999432746,
    0.13775590709914828,
    0.16357367412204954,
    0.2078419408633427
  ]
}