{
  "train": [
    0.12129491173326969,
    0.09844579513967038,
    0.10799343166053295,
    0.08848804668188096
  ],
  "val": [
    0.1378505378961563,
    0.16138426205025444,
    0.17247068740521806,
    0.19345342047229597
  ]
}