{
  "train": [
    0.14747535128295422,
    0.11306499258577823,
    0.09426125158071517,
    0.07174791994392872,
    0.042283472592197356
  ],
  "val": [
    0.11764711358501942,
    0.11700154562728314,
    0.12714576504275768,
    0.16189839549456972,
    0.1988285795985898
  ]
}