{
  "train": [
    0.13736802509129048,
    0.11065487249195576,
    0.12060026190280915,
    0.09725530402362347
  ],
  "val": [
    0.1352078707157811,
    0.15732607363334186,
    0.16763170761398122,
    0.19306235524672496
  ]
}