{
  "train": [
    0.22315072961449622,
    0.1635286354780197,
    0.14308819592297078,
    0.12374575788080693,
    0.10274560849070549,
    0.07760337376296521
  ],
  "val": [
    0.12719920169137702,
    0.13066012355722958,
    0.12354778564428981,
    0.1609845489640779,
    0.15933436579719373,
    0.21972210582675814
  ]
}