{
  "train": [
    0.21398726222515108,
    0.16128041087687014,
    0.14080249595046043,
    0.1196571258366108,
    0.09109632305800915
  ],
  "val": [
    0.11966344567982456,
    0.11802832881295228,
    0.12420964335338978,
    0.15945542537713353,
    0.188337597382974
  ]
}