{
  "train": [
    0.15149964017271997,
    0.10960749913454056,
    0.080158840931952,
    0.03900720364134759
  ],
  "val": [
    0.11960171822719513,
    0.12430780615871119,
    0.13843612629137222,
    0.1862732750974643
  ]
}