{
  "train": [
    0.15237189069092275,
    0.11825012991279364,
    0.09858407720029354,
    0.07732132173404098,
    0.0479494493059814
  ],
  "val": [
    0.1781114868012963,
    0.12853220444481084,
    0.1463774537110025,
    0.16185182729249548,
    0.21005001799411074
  ]
}