{
  "train": [
    0.15109888960421086,
    0.11476913919895887,
    0.09605682001560926,
    0.07651668108701706,
    0.04825206197984517
  ],
  "val": [
    0.17081516366570618,
    0.12712957605624656,
    0.1341222831445515,
    0.15796790302843805,
    0.173406998502316
  ]
}